
/*!40101 SET @OLD_CHARACTER_SET_CLIENT=@@CHARACTER_SET_CLIENT */;
/*!40101 SET @OLD_CHARACTER_SET_RESULTS=@@CHARACTER_SET_RESULTS */;
/*!40101 SET @OLD_COLLATION_CONNECTION=@@COLLATION_CONNECTION */;
/*!50503 SET NAMES utf8mb4 */;
/*!40103 SET @OLD_TIME_ZONE=@@TIME_ZONE */;
/*!40103 SET TIME_ZONE='+00:00' */;
/*!40014 SET @OLD_UNIQUE_CHECKS=@@UNIQUE_CHECKS, UNIQUE_CHECKS=0 */;
/*!40014 SET @OLD_FOREIGN_KEY_CHECKS=@@FOREIGN_KEY_CHECKS, FOREIGN_KEY_CHECKS=0 */;
/*!40101 SET @OLD_SQL_MODE=@@SQL_MODE, SQL_MODE='NO_AUTO_VALUE_ON_ZERO' */;
/*!40111 SET @OLD_SQL_NOTES=@@SQL_NOTES, SQL_NOTES=0 */;
DROP TABLE IF EXISTS `defense_arrangements`;
/*!40101 SET @saved_cs_client     = @@character_set_client */;
/*!50503 SET character_set_client = utf8mb4 */;
CREATE TABLE `defense_arrangements` (
  `id` int NOT NULL AUTO_INCREMENT,
  `student_id` varchar(50) NOT NULL,
  `committee_id` int NOT NULL,
  `defense_time` datetime NOT NULL COMMENT '答辩时间',
  `location` varchar(100) NOT NULL COMMENT '答辩地点',
  `duration` int DEFAULT '30' COMMENT '答辩时长(分钟)',
  `status` enum('pending','in_progress','completed','cancelled') DEFAULT 'pending',
  `notes` text COMMENT '备注',
  `created_at` datetime DEFAULT CURRENT_TIMESTAMP,
  `updated_at` datetime DEFAULT CURRENT_TIMESTAMP ON UPDATE CURRENT_TIMESTAMP,
  PRIMARY KEY (`id`),
  UNIQUE KEY `unique_student_defense` (`student_id`),
  KEY `committee_id` (`committee_id`),
  CONSTRAINT `defense_arrangements_ibfk_1` FOREIGN KEY (`student_id`) REFERENCES `students` (`student_id`),
  CONSTRAINT `defense_arrangements_ibfk_2` FOREIGN KEY (`committee_id`) REFERENCES `defense_committee` (`id`)
) ENGINE=InnoDB AUTO_INCREMENT=7 DEFAULT CHARSET=utf8mb4 COLLATE=utf8mb4_0900_ai_ci COMMENT='答辩安排表';
/*!40101 SET character_set_client = @saved_cs_client */;

LOCK TABLES `defense_arrangements` WRITE;
/*!40000 ALTER TABLE `defense_arrangements` DISABLE KEYS */;
INSERT INTO `defense_arrangements` VALUES (1,'S2024105',2,'2024-12-31 22:21:59','A阶203',30,'completed','记得按时到达','2024-12-29 22:21:05','2024-12-30 01:09:22'),(2,'S2024107',2,'2024-12-30 00:03:00','C403',30,'completed','到场','2024-12-30 20:26:22','2024-12-30 20:33:50'),(3,'S2024084',2,'2025-01-01 00:03:00','D203',30,'completed','2025新年快乐！','2025-01-01 13:38:47','2025-01-01 13:46:35'),(4,'S2024117',2,'2025-01-02 00:03:00','C305',30,'completed','faiwuflwhguoa','2025-01-02 00:42:19','2025-01-02 00:45:10'),(5,'S2024020',2,'2025-01-02 00:03:00','D阶102',30,'completed','123456','2025-01-02 09:17:42','2025-01-02 09:25:58'),(6,'S2024127',2,'2025-01-02 00:03:00','D阶102',30,'pending','12345678','2025-01-02 09:53:26','2025-01-02 09:53:26');
/*!40000 ALTER TABLE `defense_arrangements` ENABLE KEYS */;
UNLOCK TABLES;
DROP TABLE IF EXISTS `defense_committee`;
/*!40101 SET @saved_cs_client     = @@character_set_client */;
/*!50503 SET character_set_client = utf8mb4 */;
CREATE TABLE `defense_committee` (
  `id` int NOT NULL AUTO_INCREMENT,
  `name` varchar(100) NOT NULL COMMENT '答辩委员会名称',
  `chairman_id` varchar(20) NOT NULL COMMENT '主席ID',
  `secretary_id` varchar(20) NOT NULL COMMENT '秘书ID',
  `member1_id` varchar(20) NOT NULL COMMENT '委员1',
  `member2_id` varchar(20) NOT NULL COMMENT '委员2',
  `member3_id` varchar(20) NOT NULL COMMENT '委员3',
  `created_at` datetime DEFAULT CURRENT_TIMESTAMP,
  `updated_at` datetime DEFAULT CURRENT_TIMESTAMP ON UPDATE CURRENT_TIMESTAMP,
  PRIMARY KEY (`id`),
  KEY `chairman_id` (`chairman_id`),
  KEY `secretary_id` (`secretary_id`),
  KEY `member1_id` (`member1_id`),
  KEY `member2_id` (`member2_id`),
  KEY `member3_id` (`member3_id`),
  CONSTRAINT `defense_committee_ibfk_1` FOREIGN KEY (`chairman_id`) REFERENCES `users` (`user_id`),
  CONSTRAINT `defense_committee_ibfk_2` FOREIGN KEY (`secretary_id`) REFERENCES `users` (`user_id`),
  CONSTRAINT `defense_committee_ibfk_3` FOREIGN KEY (`member1_id`) REFERENCES `users` (`user_id`),
  CONSTRAINT `defense_committee_ibfk_4` FOREIGN KEY (`member2_id`) REFERENCES `users` (`user_id`),
  CONSTRAINT `defense_committee_ibfk_5` FOREIGN KEY (`member3_id`) REFERENCES `users` (`user_id`)
) ENGINE=InnoDB AUTO_INCREMENT=5 DEFAULT CHARSET=utf8mb4 COLLATE=utf8mb4_0900_ai_ci COMMENT='答辩委员会表';
/*!40101 SET character_set_client = @saved_cs_client */;

LOCK TABLES `defense_committee` WRITE;
/*!40000 ALTER TABLE `defense_committee` DISABLE KEYS */;
INSERT INTO `defense_committee` VALUES (2,'计算机科学与技术学院答辩委员会','T2024001','T2024003','T2024009','T2024008','T2024006','2024-12-29 22:17:53','2024-12-29 22:46:33'),(4,'电子信息工程学院答辩委员会','T2024012','T2024011','T2024005','T2024026','T2024017','2025-01-01 13:51:41','2025-01-01 13:52:36');
/*!40000 ALTER TABLE `defense_committee` ENABLE KEYS */;
UNLOCK TABLES;
DROP TABLE IF EXISTS `defense_scores`;
/*!40101 SET @saved_cs_client     = @@character_set_client */;
/*!50503 SET character_set_client = utf8mb4 */;
CREATE TABLE `defense_scores` (
  `id` int NOT NULL AUTO_INCREMENT,
  `arrangement_id` int NOT NULL,
  `teacher_id` varchar(20) NOT NULL,
  `presentation_score` decimal(5,2) DEFAULT NULL COMMENT '答辩陈述分数',
  `qa_score` decimal(5,2) DEFAULT NULL COMMENT '问答表现分数',
  `innovation_score` decimal(5,2) DEFAULT NULL COMMENT '创新性分数',
  `completion_score` decimal(5,2) DEFAULT NULL COMMENT '完成度分数',
  `total_score` decimal(5,2) DEFAULT NULL COMMENT '总分',
  `comments` text COMMENT '评语',
  `revision_requirements` text COMMENT '修改要求',
  `result` enum('pass','fail','revision_needed') DEFAULT NULL COMMENT '评定结果',
  `created_at` datetime DEFAULT CURRENT_TIMESTAMP,
  `updated_at` datetime DEFAULT CURRENT_TIMESTAMP ON UPDATE CURRENT_TIMESTAMP,
  PRIMARY KEY (`id`),
  UNIQUE KEY `unique_defense_teacher` (`arrangement_id`,`teacher_id`),
  KEY `teacher_id` (`teacher_id`),
  CONSTRAINT `defense_scores_ibfk_1` FOREIGN KEY (`arrangement_id`) REFERENCES `defense_arrangements` (`id`),
  CONSTRAINT `defense_scores_ibfk_2` FOREIGN KEY (`teacher_id`) REFERENCES `users` (`user_id`)
) ENGINE=InnoDB AUTO_INCREMENT=34 DEFAULT CHARSET=utf8mb4 COLLATE=utf8mb4_0900_ai_ci COMMENT='答辩评分及结果表';
/*!40101 SET character_set_client = @saved_cs_client */;

LOCK TABLES `defense_scores` WRITE;
/*!40000 ALTER TABLE `defense_scores` DISABLE KEYS */;
INSERT INTO `defense_scores` VALUES (3,1,'T2024003',78.00,98.00,95.00,75.00,86.50,'faslgjnaletjlat','glsiugstnliges','pass','2024-12-30 00:31:00','2024-12-30 00:31:00'),(4,1,'T2024006',89.00,87.00,65.00,45.00,71.50,'UK胡夫人语法结构iu蓝色有天然地基、\n·i','ikggutfbykjyfu','pass','2024-12-30 00:48:22','2024-12-30 00:48:22'),(5,1,'T2024008',89.00,65.00,78.00,45.00,69.25,'23faligrnlseitgae','arogealgnwoestga','pass','2024-12-30 00:57:08','2024-12-30 00:57:08'),(6,1,'T2024009',89.00,87.00,65.00,86.00,81.75,'laruigheoriugeriger','fisfhikgoiearoiaer','pass','2024-12-30 00:57:35','2024-12-30 00:57:35'),(12,1,'T2024001',89.00,54.00,98.00,45.00,71.50,'fsalfiugeagi','agaergsgjns','pass','2024-12-30 01:09:22','2024-12-30 01:09:22'),(13,2,'T2024001',98.00,89.00,98.00,65.00,87.50,'1111111111','1111111112','pass','2024-12-30 20:29:03','2024-12-30 20:29:03'),(14,2,'T2024003',78.00,89.00,67.00,86.00,80.00,'123456879323','88888888800','pass','2024-12-30 20:29:38','2024-12-30 20:29:38'),(15,2,'T2024006',95.00,100.00,100.00,86.00,95.25,'agkuaerhgahuaeaeigrduliaeglhaeliaerliag','噶诶卡个哈儿瑞哈鳄梨、','pass','2024-12-30 20:30:16','2024-12-30 20:30:16'),(16,2,'T2024008',89.00,69.00,86.00,86.00,82.50,'sfkjalsaflfhluiraluar','fdldgnkaeruilaeuila','pass','2024-12-30 20:30:40','2024-12-30 20:30:40'),(18,2,'T2024009',89.00,68.00,89.00,68.00,78.50,'segkhagrhkarluiagrlag','dgilusfdhieshulstoae','pass','2024-12-30 20:33:50','2024-12-30 20:33:50'),(19,3,'T2024001',78.00,98.00,68.00,78.00,80.50,'fkhafhareluialuiaer','galjksfdljgdojagioerser','pass','2025-01-01 13:42:18','2025-01-01 13:42:18'),(20,3,'T2024003',78.00,100.00,86.00,78.00,85.50,'grkjlaelagrlagljaer','grlksgtlhlhusloae','pass','2025-01-01 13:42:44','2025-01-01 13:42:44'),(21,3,'T2024006',78.00,68.00,78.00,98.00,80.50,'bgdljdhugioaegoesr','lsgdhaeuiaeruliaeoulaer','pass','2025-01-01 13:43:04','2025-01-01 13:43:04'),(22,3,'T2024008',89.00,78.00,68.00,78.00,78.25,'dfkldfsalialaer','kdihkagiulaluialioar','pass','2025-01-01 13:44:49','2025-01-01 13:44:49'),(23,3,'T2024009',78.00,98.00,68.00,88.00,83.00,'gkjshgidusgeiglear','gluserluigaeoiawr','pass','2025-01-01 13:46:35','2025-01-01 13:46:35'),(24,4,'T2024001',89.00,98.00,68.00,78.00,83.25,'fkawfhliawrufwjaloi','friugawhlguierla','pass','2025-01-02 00:43:26','2025-01-02 00:43:26'),(25,4,'T2024003',89.00,68.00,78.00,68.00,75.75,'falrhifhawugoajieo','fhwlaiugrajgkarel','pass','2025-01-02 00:43:58','2025-01-02 00:43:58'),(26,4,'T2024006',98.00,68.00,78.00,96.00,85.00,'saflisgurajgluiarhli','frkaghawrlfkarfjawl','pass','2025-01-02 00:44:20','2025-01-02 00:44:20'),(27,4,'T2024008',100.00,86.00,78.00,68.00,83.00,'rkfuglargjoauale','fiaerglarljgaegoa','pass','2025-01-02 00:44:48','2025-01-02 00:44:48'),(28,4,'T2024009',89.00,68.00,98.00,89.00,86.00,'fwkfwaglargaehl','fkwauhflawuifaerjl','pass','2025-01-02 00:45:10','2025-01-02 00:45:10'),(29,5,'T2024001',88.00,78.00,68.00,78.00,78.00,'46532','65312','pass','2025-01-02 09:22:29','2025-01-02 09:22:29'),(30,5,'T2024003',89.00,87.00,98.00,68.00,85.50,'flarugearoiogoi','ferghiulgjgaoer','pass','2025-01-02 09:23:12','2025-01-02 09:23:12'),(31,5,'T2024006',87.00,100.00,78.00,86.00,87.75,'frlgiuiahglaergk','gwraliguawrhlgoiar','pass','2025-01-02 09:24:22','2025-01-02 09:24:22'),(32,5,'T2024008',78.00,68.00,68.00,78.00,73.00,'fhriaghlaegio','firlguahgluiaige','pass','2025-01-02 09:25:17','2025-01-02 09:25:17'),(33,5,'T2024009',98.00,68.00,78.00,68.00,78.00,'flihraugarhlguia','fariglufliaragr','pass','2025-01-02 09:25:58','2025-01-02 09:25:58');
/*!40000 ALTER TABLE `defense_scores` ENABLE KEYS */;
UNLOCK TABLES;
/*!50003 SET @saved_cs_client      = @@character_set_client */ ;
/*!50003 SET @saved_cs_results     = @@character_set_results */ ;
/*!50003 SET @saved_col_connection = @@collation_connection */ ;
/*!50003 SET character_set_client  = utf8mb4 */ ;
/*!50003 SET character_set_results = utf8mb4 */ ;
/*!50003 SET collation_connection  = utf8mb4_0900_ai_ci */ ;
/*!50003 SET @saved_sql_mode       = @@sql_mode */ ;
/*!50003 SET sql_mode              = 'ONLY_FULL_GROUP_BY,STRICT_TRANS_TABLES,NO_ZERO_IN_DATE,NO_ZERO_DATE,ERROR_FOR_DIVISION_BY_ZERO,NO_ENGINE_SUBSTITUTION' */ ;
DELIMITER ;;
/*!50003 CREATE*/ /*!50017 DEFINER=`root`@`localhost`*/ /*!50003 TRIGGER `before_defense_score_insert` BEFORE INSERT ON `defense_scores` FOR EACH ROW BEGIN
    -- 计算单个评委的总分
    SET NEW.total_score = (NEW.presentation_score + NEW.qa_score +
                          NEW.innovation_score + NEW.completion_score) / 4;

    -- 设置默认的评定结果
    SET NEW.result = IF(NEW.total_score >= 60, 'pass', 'fail');
END */;;
DELIMITER ;
/*!50003 SET sql_mode              = @saved_sql_mode */ ;
/*!50003 SET character_set_client  = @saved_cs_client */ ;
/*!50003 SET character_set_results = @saved_cs_results */ ;
/*!50003 SET collation_connection  = @saved_col_connection */ ;
/*!50003 SET @saved_cs_client      = @@character_set_client */ ;
/*!50003 SET @saved_cs_results     = @@character_set_results */ ;
/*!50003 SET @saved_col_connection = @@collation_connection */ ;
/*!50003 SET character_set_client  = utf8mb4 */ ;
/*!50003 SET character_set_results = utf8mb4 */ ;
/*!50003 SET collation_connection  = utf8mb4_0900_ai_ci */ ;
/*!50003 SET @saved_sql_mode       = @@sql_mode */ ;
/*!50003 SET sql_mode              = 'ONLY_FULL_GROUP_BY,STRICT_TRANS_TABLES,NO_ZERO_IN_DATE,NO_ZERO_DATE,ERROR_FOR_DIVISION_BY_ZERO,NO_ENGINE_SUBSTITUTION' */ ;
DELIMITER ;;
/*!50003 CREATE*/ /*!50017 DEFINER=`root`@`localhost`*/ /*!50003 TRIGGER `after_defense_score_complete` AFTER INSERT ON `defense_scores` FOR EACH ROW BEGIN
    DECLARE total_members INT;
    DECLARE scored_members INT;

    -- 获取已评分的委员数量
    SELECT COUNT(*) INTO scored_members
    FROM defense_scores
    WHERE arrangement_id = NEW.arrangement_id;

    -- 当所有委员都评分完成后，更新答辩状态为已完成
    IF scored_members = 5 THEN
        UPDATE defense_arrangements
        SET status = 'completed',
            updated_at = CURRENT_TIMESTAMP
        WHERE id = NEW.arrangement_id;
    END IF;
END */;;
DELIMITER ;
/*!50003 SET sql_mode              = @saved_sql_mode */ ;
/*!50003 SET character_set_client  = @saved_cs_client */ ;
/*!50003 SET character_set_results = @saved_cs_results */ ;
/*!50003 SET collation_connection  = @saved_col_connection */ ;
DROP TABLE IF EXISTS `literature_reviews`;
/*!40101 SET @saved_cs_client     = @@character_set_client */;
/*!50503 SET character_set_client = utf8mb4 */;
CREATE TABLE `literature_reviews` (
  `id` int NOT NULL AUTO_INCREMENT,
  `student_id` varchar(50) NOT NULL,
  `teacher_id` varchar(20) NOT NULL,
  `file_url` varchar(255) DEFAULT NULL COMMENT '文献综述文件路径',
  `status` enum('not_started','in_progress','reviewing','revision_needed','completed') DEFAULT 'not_started',
  `submit_time` datetime DEFAULT NULL COMMENT '提交时间',
  `review_time` datetime DEFAULT NULL COMMENT '评阅时间',
  `content_score` decimal(5,2) DEFAULT NULL COMMENT '内容完整性分数',
  `analysis_score` decimal(5,2) DEFAULT NULL COMMENT '分析深度分数',
  `structure_score` decimal(5,2) DEFAULT NULL COMMENT '结构逻辑分数',
  `writing_score` decimal(5,2) DEFAULT NULL COMMENT '写作规范分数',
  `total_score` decimal(5,2) DEFAULT NULL COMMENT '总分',
  `content_comment` text COMMENT '内容评价',
  `improvement_suggestions` text COMMENT '改进建议',
  `general_comment` text COMMENT '总体评语',
  `version` int DEFAULT '1' COMMENT '提交版本',
  `created_at` datetime DEFAULT CURRENT_TIMESTAMP,
  `updated_at` datetime DEFAULT CURRENT_TIMESTAMP ON UPDATE CURRENT_TIMESTAMP,
  PRIMARY KEY (`id`),
  UNIQUE KEY `unique_student_version` (`student_id`,`version`),
  KEY `idx_teacher` (`teacher_id`),
  CONSTRAINT `fk_literature_student` FOREIGN KEY (`student_id`) REFERENCES `students` (`student_id`) ON DELETE CASCADE,
  CONSTRAINT `fk_literature_teacher` FOREIGN KEY (`teacher_id`) REFERENCES `users` (`user_id`)
) ENGINE=InnoDB AUTO_INCREMENT=23 DEFAULT CHARSET=utf8mb4 COLLATE=utf8mb4_0900_ai_ci COMMENT='文献综述评阅表';
/*!40101 SET character_set_client = @saved_cs_client */;

LOCK TABLES `literature_reviews` WRITE;
/*!40000 ALTER TABLE `literature_reviews` DISABLE KEYS */;
INSERT INTO `literature_reviews` VALUES (2,'S2024105','T2024017','uploads/literature/S2024105_1734364294623.pdf','completed','2024-12-16 23:51:34','2024-12-16 23:35:56',90.00,92.00,90.00,95.00,91.75,'一般','下次努力','善！',1,'2024-12-16 22:17:52','2025-01-02 08:48:33'),(5,'S2024107','T2024001','uploads/literature/S2024107_literature.docx','completed','2024-12-30 15:48:31',NULL,85.00,85.00,85.00,95.00,87.50,'fsaukyheglijwnt','lgiluehgolagaelskg','fegrsligjtslihstjnh',1,'2024-12-30 15:48:23','2025-01-02 09:45:24'),(7,'S2024115','T2024001','uploads/literature/S2024115_literature.docx','completed','2024-12-31 13:55:21',NULL,78.00,89.00,68.00,87.00,80.50,'dfslkfdbafdiulia','aikkgauliaegaer','aefkuasfhigaer',1,'2024-12-31 13:54:16','2024-12-31 15:12:08'),(9,'S2024084','T2024001','uploads/literature/S2024084_literature.docx','completed','2024-12-31 17:27:52',NULL,86.00,90.00,89.00,87.00,88.00,'66666666666','44444444445','555555888888',1,'2024-12-31 17:23:46','2025-01-01 13:46:46'),(11,'S2024117','T2024001','uploads/literature/S2024117_literature.pdf','completed','2025-01-02 00:30:44',NULL,78.00,89.00,78.00,98.00,85.75,'asflhaluiraorula','agliuagrhulaelre','estgahuliaeraer',1,'2025-01-02 00:30:30','2025-01-02 00:45:17'),(16,'S2024020','T2024001','uploads/literature/S2024020_literature.pdf','completed','2025-01-02 08:44:47',NULL,86.00,86.00,87.00,87.00,86.50,'sgbkarhglerogljw.','dflwirgjeariogael','rgwlgiragjeorg',1,'2025-01-02 08:44:31','2025-01-02 09:17:49'),(20,'S2024127','T2024008','uploads/literature/S2024127_literature.pdf','completed','2025-01-02 09:41:16',NULL,89.00,78.00,87.00,88.00,85.50,'frlaighaligra','frrilguahliuar','grkigharulir',1,'2025-01-02 09:40:43','2025-01-02 09:53:29'),(22,'S2024104','T2024006',NULL,'not_started',NULL,NULL,NULL,NULL,NULL,NULL,NULL,NULL,NULL,NULL,1,'2025-01-02 09:46:25','2025-01-02 09:46:25');
/*!40000 ALTER TABLE `literature_reviews` ENABLE KEYS */;
UNLOCK TABLES;
DROP TABLE IF EXISTS `midterm_reports`;
/*!40101 SET @saved_cs_client     = @@character_set_client */;
/*!50503 SET character_set_client = utf8mb4 */;
CREATE TABLE `midterm_reports` (
  `id` int NOT NULL AUTO_INCREMENT,
  `student_id` varchar(50) NOT NULL,
  `file_url` varchar(255) DEFAULT NULL COMMENT '文件URL',
  `file_size` bigint DEFAULT NULL COMMENT '文件大小(字节)',
  `submit_time` datetime DEFAULT NULL COMMENT '提交时间',
  `version` int NOT NULL DEFAULT '1' COMMENT '版本号',
  `research_progress_score` decimal(5,2) DEFAULT NULL COMMENT '研究进度分数',
  `technical_ability_score` decimal(5,2) DEFAULT NULL COMMENT '技术掌握分数',
  `work_attitude_score` decimal(5,2) DEFAULT NULL COMMENT '工作态度分数',
  `total_score` decimal(5,2) DEFAULT NULL COMMENT '总分',
  `progress_comment` text COMMENT '进度评语',
  `technical_comment` text COMMENT '技术评语',
  `attitude_comment` text COMMENT '态度评语',
  `improvement_suggestions` text COMMENT '改进建议',
  `status` enum('pending','reviewing','revision_needed','completed') DEFAULT 'pending',
  `teacher_id` varchar(20) DEFAULT NULL COMMENT '评审教师ID',
  `review_time` datetime DEFAULT NULL COMMENT '评审时间',
  `created_at` datetime DEFAULT CURRENT_TIMESTAMP,
  `updated_at` datetime DEFAULT CURRENT_TIMESTAMP ON UPDATE CURRENT_TIMESTAMP,
  PRIMARY KEY (`id`),
  KEY `idx_student_status` (`student_id`,`status`),
  KEY `idx_teacher_id` (`teacher_id`),
  CONSTRAINT `midterm_reports_ibfk_1` FOREIGN KEY (`student_id`) REFERENCES `students` (`student_id`) ON DELETE CASCADE,
  CONSTRAINT `midterm_reports_ibfk_2` FOREIGN KEY (`teacher_id`) REFERENCES `users` (`user_id`)
) ENGINE=InnoDB AUTO_INCREMENT=10 DEFAULT CHARSET=utf8mb4 COLLATE=utf8mb4_0900_ai_ci COMMENT='中期报告表';
/*!40101 SET character_set_client = @saved_cs_client */;

LOCK TABLES `midterm_reports` WRITE;
/*!40000 ALTER TABLE `midterm_reports` DISABLE KEYS */;
INSERT INTO `midterm_reports` VALUES (3,'S2024105','uploads/midterm/S2024105_midterm.docx',12262,'2024-12-19 11:02:01',3,85.00,87.00,94.00,88.67,'akshbfskijg','fsghlidgnsliek','dfkgisbgiej','','completed','T2024017','2024-12-28 18:30:35','2024-12-19 10:56:15','2024-12-28 18:30:35'),(4,'S2024107','uploads/midterm/S2024107_midterm.docx',NULL,'2024-12-30 17:08:24',1,85.00,96.00,86.00,89.00,'fasiugalitgoest','saagraloigroiaer','ikagdhulagdhagruhliare','','completed','T2024001','2024-12-30 17:09:43','2024-12-30 17:08:24','2024-12-30 19:16:59'),(5,'S2024115','uploads/midterm/S2024115_midterm.docx',NULL,'2024-12-31 14:02:28',1,85.00,87.00,98.00,90.00,'ksafjkhfahkarliaf','fikhgraeuligaerg','dfaskguaehugliae','','completed','T2024001','2024-12-31 14:03:21','2024-12-31 14:02:28','2024-12-31 14:03:21'),(6,'S2024084','uploads/midterm/S2024084_midterm.pdf',NULL,'2024-12-31 17:31:38',1,100.00,87.00,68.00,85.00,'glsghguisgrlurelar','fiufaerhagrulier','fiekghulgaea','','completed','T2024001','2024-12-31 17:32:24','2024-12-31 17:31:38','2024-12-31 17:32:24'),(7,'S2024117',NULL,NULL,'2025-01-02 00:36:23',1,78.00,98.00,78.00,84.67,'saflhuiahufawigaro;','fwhlairugarigjaoeo','fawhirufhlawriagiw','','completed','T2024001','2025-01-02 00:37:08','2025-01-02 00:35:31','2025-01-02 00:37:08'),(8,'S2024020','uploads/midterm/S2024020_midterm.pdf',NULL,'2025-01-02 09:06:42',1,89.00,88.00,68.00,81.67,'fslrauigahgluiaerjlio','filwuarfho;arijf;ori','filwaurgaherluigajro','','completed','T2024001','2025-01-02 09:07:25','2025-01-02 09:03:18','2025-01-02 09:07:25'),(9,'S2024127','uploads/midterm/S2024127_midterm.pdf',NULL,'2025-01-02 09:48:28',1,78.00,89.00,78.00,81.67,'glrigaefrkaugyar','fkugguliaeg','faerkgarehligae','','completed','T2024008','2025-01-02 09:48:45','2025-01-02 09:48:28','2025-01-02 09:48:45');
/*!40000 ALTER TABLE `midterm_reports` ENABLE KEYS */;
UNLOCK TABLES;
DROP TABLE IF EXISTS `next_stage_queue`;
/*!40101 SET @saved_cs_client     = @@character_set_client */;
/*!50503 SET character_set_client = utf8mb4 */;
CREATE TABLE `next_stage_queue` (
  `id` int NOT NULL AUTO_INCREMENT,
  `student_id` varchar(50) NOT NULL,
  `current_stage_type` varchar(50) NOT NULL,
  `next_stage_type` varchar(50) NOT NULL,
  `created_at` datetime DEFAULT CURRENT_TIMESTAMP,
  `processed` tinyint(1) DEFAULT '0',
  PRIMARY KEY (`id`),
  KEY `processed` (`processed`)
) ENGINE=InnoDB AUTO_INCREMENT=12 DEFAULT CHARSET=utf8mb4 COLLATE=utf8mb4_0900_ai_ci;
/*!40101 SET character_set_client = @saved_cs_client */;

LOCK TABLES `next_stage_queue` WRITE;
/*!40000 ALTER TABLE `next_stage_queue` DISABLE KEYS */;
/*!40000 ALTER TABLE `next_stage_queue` ENABLE KEYS */;
UNLOCK TABLES;
DROP TABLE IF EXISTS `progress_records`;
/*!40101 SET @saved_cs_client     = @@character_set_client */;
/*!50503 SET character_set_client = utf8mb4 */;
CREATE TABLE `progress_records` (
  `id` int NOT NULL AUTO_INCREMENT,
  `student_id` varchar(50) NOT NULL,
  `stage_type` enum('task_book','literature','proposal','translation','midterm','thesis_submit','advisor_review','peer_review','defense') NOT NULL COMMENT '阶段类型',
  `status` enum('not_started','in_progress','reviewing','revision_needed','completed','overdue') DEFAULT 'not_started' COMMENT '状态',
  `file_url` varchar(255) DEFAULT NULL COMMENT '提交的文件URL',
  `teacher_comment` text COMMENT '教师评语',
  `score` decimal(5,2) DEFAULT NULL COMMENT '分数',
  `submit_time` datetime DEFAULT NULL COMMENT '提交时间',
  `review_time` datetime DEFAULT NULL COMMENT '审核时间',
  `deadline` datetime DEFAULT NULL COMMENT '截止时间',
  `created_at` datetime DEFAULT CURRENT_TIMESTAMP,
  `updated_at` datetime DEFAULT CURRENT_TIMESTAMP ON UPDATE CURRENT_TIMESTAMP,
  PRIMARY KEY (`id`),
  UNIQUE KEY `unique_student_stage` (`student_id`,`stage_type`),
  CONSTRAINT `progress_records_ibfk_1` FOREIGN KEY (`student_id`) REFERENCES `students` (`student_id`) ON DELETE CASCADE
) ENGINE=InnoDB AUTO_INCREMENT=4610 DEFAULT CHARSET=utf8mb4 COLLATE=utf8mb4_0900_ai_ci COMMENT='学生进度记录表';
/*!40101 SET character_set_client = @saved_cs_client */;

LOCK TABLES `progress_records` WRITE;
/*!40000 ALTER TABLE `progress_records` DISABLE KEYS */;
INSERT INTO `progress_records` VALUES (21,'S2024104','task_book','completed','files/S2024104/task_book.pdf','123456',100.00,'2024-03-01 10:00:00','2024-12-16 18:59:37','2024-03-05 23:59:59','2024-12-16 16:10:28','2024-12-16 18:59:37'),(22,'S2024104','literature','completed','files/S2024104/literature.pdf','文献综述全面,分析到位',88.00,'2024-03-10 10:00:00','2024-03-11 14:00:00','2024-03-15 23:59:59','2024-12-16 16:10:28','2024-12-16 16:10:28'),(23,'S2024104','proposal','completed','files/S2024104/proposal.pdf','开题报告思路清晰,可行性强',90.00,'2024-03-20 10:00:00','2024-03-21 14:00:00','2024-03-25 23:59:59','2024-12-16 16:10:28','2024-12-16 16:10:28'),(24,'S2024104','translation','in_progress','files/S2024104/translation.pdf',NULL,NULL,'2024-04-01 10:00:00',NULL,'2024-04-05 23:59:59','2024-12-16 16:10:28','2024-12-16 16:10:28'),(25,'S2024105','task_book','completed',NULL,'123456',100.00,NULL,'2024-12-16 21:07:14','2024-03-20 23:59:59','2024-12-16 16:26:49','2024-12-16 21:07:14'),(26,'S2024105','literature','completed','uploads\\literature\\S2024105_1734364294623.pdf','善！',91.75,'2024-12-16 23:51:34','2024-12-16 23:51:42',NULL,'2024-12-16 21:07:59','2024-12-16 23:51:42'),(40,'S2024105','proposal','completed','uploads/proposal/S2024105_1734525570922.pdf','dhgk',84.25,'2024-12-18 20:39:30','2024-12-18 22:07:06',NULL,'2024-12-16 23:26:19','2024-12-18 22:07:06'),(3948,'S2024105','translation','completed','uploads/translation/S2024105_translation_1734536498995.docx','fthydtkdmd',83.33,'2024-12-18 23:44:11','2024-12-19 10:13:41',NULL,'2024-12-18 21:32:49','2024-12-19 10:13:41'),(4371,'S2024105','midterm','completed','uploads/midterm/S2024105_midterm.docx','研究进度(85分)：akshbfskijg\n技术掌握(87分)：fsghlidgnsliek\n工作态度(94分)：dfkgisbgiej',88.67,'2024-12-19 11:02:01','2024-12-28 18:30:35',NULL,'2024-12-19 10:06:19','2024-12-28 20:09:27'),(4377,'S2024105','thesis_submit','completed','uploads/thesis_submit/S2024105_thesis_submit.docx','approved',100.00,'2024-12-28 23:07:26','2024-12-29 13:57:32',NULL,'2024-12-28 18:31:19','2024-12-29 14:01:47'),(4392,'S2024105','advisor_review','completed',NULL,'gdhfjgkhjhgdtxhck',75.75,NULL,'2024-12-29 20:38:18',NULL,'2024-12-29 12:06:51','2024-12-29 20:38:18'),(4395,'S2024105','peer_review','completed',NULL,'代发染色体答复看过，j\n\nsglnsjtgkstrj\n\n6451615sdkagusinhl',64.17,NULL,'2024-12-29 21:17:07',NULL,'2024-12-29 19:48:10','2024-12-29 21:17:07'),(4397,'S2024105','defense','completed',NULL,'答辩评分意见：\nfsalfiugeagi\nfaslgjnaletjlat\nUK胡夫人语法结构iu蓝色有天然地基、\n·i\n23faligrnlseitgae\nlaruigheoriugeriger\n\n修改要求：\nagaergsgjns\nglsiugstnliges\nikggutfbykjyfu\narogealgnwoestga\nfisfhikgoiearoiaer\n\n最终结果：通过',76.10,NULL,'2024-12-30 01:09:22',NULL,'2024-12-29 20:01:30','2024-12-30 01:09:22'),(4413,'S2024107','task_book','completed',NULL,'123456',100.00,NULL,'2024-12-31 17:22:58','2025-01-06 14:50:17','2024-12-30 14:50:17','2024-12-31 17:22:58'),(4414,'S2024107','literature','completed','uploads/literature/S2024107_literature.docx','fegrsligjtslihstjnh',87.50,'2024-12-30 15:48:31','2025-01-02 00:31:42',NULL,'2024-12-30 15:47:44','2025-01-02 00:31:42'),(4417,'S2024107','proposal','completed','uploads/proposal/S2024107_proposal.docx','',90.50,'2024-12-30 16:08:51','2025-01-02 00:32:42',NULL,'2024-12-30 16:08:15','2025-01-02 00:32:42'),(4420,'S2024107','translation','in_progress','uploads/translation/S2024107_translation.docx','wfaliuaerhlegluaetg',87.00,'2024-12-30 16:44:29','2024-12-30 19:16:56',NULL,'2024-12-30 16:43:34','2025-01-02 00:32:42'),(4423,'S2024107','midterm','completed','uploads/midterm/S2024107_midterm.docx','研究进度(85分)：fasiugalitgoest\n技术掌握(96分)：saagraloigroiaer\n工作态度(86分)：ikagdhulagdhagruhliare',89.00,'2024-12-30 17:08:24','2024-12-30 19:16:59',NULL,'2024-12-30 17:00:29','2024-12-30 19:16:59'),(4426,'S2024107','thesis_submit','completed','uploads/thesis_submit/S2024107_thesis_submit.pdf','approved',100.00,'2024-12-30 17:27:18','2024-12-30 19:17:05',NULL,'2024-12-30 17:09:44','2024-12-30 19:17:28'),(4434,'S2024107','advisor_review','completed',NULL,'1234568790',92.25,NULL,'2024-12-30 19:27:10',NULL,'2024-12-30 17:28:27','2024-12-30 19:27:10'),(4442,'S2024107','peer_review','completed',NULL,'9999999990\n\n8888888800\n\n7777777770',83.75,NULL,'2024-12-30 19:43:49',NULL,'2024-12-30 19:27:11','2024-12-30 19:43:49'),(4444,'S2024107','defense','completed',NULL,'答辩评分意见：\n1111111111\n123456879323\nagkuaerhgahuaeaeigrduliaeglhaeliaerliag\nsfkjalsaflfhluiraluar\nsegkhagrhkarluiagrlag\n\n修改要求：\n1111111112\n88888888800\n噶诶卡个哈儿瑞哈鳄梨、\nfdldgnkaeruilaeuila\ndgilusfdhieshulstoae\n\n最终结果：通过',84.75,NULL,'2024-12-30 20:33:50',NULL,'2024-12-30 19:43:49','2024-12-30 20:33:50'),(4452,'S2024114','task_book','in_progress',NULL,NULL,NULL,NULL,NULL,'2025-01-07 13:24:36','2024-12-31 13:24:36','2024-12-31 13:26:01'),(4453,'S2024115','task_book','completed',NULL,'1234567890',100.00,NULL,'2024-12-31 13:53:51','2025-01-07 13:51:22','2024-12-31 13:51:22','2024-12-31 13:53:51'),(4454,'S2024115','literature','completed','uploads/literature/S2024115_literature.docx','aefkuasfhigaer',80.50,'2024-12-31 13:55:21','2024-12-31 13:55:42',NULL,'2024-12-31 13:53:51','2024-12-31 13:55:42'),(4457,'S2024115','proposal','completed','uploads/proposal/S2024115_proposal.docx','agliuarghuliawrgljaer',87.25,'2024-12-31 13:56:40','2024-12-31 14:00:03',NULL,'2024-12-31 13:55:43','2024-12-31 14:00:03'),(4460,'S2024115','translation','completed','uploads/translation/S2024115_translation.docx','faeliguearlgl',87.67,'2024-12-31 14:01:25','2024-12-31 14:02:01',NULL,'2024-12-31 14:00:04','2024-12-31 14:02:01'),(4463,'S2024115','midterm','completed','uploads/midterm/S2024115_midterm.docx','研究进度(85分)：ksafjkhfahkarliaf\n技术掌握(87分)：fikhgraeuligaerg\n工作态度(98分)：dfaskguaehugliae',90.00,'2024-12-31 14:02:28','2024-12-31 14:03:21',NULL,'2024-12-31 14:02:01','2024-12-31 14:03:21'),(4466,'S2024115','thesis_submit','completed','uploads/thesis_submit/S2024115_thesis_submit.pdf','approved',100.00,'2024-12-31 14:19:16','2024-12-31 14:20:44',NULL,'2024-12-31 14:03:21','2024-12-31 14:20:44'),(4487,'S2024115','advisor_review','in_progress',NULL,NULL,NULL,NULL,NULL,NULL,'2024-12-31 14:20:44','2024-12-31 14:20:44'),(4492,'S2024084','task_book','completed',NULL,'123456',100.00,NULL,'2024-12-31 17:23:29','2025-01-07 17:20:09','2024-12-31 17:20:09','2024-12-31 17:23:29'),(4494,'S2024084','literature','completed','uploads/literature/S2024084_literature.docx','555555888888',88.00,'2024-12-31 17:27:52','2024-12-31 17:28:40',NULL,'2024-12-31 17:23:30','2024-12-31 17:28:40'),(4499,'S2024084','proposal','completed','uploads/proposal/S2024084_proposal.pdf','faikaghaeruhiaeg',83.25,'2024-12-31 17:29:14','2024-12-31 17:29:48',NULL,'2024-12-31 17:28:41','2024-12-31 17:29:48'),(4502,'S2024084','translation','completed','uploads/translation/S2024084_translation.pdf','rgakerghiaeruage',92.00,'2024-12-31 17:30:04','2024-12-31 17:30:48',NULL,'2024-12-31 17:29:49','2024-12-31 17:30:48'),(4505,'S2024084','midterm','completed','uploads/midterm/S2024084_midterm.pdf','研究进度(100分)：glsghguisgrlurelar\n技术掌握(87分)：fiufaerhagrulier\n工作态度(68分)：fiekghulgaea',85.00,'2024-12-31 17:31:38','2024-12-31 17:32:24',NULL,'2024-12-31 17:30:49','2024-12-31 17:32:24'),(4508,'S2024084','thesis_submit','completed','uploads/thesis_submit/S2024084_thesis_submit.pdf','approved',100.00,'2025-01-01 13:29:40','2025-01-01 13:31:49',NULL,'2024-12-31 17:32:25','2025-01-01 13:31:49'),(4522,'S2024084','advisor_review','completed',NULL,'ssgdligluialiae',80.50,NULL,'2025-01-01 13:33:00',NULL,'2025-01-01 13:31:50','2025-01-01 13:33:00'),(4524,'S2024084','peer_review','completed',NULL,'gljkgshiagruiaruia\n\nsfkhafhreluieleg\n\ndslsgdhlseloeargre',79.83,NULL,'2025-01-01 13:37:14',NULL,'2025-01-01 13:33:00','2025-01-01 13:37:14'),(4526,'S2024084','defense','completed',NULL,'答辩评分意见：\nfkhafhareluialuiaer\ngrkjlaelagrlagljaer\nbgdljdhugioaegoesr\ndfkldfsalialaer\ngkjshgidusgeiglear\n\n修改要求：\ngaljksfdljgdojagioerser\ngrlksgtlhlhusloae\nlsgdhaeuiaeruliaeoulaer\nkdihkagiulaluialioar\ngluserluigaeoiawr\n\n最终结果：通过',81.55,NULL,'2025-01-01 13:46:35',NULL,'2025-01-01 13:37:15','2025-01-01 13:46:35'),(4528,'S2024117','task_book','completed',NULL,'123456',100.00,NULL,'2025-01-02 00:30:25','2025-01-09 00:28:55','2025-01-02 00:28:55','2025-01-02 00:30:25'),(4529,'S2024117','literature','completed','uploads/literature/S2024117_literature.pdf','estgahuliaeraer',85.75,'2025-01-02 00:30:44','2025-01-02 00:31:31',NULL,'2025-01-02 00:30:26','2025-01-02 00:31:31'),(4533,'S2024117','proposal','completed','uploads/proposal/S2024117_proposal.pdf','fyaerghakghair',83.25,'2025-01-02 00:32:02','2025-01-02 00:32:32',NULL,'2025-01-02 00:31:31','2025-01-02 00:32:32'),(4536,'S2024117','translation','completed','uploads/translation/S2024117_translation.pdf','aefkuyaewhfiuwlualugaelui',78.33,'2025-01-02 00:34:37','2025-01-02 00:35:31',NULL,'2025-01-02 00:32:33','2025-01-02 00:35:31'),(4540,'S2024117','midterm','completed','uploads/midterm/S2024117_midterm.pdf','研究进度(78分)：saflhuiahufawigaro;\n技术掌握(98分)：fwhlairugarigjaoeo\n工作态度(78分)：fawhirufhlawriagiw',84.67,'2025-01-02 00:36:23','2025-01-02 00:37:08',NULL,'2025-01-02 00:33:44','2025-01-02 00:37:08'),(4548,'S2024117','thesis_submit','completed','uploads/thesis_submit/S2024117_thesis_submit.pdf','approved',100.00,'2025-01-02 00:37:38','2025-01-02 00:38:03',NULL,'2025-01-02 00:37:08','2025-01-02 00:38:03'),(4551,'S2024117','advisor_review','completed',NULL,'rlihafhlairfgwagjae',80.50,NULL,'2025-01-02 00:39:40',NULL,'2025-01-02 00:38:04','2025-01-02 00:39:40'),(4553,'S2024117','peer_review','completed',NULL,'96sfkjlsauliglearg\n\nfishahriguialejlage\n\n1234567890',85.00,NULL,'2025-01-02 00:41:22',NULL,'2025-01-02 00:39:41','2025-01-02 00:41:22'),(4555,'S2024117','defense','completed',NULL,'答辩评分意见：\nfkawfhliawrufwjaloi\nfalrhifhawugoajieo\nsaflisgurajgluiarhli\nrkfuglargjoauale\nfwkfwaglargaehl\n\n修改要求：\nfriugawhlguierla\nfhwlaiugrajgkarel\nfrkaghawrlfkarfjawl\nfiaerglarljgaegoa\nfkwauhflawuifaerjl\n\n最终结果：通过',82.60,NULL,'2025-01-02 00:45:10',NULL,'2025-01-02 00:41:22','2025-01-02 00:45:10'),(4559,'S2024020','task_book','completed',NULL,'123456',100.00,NULL,'2025-01-02 08:43:38','2025-01-09 08:42:46','2025-01-02 08:42:46','2025-01-02 08:43:38'),(4560,'S2024020','literature','completed','uploads/literature/S2024020_literature.pdf','rgwlgiragjeorg',86.50,'2025-01-02 08:44:47','2025-01-02 08:46:38',NULL,'2025-01-02 08:43:38','2025-01-02 08:46:38'),(4563,'S2024020','proposal','completed','uploads/proposal/S2024020_proposal.pdf','fkweehfrawliufWHFL',80.50,'2025-01-02 08:53:46','2025-01-02 08:54:23',NULL,'2025-01-02 08:45:39','2025-01-02 08:54:23'),(4570,'S2024020','translation','completed','uploads/translation/S2024020_translation.pdf','fiawrulfhawrluifwr',88.33,'2025-01-02 08:55:34','2025-01-02 09:03:18',NULL,'2025-01-02 08:54:23','2025-01-02 09:03:18'),(4573,'S2024020','midterm','completed','uploads/midterm/S2024020_midterm.pdf','研究进度(89分)：fslrauigahgluiaerjlio\n技术掌握(88分)：filwuarfho;arijf;ori\n工作态度(68分)：filwaurgaherluigajro',81.67,'2025-01-02 09:06:42','2025-01-02 09:07:25',NULL,'2025-01-02 08:55:17','2025-01-02 09:07:25'),(4579,'S2024020','thesis_submit','completed','uploads/thesis_submit/S2024020_thesis_submit.pdf','approved',100.00,'2025-01-02 09:07:41','2025-01-02 09:08:13',NULL,'2025-01-02 09:07:25','2025-01-02 09:08:13'),(4582,'S2024020','advisor_review','completed',NULL,'adkghlaerlgaerjogieagj',82.00,NULL,'2025-01-02 09:09:35',NULL,'2025-01-02 09:08:13','2025-01-02 09:09:35'),(4584,'S2024020','peer_review','completed',NULL,'frkygahgoliaejgr\n\ndfrkgiaghljaeigiae\n\nglhieguaejglaoi',81.25,NULL,'2025-01-02 09:14:07',NULL,'2025-01-02 09:09:36','2025-01-02 09:14:07'),(4586,'S2024020','defense','completed',NULL,'答辩评分意见：\n46532\nflarugearoiogoi\nfrlgiuiahglaergk\nfhriaghlaegio\nflihraugarhlguia\n\n修改要求：\n65312\nferghiulgjgaoer\ngwraliguawrhlgoiar\nfirlguahgluiaige\nfariglufliaragr\n\n最终结果：通过',80.45,NULL,'2025-01-02 09:25:58',NULL,'2025-01-02 09:14:07','2025-01-02 09:25:58'),(4587,'S2024127','task_book','completed',NULL,'123456',100.00,NULL,'2025-01-02 09:40:38','2025-01-09 09:39:55','2025-01-02 09:39:55','2025-01-02 09:40:38'),(4588,'S2024127','literature','completed','uploads/literature/S2024127_literature.pdf','grkigharulir',85.50,'2025-01-02 09:41:16','2025-01-02 09:41:51',NULL,'2025-01-02 09:40:38','2025-01-02 09:41:51'),(4591,'S2024127','proposal','completed','uploads/proposal/S2024127_proposal.pdf','\nshiflarguaer',85.25,'2025-01-02 09:47:27','2025-01-02 09:47:49',NULL,'2025-01-02 09:41:51','2025-01-02 09:47:49'),(4596,'S2024127','translation','completed','uploads/translation/S2024127_translation.pdf','faerukgahliaer',88.00,'2025-01-02 09:48:01','2025-01-02 09:48:20',NULL,'2025-01-02 09:47:49','2025-01-02 09:48:20'),(4599,'S2024127','midterm','completed','uploads/midterm/S2024127_midterm.pdf','研究进度(78分)：glrigaefrkaugyar\n技术掌握(89分)：fkugguliaeg\n工作态度(78分)：faerkgarehligae',81.67,'2025-01-02 09:48:28','2025-01-02 09:48:45',NULL,'2025-01-02 09:48:21','2025-01-02 09:48:45'),(4602,'S2024127','thesis_submit','completed','uploads/thesis_submit/S2024127_thesis_submit.pdf','approved',100.00,'2025-01-02 09:48:54','2025-01-02 09:49:01',NULL,'2025-01-02 09:48:46','2025-01-02 09:49:01'),(4605,'S2024127','advisor_review','completed',NULL,'rfliarlfargjoare',85.75,NULL,'2025-01-02 09:50:59',NULL,'2025-01-02 09:49:02','2025-01-02 09:50:59'),(4607,'S2024127','peer_review','completed',NULL,'fgralhigaraglralg\n\nfrahligareog\n\nfkarulghaeoaeitglre',85.67,NULL,'2025-01-02 09:51:52',NULL,'2025-01-02 09:50:59','2025-01-02 09:51:52'),(4609,'S2024127','defense','in_progress',NULL,NULL,NULL,NULL,NULL,NULL,'2025-01-02 09:51:52','2025-01-02 09:51:52');
/*!40000 ALTER TABLE `progress_records` ENABLE KEYS */;
UNLOCK TABLES;
/*!50003 SET @saved_cs_client      = @@character_set_client */ ;
/*!50003 SET @saved_cs_results     = @@character_set_results */ ;
/*!50003 SET @saved_col_connection = @@collation_connection */ ;
/*!50003 SET character_set_client  = utf8mb4 */ ;
/*!50003 SET character_set_results = utf8mb4 */ ;
/*!50003 SET collation_connection  = utf8mb4_0900_ai_ci */ ;
/*!50003 SET @saved_sql_mode       = @@sql_mode */ ;
/*!50003 SET sql_mode              = 'ONLY_FULL_GROUP_BY,STRICT_TRANS_TABLES,NO_ZERO_IN_DATE,NO_ZERO_DATE,ERROR_FOR_DIVISION_BY_ZERO,NO_ENGINE_SUBSTITUTION' */ ;
DELIMITER ;;
/*!50003 CREATE*/ /*!50017 DEFINER=`root`@`localhost`*/ /*!50003 TRIGGER `after_progress_record_insert` AFTER INSERT ON `progress_records` FOR EACH ROW BEGIN
    IF NEW.score IS NOT NULL THEN
        INSERT INTO student_stage_scores (
            student_id,
            task_book_score,
            literature_score,
            proposal_score,
            translation_score,
            midterm_score,
            thesis_submit_score,
            advisor_review_score,
            peer_review_score,
            defense_score
        )
        VALUES (
            NEW.student_id,
            IF(NEW.stage_type = 'task_book', NEW.score, NULL),
            IF(NEW.stage_type = 'literature', NEW.score, NULL),
            IF(NEW.stage_type = 'proposal', NEW.score, NULL),
            IF(NEW.stage_type = 'translation', NEW.score, NULL),
            IF(NEW.stage_type = 'midterm', NEW.score, NULL),
            IF(NEW.stage_type = 'thesis_submit', NEW.score, NULL),
            IF(NEW.stage_type = 'advisor_review', NEW.score, NULL),
            IF(NEW.stage_type = 'peer_review', NEW.score, NULL),
            IF(NEW.stage_type = 'defense', NEW.score, NULL)
        )
        ON DUPLICATE KEY UPDATE
            task_book_score = IF(NEW.stage_type = 'task_book', NEW.score, task_book_score),
            literature_score = IF(NEW.stage_type = 'literature', NEW.score, literature_score),
            proposal_score = IF(NEW.stage_type = 'proposal', NEW.score, proposal_score),
            translation_score = IF(NEW.stage_type = 'translation', NEW.score, translation_score),
            midterm_score = IF(NEW.stage_type = 'midterm', NEW.score, midterm_score),
            thesis_submit_score = IF(NEW.stage_type = 'thesis_submit', NEW.score, thesis_submit_score),
            advisor_review_score = IF(NEW.stage_type = 'advisor_review', NEW.score, advisor_review_score),
            peer_review_score = IF(NEW.stage_type = 'peer_review', NEW.score, peer_review_score),
            defense_score = IF(NEW.stage_type = 'defense', NEW.score, defense_score);
    END IF;
END */;;
DELIMITER ;
/*!50003 SET sql_mode              = @saved_sql_mode */ ;
/*!50003 SET character_set_client  = @saved_cs_client */ ;
/*!50003 SET character_set_results = @saved_cs_results */ ;
/*!50003 SET collation_connection  = @saved_col_connection */ ;
/*!50003 SET @saved_cs_client      = @@character_set_client */ ;
/*!50003 SET @saved_cs_results     = @@character_set_results */ ;
/*!50003 SET @saved_col_connection = @@collation_connection */ ;
/*!50003 SET character_set_client  = utf8mb4 */ ;
/*!50003 SET character_set_results = utf8mb4 */ ;
/*!50003 SET collation_connection  = utf8mb4_0900_ai_ci */ ;
/*!50003 SET @saved_sql_mode       = @@sql_mode */ ;
/*!50003 SET sql_mode              = 'ONLY_FULL_GROUP_BY,STRICT_TRANS_TABLES,NO_ZERO_IN_DATE,NO_ZERO_DATE,ERROR_FOR_DIVISION_BY_ZERO,NO_ENGINE_SUBSTITUTION' */ ;
DELIMITER ;;
/*!50003 CREATE*/ /*!50017 DEFINER=`root`@`localhost`*/ /*!50003 TRIGGER `after_task_book_record_insert` AFTER INSERT ON `progress_records` FOR EACH ROW BEGIN
    -- 只在插入任务书阶段记录时触发
    IF NEW.stage_type = 'task_book' THEN
        -- 从 topic_selections 表获取相关信息
        INSERT INTO task_assignments (
            teacher_id,
            student_id,
            topic_id,
            selection_id,
            title,
            content,
            requirements,
            deadline,
            status
        )
        SELECT
            t.teacher_id,           -- 从 topics 表获取教师ID
            ts.student_id,          -- 从 topic_selections 表获取学生ID
            ts.topic_id,            -- 从 topic_selections 表获取课题ID
            ts.selection_id,        -- 选题ID
            '毕业设计任务书',         -- 默认标题
            '请填写任务书内容',       -- 默认内容
            '请按要求完成任务书',     -- 默认要求
            NEW.deadline,           -- 使用进度记录中的截止时间
            'draft'                 -- 初始状态为草稿
        FROM topic_selections ts
        JOIN topics t ON ts.topic_id = t.topic_id
        WHERE ts.student_id = NEW.student_id
        AND ts.final_status = 'approved'
        LIMIT 1;
    END IF;
END */;;
DELIMITER ;
/*!50003 SET sql_mode              = @saved_sql_mode */ ;
/*!50003 SET character_set_client  = @saved_cs_client */ ;
/*!50003 SET character_set_results = @saved_cs_results */ ;
/*!50003 SET collation_connection  = @saved_col_connection */ ;
/*!50003 SET @saved_cs_client      = @@character_set_client */ ;
/*!50003 SET @saved_cs_results     = @@character_set_results */ ;
/*!50003 SET @saved_col_connection = @@collation_connection */ ;
/*!50003 SET character_set_client  = utf8mb4 */ ;
/*!50003 SET character_set_results = utf8mb4 */ ;
/*!50003 SET collation_connection  = utf8mb4_0900_ai_ci */ ;
/*!50003 SET @saved_sql_mode       = @@sql_mode */ ;
/*!50003 SET sql_mode              = 'ONLY_FULL_GROUP_BY,STRICT_TRANS_TABLES,NO_ZERO_IN_DATE,NO_ZERO_DATE,ERROR_FOR_DIVISION_BY_ZERO,NO_ENGINE_SUBSTITUTION' */ ;
DELIMITER ;;
/*!50003 CREATE*/ /*!50017 DEFINER=`root`@`localhost`*/ /*!50003 TRIGGER `after_task_book_record_insert_scores` AFTER INSERT ON `progress_records` FOR EACH ROW BEGIN
    -- 只在插入任务书阶段记录时触发
    IF NEW.stage_type = 'task_book' THEN
        -- 检查是否已存在该学生的记录
        IF NOT EXISTS (
            SELECT 1 FROM student_stage_scores
            WHERE student_id = NEW.student_id
        ) THEN
            -- 插入新的学生阶段分数记录
            INSERT INTO student_stage_scores (
                student_id,
                task_book_score,
                literature_score,
                proposal_score,
                translation_score,
                midterm_score,
                thesis_submit_score,
                advisor_review_score,
                peer_review_score,
                defense_score,
                total_weighted_score
            ) VALUES (
                NEW.student_id,  -- 学生ID
                NULL,           -- 任务书分数（初始为NULL）
                NULL,           -- 文献综述分数
                NULL,           -- 开题报告分数
                NULL,           -- 外文翻译分数
                NULL,           -- 中期检查分数
                NULL,           -- 论文提交分数
                NULL,           -- 导师评阅分数
                NULL,           -- 同行评阅分数
                NULL,           -- 答辩分数
                NULL            -- 总加权分数
            );
        END IF;
    END IF;
END */;;
DELIMITER ;
/*!50003 SET sql_mode              = @saved_sql_mode */ ;
/*!50003 SET character_set_client  = @saved_cs_client */ ;
/*!50003 SET character_set_results = @saved_cs_results */ ;
/*!50003 SET collation_connection  = @saved_col_connection */ ;
/*!50003 SET @saved_cs_client      = @@character_set_client */ ;
/*!50003 SET @saved_cs_results     = @@character_set_results */ ;
/*!50003 SET @saved_col_connection = @@collation_connection */ ;
/*!50003 SET character_set_client  = utf8mb4 */ ;
/*!50003 SET character_set_results = utf8mb4 */ ;
/*!50003 SET collation_connection  = utf8mb4_0900_ai_ci */ ;
/*!50003 SET @saved_sql_mode       = @@sql_mode */ ;
/*!50003 SET sql_mode              = 'ONLY_FULL_GROUP_BY,STRICT_TRANS_TABLES,NO_ZERO_IN_DATE,NO_ZERO_DATE,ERROR_FOR_DIVISION_BY_ZERO,NO_ENGINE_SUBSTITUTION' */ ;
DELIMITER ;;
/*!50003 CREATE*/ /*!50017 DEFINER=`root`@`localhost`*/ /*!50003 TRIGGER `before_progress_update` BEFORE UPDATE ON `progress_records` FOR EACH ROW BEGIN
    IF NEW.status = 'completed' AND OLD.status != 'completed' THEN
        SET NEW.review_time = CURRENT_TIMESTAMP;
    END IF;
END */;;
DELIMITER ;
/*!50003 SET sql_mode              = @saved_sql_mode */ ;
/*!50003 SET character_set_client  = @saved_cs_client */ ;
/*!50003 SET character_set_results = @saved_cs_results */ ;
/*!50003 SET collation_connection  = @saved_col_connection */ ;
/*!50003 SET @saved_cs_client      = @@character_set_client */ ;
/*!50003 SET @saved_cs_results     = @@character_set_results */ ;
/*!50003 SET @saved_col_connection = @@collation_connection */ ;
/*!50003 SET character_set_client  = utf8mb4 */ ;
/*!50003 SET character_set_results = utf8mb4 */ ;
/*!50003 SET collation_connection  = utf8mb4_0900_ai_ci */ ;
/*!50003 SET @saved_sql_mode       = @@sql_mode */ ;
/*!50003 SET sql_mode              = 'ONLY_FULL_GROUP_BY,STRICT_TRANS_TABLES,NO_ZERO_IN_DATE,NO_ZERO_DATE,ERROR_FOR_DIVISION_BY_ZERO,NO_ENGINE_SUBSTITUTION' */ ;
DELIMITER ;;
/*!50003 CREATE*/ /*!50017 DEFINER=`root`@`localhost`*/ /*!50003 TRIGGER `after_peer_review_complete` AFTER UPDATE ON `progress_records` FOR EACH ROW BEGIN
    -- 声明变量用于调试
    DECLARE debug_msg TEXT;

    -- 记录触发器被调用的情况
    INSERT INTO system_logs (
        action,
        details
    ) VALUES (
        'trigger.peer_review.debug',
        CONCAT(
            'Trigger called with: ',
            'stage_type=', NEW.stage_type,
            ', old_status=', OLD.status,
            ', new_status=', NEW.status,
            ', student_id=', NEW.student_id
        )
    );

    -- 检查是否是同行评议阶段且状态变为已完成
    IF NEW.stage_type = 'peer_review'
    AND NEW.status = 'completed'
    AND OLD.status != 'completed' THEN

        -- 记录条件匹配的情况
        INSERT INTO system_logs (
            action,
            details
        ) VALUES (
            'trigger.peer_review.match',
            CONCAT('Conditions matched for student_id: ', NEW.student_id)
        );

        -- 更新对应的论文提交记录状态
        UPDATE thesis_submissions
        SET status = 'completed',
            updated_at = CURRENT_TIMESTAMP
        WHERE student_id = NEW.student_id
        AND status IN ('reviewing', 'review_assigned', 'submitted') -- 放宽状态检查条件
        ORDER BY version DESC
        LIMIT 1;

        -- 记录更新操作的影响行数
        SET debug_msg = CONCAT(
            'Update completed. Rows affected: ', ROW_COUNT(),
            '. Student ID: ', NEW.student_id
        );

        INSERT INTO system_logs (
            action,
            details
        ) VALUES (
            'trigger.peer_review.update',
            debug_msg
        );
    END IF;
END */;;
DELIMITER ;
/*!50003 SET sql_mode              = @saved_sql_mode */ ;
/*!50003 SET character_set_client  = @saved_cs_client */ ;
/*!50003 SET character_set_results = @saved_cs_results */ ;
/*!50003 SET collation_connection  = @saved_col_connection */ ;
/*!50003 SET @saved_cs_client      = @@character_set_client */ ;
/*!50003 SET @saved_cs_results     = @@character_set_results */ ;
/*!50003 SET @saved_col_connection = @@collation_connection */ ;
/*!50003 SET character_set_client  = utf8mb4 */ ;
/*!50003 SET character_set_results = utf8mb4 */ ;
/*!50003 SET collation_connection  = utf8mb4_0900_ai_ci */ ;
/*!50003 SET @saved_sql_mode       = @@sql_mode */ ;
/*!50003 SET sql_mode              = 'ONLY_FULL_GROUP_BY,STRICT_TRANS_TABLES,NO_ZERO_IN_DATE,NO_ZERO_DATE,ERROR_FOR_DIVISION_BY_ZERO,NO_ENGINE_SUBSTITUTION' */ ;
DELIMITER ;;
/*!50003 CREATE*/ /*!50017 DEFINER=`root`@`localhost`*/ /*!50003 TRIGGER `after_progress_update` AFTER UPDATE ON `progress_records` FOR EACH ROW BEGIN
    IF NEW.status = 'completed' AND OLD.status != 'completed' AND NEW.stage_type != 'defense' THEN
        CASE NEW.stage_type
            WHEN 'task_book' THEN
                INSERT INTO progress_stage_queue (student_id, next_stage_type)
                VALUES (NEW.student_id, 'literature');
            WHEN 'literature' THEN
                INSERT INTO progress_stage_queue (student_id, next_stage_type)
                VALUES (NEW.student_id, 'proposal');
            WHEN 'proposal' THEN
                INSERT INTO progress_stage_queue (student_id, next_stage_type)
                VALUES (NEW.student_id, 'translation');
            WHEN 'translation' THEN
                INSERT INTO progress_stage_queue (student_id, next_stage_type)
                VALUES (NEW.student_id, 'midterm');
            WHEN 'midterm' THEN
                INSERT INTO progress_stage_queue (student_id, next_stage_type)
                VALUES (NEW.student_id, 'thesis_submit');
            WHEN 'thesis_submit' THEN
                INSERT INTO progress_stage_queue (student_id, next_stage_type)
                VALUES (NEW.student_id, 'advisor_review');
            WHEN 'advisor_review' THEN
                INSERT INTO progress_stage_queue (student_id, next_stage_type)
                VALUES (NEW.student_id, 'peer_review');
            WHEN 'peer_review' THEN
                INSERT INTO progress_stage_queue (student_id, next_stage_type)
                VALUES (NEW.student_id, 'defense');
        END CASE;
    END IF;
END */;;
DELIMITER ;
/*!50003 SET sql_mode              = @saved_sql_mode */ ;
/*!50003 SET character_set_client  = @saved_cs_client */ ;
/*!50003 SET character_set_results = @saved_cs_results */ ;
/*!50003 SET collation_connection  = @saved_col_connection */ ;
/*!50003 SET @saved_cs_client      = @@character_set_client */ ;
/*!50003 SET @saved_cs_results     = @@character_set_results */ ;
/*!50003 SET @saved_col_connection = @@collation_connection */ ;
/*!50003 SET character_set_client  = utf8mb4 */ ;
/*!50003 SET character_set_results = utf8mb4 */ ;
/*!50003 SET collation_connection  = utf8mb4_0900_ai_ci */ ;
/*!50003 SET @saved_sql_mode       = @@sql_mode */ ;
/*!50003 SET sql_mode              = 'ONLY_FULL_GROUP_BY,STRICT_TRANS_TABLES,NO_ZERO_IN_DATE,NO_ZERO_DATE,ERROR_FOR_DIVISION_BY_ZERO,NO_ENGINE_SUBSTITUTION' */ ;
DELIMITER ;;
/*!50003 CREATE*/ /*!50017 DEFINER=`root`@`localhost`*/ /*!50003 TRIGGER `sync_translation_progress` AFTER UPDATE ON `progress_records` FOR EACH ROW BEGIN
    -- 只处理外文翻译阶段的更新
    IF NEW.stage_type = 'translation' THEN
        -- 检查是否已存在该学生的外文翻译记录
        IF EXISTS (SELECT 1 FROM translation_reviews WHERE student_id = NEW.student_id) THEN
            -- 如果存在则更新
            UPDATE translation_reviews
            SET file_url = CASE
                    -- 只在文件URL发生变化时更新
                    WHEN NEW.file_url != OLD.file_url THEN NEW.file_url
                    ELSE file_url
                END,
                status = CASE
                    -- 只在状态发生变化时更新
                    WHEN NEW.status != OLD.status THEN
                        CASE NEW.status
                            WHEN 'not_started' THEN 'pending'
                            WHEN 'in_progress' THEN 'pending'
                            WHEN 'reviewing' THEN 'reviewing'
                            WHEN 'revision_needed' THEN 'revision_needed'
                            WHEN 'completed' THEN 'completed'
                            ELSE status
                        END
                    ELSE status
                END,
                submit_time = CASE
                    -- 只在提交时间发生变化时更新
                    WHEN NEW.submit_time != OLD.submit_time THEN NEW.submit_time
                    ELSE submit_time
                END,
                updated_at = CURRENT_TIMESTAMP
            WHERE student_id = NEW.student_id
            ORDER BY version DESC
            LIMIT 1;
        ELSE
            -- 如果不存在则插入新记录
            INSERT INTO translation_reviews (
                student_id,
                version,
                file_url,
                status,
                submit_time,
                created_at,
                updated_at
            ) VALUES (
                NEW.student_id,
                1,
                NEW.file_url,
                CASE NEW.status
                    WHEN 'not_started' THEN 'pending'
                    WHEN 'in_progress' THEN 'pending'
                    WHEN 'reviewing' THEN 'reviewing'
                    WHEN 'revision_needed' THEN 'revision_needed'
                    WHEN 'completed' THEN 'completed'
                    ELSE 'pending'
                END,
                NEW.submit_time,
                CURRENT_TIMESTAMP,
                CURRENT_TIMESTAMP
            );
        END IF;
    END IF;
END */;;
DELIMITER ;
/*!50003 SET sql_mode              = @saved_sql_mode */ ;
/*!50003 SET character_set_client  = @saved_cs_client */ ;
/*!50003 SET character_set_results = @saved_cs_results */ ;
/*!50003 SET collation_connection  = @saved_col_connection */ ;
/*!50003 SET @saved_cs_client      = @@character_set_client */ ;
/*!50003 SET @saved_cs_results     = @@character_set_results */ ;
/*!50003 SET @saved_col_connection = @@collation_connection */ ;
/*!50003 SET character_set_client  = utf8mb4 */ ;
/*!50003 SET character_set_results = utf8mb4 */ ;
/*!50003 SET collation_connection  = utf8mb4_0900_ai_ci */ ;
/*!50003 SET @saved_sql_mode       = @@sql_mode */ ;
/*!50003 SET sql_mode              = 'ONLY_FULL_GROUP_BY,STRICT_TRANS_TABLES,NO_ZERO_IN_DATE,NO_ZERO_DATE,ERROR_FOR_DIVISION_BY_ZERO,NO_ENGINE_SUBSTITUTION' */ ;
DELIMITER ;;
/*!50003 CREATE*/ /*!50017 DEFINER=`root`@`localhost`*/ /*!50003 TRIGGER `update_stage_score` AFTER UPDATE ON `progress_records` FOR EACH ROW BEGIN
    -- 只要成绩发生变化就更新
    IF NEW.score != OLD.score OR (NEW.score IS NOT NULL AND OLD.score IS NULL) THEN
        -- 先检查是否存在记录
        IF EXISTS (SELECT 1 FROM student_stage_scores WHERE student_id = NEW.student_id) THEN
            -- 如果存在记录则更新
            WITH stage_weights AS (
                SELECT type, weight
                FROM progress_stages
                WHERE status = 'active'
            )
            UPDATE student_stage_scores ss
            SET
                -- 更新对应阶段分数
                task_book_score = IF(NEW.stage_type = 'task_book', NEW.score, ss.task_book_score),
                literature_score = IF(NEW.stage_type = 'literature', NEW.score, ss.literature_score),
                proposal_score = IF(NEW.stage_type = 'proposal', NEW.score, ss.proposal_score),
                translation_score = IF(NEW.stage_type = 'translation', NEW.score, ss.translation_score),
                midterm_score = IF(NEW.stage_type = 'midterm', NEW.score, ss.midterm_score),
                thesis_submit_score = IF(NEW.stage_type = 'thesis_submit', NEW.score, ss.thesis_submit_score),
                advisor_review_score = IF(NEW.stage_type = 'advisor_review', NEW.score, ss.advisor_review_score),
                peer_review_score = IF(NEW.stage_type = 'peer_review', NEW.score, ss.peer_review_score),
                defense_score = IF(NEW.stage_type = 'defense', NEW.score, ss.defense_score),

                -- 计算总加权分数
                total_weighted_score = (
                    COALESCE(IF(NEW.stage_type = 'task_book', NEW.score, ss.task_book_score) *
                        (SELECT weight FROM stage_weights WHERE type = 'task_book'), 0) +
                    COALESCE(IF(NEW.stage_type = 'literature', NEW.score, ss.literature_score) *
                        (SELECT weight FROM stage_weights WHERE type = 'literature'), 0) +
                    COALESCE(IF(NEW.stage_type = 'proposal', NEW.score, ss.proposal_score) *
                        (SELECT weight FROM stage_weights WHERE type = 'proposal'), 0) +
                    COALESCE(IF(NEW.stage_type = 'translation', NEW.score, ss.translation_score) *
                        (SELECT weight FROM stage_weights WHERE type = 'translation'), 0) +
                    COALESCE(IF(NEW.stage_type = 'midterm', NEW.score, ss.midterm_score) *
                        (SELECT weight FROM stage_weights WHERE type = 'midterm'), 0) +
                    COALESCE(IF(NEW.stage_type = 'thesis_submit', NEW.score, ss.thesis_submit_score) *
                        (SELECT weight FROM stage_weights WHERE type = 'thesis_submit'), 0) +
                    COALESCE(IF(NEW.stage_type = 'advisor_review', NEW.score, ss.advisor_review_score) *
                        (SELECT weight FROM stage_weights WHERE type = 'advisor_review'), 0) +
                    COALESCE(IF(NEW.stage_type = 'peer_review', NEW.score, ss.peer_review_score) *
                        (SELECT weight FROM stage_weights WHERE type = 'peer_review'), 0) +
                    COALESCE(IF(NEW.stage_type = 'defense', NEW.score, ss.defense_score) *
                        (SELECT weight FROM stage_weights WHERE type = 'defense'), 0)
                ) / 100
            WHERE ss.student_id = NEW.student_id;
        ELSE
            -- 如果记录不存在则插入
            INSERT INTO student_stage_scores (
                student_id,
                task_book_score,
                literature_score,
                proposal_score,
                translation_score,
                midterm_score,
                thesis_submit_score,
                advisor_review_score,
                peer_review_score,
                defense_score,
                total_weighted_score
            )
            SELECT
                NEW.student_id,
                IF(NEW.stage_type = 'task_book', NEW.score, NULL),
                IF(NEW.stage_type = 'literature', NEW.score, NULL),
                IF(NEW.stage_type = 'proposal', NEW.score, NULL),
                IF(NEW.stage_type = 'translation', NEW.score, NULL),
                IF(NEW.stage_type = 'midterm', NEW.score, NULL),
                IF(NEW.stage_type = 'thesis_submit', NEW.score, NULL),
                IF(NEW.stage_type = 'advisor_review', NEW.score, NULL),
                IF(NEW.stage_type = 'peer_review', NEW.score, NULL),
                IF(NEW.stage_type = 'defense', NEW.score, NULL),
                (SELECT weight FROM progress_stages WHERE type = NEW.stage_type AND status = 'active') * NEW.score / 100;
        END IF;
    END IF;
END */;;
DELIMITER ;
/*!50003 SET sql_mode              = @saved_sql_mode */ ;
/*!50003 SET character_set_client  = @saved_cs_client */ ;
/*!50003 SET character_set_results = @saved_cs_results */ ;
/*!50003 SET collation_connection  = @saved_col_connection */ ;
/*!50003 SET @saved_cs_client      = @@character_set_client */ ;
/*!50003 SET @saved_cs_results     = @@character_set_results */ ;
/*!50003 SET @saved_col_connection = @@collation_connection */ ;
/*!50003 SET character_set_client  = utf8mb4 */ ;
/*!50003 SET character_set_results = utf8mb4 */ ;
/*!50003 SET collation_connection  = utf8mb4_0900_ai_ci */ ;
/*!50003 SET @saved_sql_mode       = @@sql_mode */ ;
/*!50003 SET sql_mode              = 'ONLY_FULL_GROUP_BY,STRICT_TRANS_TABLES,NO_ZERO_IN_DATE,NO_ZERO_DATE,ERROR_FOR_DIVISION_BY_ZERO,NO_ENGINE_SUBSTITUTION' */ ;
DELIMITER ;;
/*!50003 CREATE*/ /*!50017 DEFINER=`root`@`localhost`*/ /*!50003 TRIGGER `sync_proposal_progress` AFTER UPDATE ON `progress_records` FOR EACH ROW BEGIN
    DECLARE v_teacher_id VARCHAR(50);

    -- 只处理开题报告阶段的更新
    IF NEW.stage_type = 'proposal' THEN
        -- 检查是否已存在该学生的开题报告记录
        IF EXISTS (SELECT 1 FROM proposal_reviews WHERE student_id = NEW.student_id) THEN
            -- 如果存在则更新
            UPDATE proposal_reviews
            SET file_url = CASE
                    -- 使用 COALESCE 处理 NULL 值的比较
                    WHEN COALESCE(NEW.file_url, '') != COALESCE(OLD.file_url, '') THEN NEW.file_url
                    ELSE file_url
                END,
                status = CASE
                    WHEN COALESCE(NEW.status, '') != COALESCE(OLD.status, '') THEN NEW.status
                    ELSE status
                END,
                submit_time = CASE
                    WHEN COALESCE(NEW.submit_time, '') != COALESCE(OLD.submit_time, '') THEN NEW.submit_time
                    ELSE submit_time
                END,
                updated_at = CURRENT_TIMESTAMP
            WHERE student_id = NEW.student_id
            ORDER BY version DESC
            LIMIT 1;

            -- 添加调试日志（如果有日志表的话）
            /*
            INSERT INTO debug_logs (message)
            VALUES (CONCAT('Updated proposal_reviews for student: ', NEW.student_id,
                         ', Old file_url: ', COALESCE(OLD.file_url, 'NULL'),
                         ', New file_url: ', COALESCE(NEW.file_url, 'NULL')));
            */

        ELSE
            -- 如果不存在则获取教师ID并插入新记录
            SELECT t.teacher_id INTO v_teacher_id
            FROM topic_selections ts
            JOIN topics t ON ts.topic_id = t.topic_id
            WHERE ts.student_id = NEW.student_id
            AND ts.final_status = 'approved'
            LIMIT 1;

            -- 插入新记录
            IF v_teacher_id IS NOT NULL THEN
                INSERT INTO proposal_reviews (
                    student_id,
                    teacher_id,
                    version,
                    file_url,
                    status,
                    submit_time,
                    created_at,
                    updated_at
                ) VALUES (
                    NEW.student_id,
                    v_teacher_id,
                    1,
                    NEW.file_url,
                    NEW.status,
                    NEW.submit_time,
                    CURRENT_TIMESTAMP,
                    CURRENT_TIMESTAMP
                );
            END IF;
        END IF;
    END IF;
END */;;
DELIMITER ;
/*!50003 SET sql_mode              = @saved_sql_mode */ ;
/*!50003 SET character_set_client  = @saved_cs_client */ ;
/*!50003 SET character_set_results = @saved_cs_results */ ;
/*!50003 SET collation_connection  = @saved_col_connection */ ;
/*!50003 SET @saved_cs_client      = @@character_set_client */ ;
/*!50003 SET @saved_cs_results     = @@character_set_results */ ;
/*!50003 SET @saved_col_connection = @@collation_connection */ ;
/*!50003 SET character_set_client  = utf8mb4 */ ;
/*!50003 SET character_set_results = utf8mb4 */ ;
/*!50003 SET collation_connection  = utf8mb4_0900_ai_ci */ ;
/*!50003 SET @saved_sql_mode       = @@sql_mode */ ;
/*!50003 SET sql_mode              = 'ONLY_FULL_GROUP_BY,STRICT_TRANS_TABLES,NO_ZERO_IN_DATE,NO_ZERO_DATE,ERROR_FOR_DIVISION_BY_ZERO,NO_ENGINE_SUBSTITUTION' */ ;
DELIMITER ;;
/*!50003 CREATE*/ /*!50017 DEFINER=`root`@`localhost`*/ /*!50003 TRIGGER `sync_midterm_progress` AFTER UPDATE ON `progress_records` FOR EACH ROW BEGIN
    -- 只处理中期检查阶段的更新
    IF NEW.stage_type = 'midterm' THEN
        -- 检查是否已存在该学生的中期检查记录
        IF EXISTS (SELECT 1 FROM midterm_reports WHERE student_id = NEW.student_id) THEN
            -- 如果存在则更新
            UPDATE midterm_reports
            SET file_url = CASE
                    -- 使用 COALESCE 处理 NULL 值的比较
                    WHEN COALESCE(NEW.file_url, '') != COALESCE(OLD.file_url, '') THEN NEW.file_url
                    ELSE file_url
                END,
                status = CASE
                    -- 使用 COALESCE 处理 NULL 值的比较
                    WHEN COALESCE(NEW.status, '') != COALESCE(OLD.status, '') THEN
                        CASE NEW.status
                            WHEN 'not_started' THEN 'pending'
                            WHEN 'in_progress' THEN 'pending'
                            WHEN 'reviewing' THEN 'reviewing'
                            WHEN 'revision_needed' THEN 'revision_needed'
                            WHEN 'completed' THEN 'completed'
                            ELSE status
                        END
                    ELSE status
                END,
                submit_time = CASE
                    -- 使用 COALESCE 处理 NULL 值的比较
                    WHEN COALESCE(NEW.submit_time, '') != COALESCE(OLD.submit_time, '') THEN NEW.submit_time
                    ELSE submit_time
                END,
                updated_at = CURRENT_TIMESTAMP
            WHERE student_id = NEW.student_id
            ORDER BY version DESC
            LIMIT 1;

            -- 添加调试日志（如果有日志表的话）
            /*
            INSERT INTO debug_logs (message)
            VALUES (CONCAT('Updated midterm_reports for student: ', NEW.student_id,
                         ', Old file_url: ', COALESCE(OLD.file_url, 'NULL'),
                         ', New file_url: ', COALESCE(NEW.file_url, 'NULL')));
            */

        ELSE
            -- 如果不存在则插入新记录
            INSERT INTO midterm_reports (
                student_id,
                version,
                file_url,
                status,
                submit_time,
                created_at,
                updated_at
            ) VALUES (
                NEW.student_id,
                1,
                NEW.file_url,
                CASE NEW.status
                    WHEN 'not_started' THEN 'pending'
                    WHEN 'in_progress' THEN 'pending'
                    WHEN 'reviewing' THEN 'reviewing'
                    WHEN 'revision_needed' THEN 'revision_needed'
                    WHEN 'completed' THEN 'completed'
                    ELSE 'pending'
                END,
                COALESCE(NEW.submit_time, CURRENT_TIMESTAMP),
                CURRENT_TIMESTAMP,
                CURRENT_TIMESTAMP
            );
        END IF;
    END IF;
END */;;
DELIMITER ;
/*!50003 SET sql_mode              = @saved_sql_mode */ ;
/*!50003 SET character_set_client  = @saved_cs_client */ ;
/*!50003 SET character_set_results = @saved_cs_results */ ;
/*!50003 SET collation_connection  = @saved_col_connection */ ;
DROP TABLE IF EXISTS `progress_stage_queue`;
/*!40101 SET @saved_cs_client     = @@character_set_client */;
/*!50503 SET character_set_client = utf8mb4 */;
CREATE TABLE `progress_stage_queue` (
  `id` int NOT NULL AUTO_INCREMENT,
  `student_id` varchar(50) NOT NULL,
  `next_stage_type` enum('task_book','literature','proposal','translation','midterm','thesis_submit','advisor_review','peer_review','defense') NOT NULL,
  `created_at` timestamp NULL DEFAULT CURRENT_TIMESTAMP,
  PRIMARY KEY (`id`)
) ENGINE=InnoDB AUTO_INCREMENT=67 DEFAULT CHARSET=utf8mb4 COLLATE=utf8mb4_0900_ai_ci;
/*!40101 SET character_set_client = @saved_cs_client */;

LOCK TABLES `progress_stage_queue` WRITE;
/*!40000 ALTER TABLE `progress_stage_queue` DISABLE KEYS */;
/*!40000 ALTER TABLE `progress_stage_queue` ENABLE KEYS */;
UNLOCK TABLES;
DROP TABLE IF EXISTS `progress_stages`;
/*!40101 SET @saved_cs_client     = @@character_set_client */;
/*!50503 SET character_set_client = utf8mb4 */;
CREATE TABLE `progress_stages` (
  `id` int NOT NULL AUTO_INCREMENT,
  `name` varchar(100) NOT NULL COMMENT '阶段名称',
  `type` enum('task_book','literature','proposal','translation','midterm','thesis_submit','advisor_review','peer_review','defense') NOT NULL COMMENT '阶段类型',
  `sequence` int NOT NULL COMMENT '阶段顺序',
  `required_files` tinyint(1) DEFAULT '1' COMMENT '是否需要提交文件',
  `requires_review` tinyint(1) DEFAULT '1' COMMENT '是否需要审核',
  `weight` decimal(5,2) NOT NULL DEFAULT '0.00' COMMENT '分数权重',
  `description` text COMMENT '阶段说明',
  `status` enum('active','inactive') DEFAULT 'active' COMMENT '阶段状态',
  `created_at` datetime DEFAULT CURRENT_TIMESTAMP,
  `updated_at` datetime DEFAULT CURRENT_TIMESTAMP ON UPDATE CURRENT_TIMESTAMP,
  PRIMARY KEY (`id`),
  UNIQUE KEY `sequence` (`sequence`)
) ENGINE=InnoDB AUTO_INCREMENT=36 DEFAULT CHARSET=utf8mb4 COLLATE=utf8mb4_0900_ai_ci COMMENT='论文阶段定义表';
/*!40101 SET character_set_client = @saved_cs_client */;

LOCK TABLES `progress_stages` WRITE;
/*!40000 ALTER TABLE `progress_stages` DISABLE KEYS */;
INSERT INTO `progress_stages` VALUES (19,'任务书下达','task_book',1,1,1,0.05,'导师下达毕业设计任务书','active','2024-12-16 16:10:16','2024-12-16 16:10:16'),(20,'文献综述','literature',2,1,1,0.10,'完成文献阅读和综述','active','2024-12-16 16:10:16','2024-12-16 16:10:16'),(21,'开题报告','proposal',3,1,1,0.10,'完成开题报告和答辩','active','2024-12-16 16:10:16','2024-12-16 16:10:16'),(22,'原文翻译','translation',4,1,1,0.10,'完成外文文献翻译','active','2024-12-16 16:10:16','2024-12-16 16:10:16'),(23,'中期检查','midterm',5,1,1,0.15,'完成中期检查报告','active','2024-12-16 16:10:16','2024-12-16 16:10:16'),(32,'论文提交','thesis_submit',6,1,1,0.15,'提交毕业论文完整版','active','2024-12-28 21:02:09','2024-12-28 21:02:09'),(33,'导师评阅','advisor_review',7,1,1,0.15,'指导教师评阅论文','active','2024-12-28 21:02:09','2024-12-28 21:02:09'),(34,'同行评阅','peer_review',8,1,1,0.10,'同行专家评阅论文','active','2024-12-28 21:02:09','2024-12-28 21:02:09'),(35,'论文答辩','defense',9,1,1,0.10,'完成最终答辩','active','2024-12-28 21:02:09','2024-12-28 21:02:09');
/*!40000 ALTER TABLE `progress_stages` ENABLE KEYS */;
UNLOCK TABLES;
DROP TABLE IF EXISTS `proposal_reviews`;
/*!40101 SET @saved_cs_client     = @@character_set_client */;
/*!50503 SET character_set_client = utf8mb4 */;
CREATE TABLE `proposal_reviews` (
  `id` int NOT NULL AUTO_INCREMENT,
  `student_id` varchar(50) NOT NULL,
  `teacher_id` varchar(50) NOT NULL,
  `version` int NOT NULL DEFAULT '1' COMMENT '版本号',
  `file_url` varchar(255) DEFAULT NULL COMMENT '开题报告文件路径',
  `status` enum('not_started','in_progress','reviewing','revision_needed','completed') DEFAULT 'not_started' COMMENT '状态',
  `research_background_score` decimal(5,2) DEFAULT NULL COMMENT '研究背景分数',
  `technical_route_score` decimal(5,2) DEFAULT NULL COMMENT '技术路线分数',
  `feasibility_score` decimal(5,2) DEFAULT NULL COMMENT '可行性分析分数',
  `innovation_score` decimal(5,2) DEFAULT NULL COMMENT '创新点分数',
  `total_score` decimal(5,2) DEFAULT NULL COMMENT '总分',
  `research_background_comment` text COMMENT '研究背景评语',
  `technical_route_comment` text COMMENT '技术路线评语',
  `feasibility_comment` text COMMENT '可行性分析评语',
  `innovation_comment` text COMMENT '创新点评语',
  `general_comment` text COMMENT '总体评语',
  `improvement_suggestions` text COMMENT '改进建议',
  `submit_time` datetime DEFAULT NULL COMMENT '提交时间',
  `review_time` datetime DEFAULT NULL COMMENT '评审时间',
  `created_at` datetime DEFAULT CURRENT_TIMESTAMP,
  `updated_at` datetime DEFAULT CURRENT_TIMESTAMP ON UPDATE CURRENT_TIMESTAMP,
  PRIMARY KEY (`id`),
  KEY `student_id` (`student_id`),
  KEY `teacher_id` (`teacher_id`),
  CONSTRAINT `proposal_reviews_ibfk_1` FOREIGN KEY (`student_id`) REFERENCES `students` (`student_id`) ON DELETE CASCADE,
  CONSTRAINT `proposal_reviews_ibfk_2` FOREIGN KEY (`teacher_id`) REFERENCES `users` (`user_id`) ON DELETE CASCADE
) ENGINE=InnoDB AUTO_INCREMENT=12 DEFAULT CHARSET=utf8mb4 COLLATE=utf8mb4_0900_ai_ci COMMENT='开题报告评审表';
/*!40101 SET character_set_client = @saved_cs_client */;

LOCK TABLES `proposal_reviews` WRITE;
/*!40000 ALTER TABLE `proposal_reviews` DISABLE KEYS */;
INSERT INTO `proposal_reviews` VALUES (1,'S2024105','T2024017',9,'uploads/proposal/S2024105_1734525570922.pdf','completed',80.00,85.00,90.00,82.00,84.25,'qre','aeg','dggd','fhfy','dhgk','trdtrh','2024-12-18 20:39:30','2024-12-18 23:58:32','2024-12-17 00:03:32','2024-12-18 23:58:32'),(2,'S2024107','T2024001',3,'uploads/proposal/S2024107_proposal.docx','completed',87.00,89.00,90.00,96.00,90.50,'','','','','','','2024-12-30 16:08:51','2025-01-02 00:32:42','2024-12-30 14:29:53','2025-01-02 00:32:42'),(5,'S2024114','T2024013',1,NULL,'not_started',NULL,NULL,NULL,NULL,NULL,NULL,NULL,NULL,NULL,NULL,NULL,NULL,NULL,'2024-12-31 13:25:22','2024-12-31 13:25:22'),(6,'S2024115','T2024001',1,'uploads/proposal/S2024115_proposal.docx','completed',86.00,87.00,89.00,87.00,87.25,'aflsagluagrulaeig','afkaeguliaerglar','fralhiaeulgjaelkge','egliaruglaolkmeathaeth','agliuarghuliawrgljaer','flasiugraeolgkare',NULL,'2024-12-31 14:00:03','2024-12-31 13:52:04','2024-12-31 14:00:03'),(7,'S2024084','T2024001',1,NULL,'completed',89.00,98.00,78.00,68.00,83.25,'aglagrhuiaeulig','fahigahlruige','faighaugiuaeare','rgalhiaeghuaguliaeg','faikaghaeruhiaeg','faihughaigurrae',NULL,'2024-12-31 17:29:48','2024-12-31 17:21:58','2024-12-31 17:29:48'),(8,'S2024117','T2024001',1,NULL,'completed',89.00,87.00,68.00,89.00,83.25,'sfkuaeraeliguaoergra','gierlglaiegjargi;oea','fakghawiguailgiaerio','feagufawikfagruoi','fyaerghakghair','fuyakrghiarufar',NULL,'2025-01-02 00:32:32','2025-01-02 00:29:09','2025-01-02 00:32:32'),(9,'S2024020','T2024001',1,'uploads/proposal/S2024020_proposal.pdf','reviewing',78.00,98.00,78.00,68.00,80.50,'alsiugaerlgoiaerjg;iaeo','fawrluigjar;ogiarkek;o','frlawuigraigjeo;tig','fhlwriagerlgiaehul','fkweehfrawliufWHFL','FLWIUAGEARGJEARNK','2025-01-02 08:53:46','2025-01-02 08:54:23','2025-01-02 08:43:06','2025-01-02 08:56:24'),(10,'S2024127','T2024008',1,'uploads/proposal/S2024127_proposal.pdf','completed',78.00,87.00,89.00,87.00,85.25,'gnlteshjstoig','farighedhsth','fhgkaerhaer','fkwarughaerirehigaerhu','\nshiflarguaer','grahligr','2025-01-02 09:47:27','2025-01-02 09:47:49','2025-01-02 09:40:43','2025-01-02 09:47:49'),(11,'S2024104','T2024001',1,NULL,'not_started',NULL,NULL,NULL,NULL,NULL,NULL,NULL,NULL,NULL,NULL,NULL,NULL,NULL,'2025-01-02 09:46:25','2025-01-02 09:46:25');
/*!40000 ALTER TABLE `proposal_reviews` ENABLE KEYS */;
UNLOCK TABLES;
/*!50003 SET @saved_cs_client      = @@character_set_client */ ;
/*!50003 SET @saved_cs_results     = @@character_set_results */ ;
/*!50003 SET @saved_col_connection = @@collation_connection */ ;
/*!50003 SET character_set_client  = utf8mb4 */ ;
/*!50003 SET character_set_results = utf8mb4 */ ;
/*!50003 SET collation_connection  = utf8mb4_0900_ai_ci */ ;
/*!50003 SET @saved_sql_mode       = @@sql_mode */ ;
/*!50003 SET sql_mode              = 'ONLY_FULL_GROUP_BY,STRICT_TRANS_TABLES,NO_ZERO_IN_DATE,NO_ZERO_DATE,ERROR_FOR_DIVISION_BY_ZERO,NO_ENGINE_SUBSTITUTION' */ ;
DELIMITER ;;
/*!50003 CREATE*/ /*!50017 DEFINER=`root`@`localhost`*/ /*!50003 TRIGGER `proposal_review_version_update` BEFORE UPDATE ON `proposal_reviews` FOR EACH ROW BEGIN
    -- 当状态变更为 revision_needed 时，版本号加1
    IF NEW.status = 'revision_needed' AND OLD.status != 'revision_needed' THEN
        SET NEW.version = OLD.version + 1;
    END IF;
END */;;
DELIMITER ;
/*!50003 SET sql_mode              = @saved_sql_mode */ ;
/*!50003 SET character_set_client  = @saved_cs_client */ ;
/*!50003 SET character_set_results = @saved_cs_results */ ;
/*!50003 SET collation_connection  = @saved_col_connection */ ;
DROP TABLE IF EXISTS `student_stage_scores`;
/*!40101 SET @saved_cs_client     = @@character_set_client */;
/*!50503 SET character_set_client = utf8mb4 */;
CREATE TABLE `student_stage_scores` (
  `id` int NOT NULL AUTO_INCREMENT,
  `student_id` varchar(50) NOT NULL,
  `task_book_score` decimal(5,2) DEFAULT NULL COMMENT '任务书分数',
  `literature_score` decimal(5,2) DEFAULT NULL COMMENT '文献综述分数',
  `proposal_score` decimal(5,2) DEFAULT NULL COMMENT '开题报告分数',
  `translation_score` decimal(5,2) DEFAULT NULL COMMENT '外文翻译分数',
  `midterm_score` decimal(5,2) DEFAULT NULL COMMENT '中期检查分数',
  `thesis_submit_score` decimal(5,2) DEFAULT NULL COMMENT '论文提交分数',
  `advisor_review_score` decimal(5,2) DEFAULT NULL COMMENT '导师评阅分数',
  `peer_review_score` decimal(5,2) DEFAULT NULL COMMENT '同行评阅分数',
  `defense_score` decimal(5,2) DEFAULT NULL COMMENT '答辩分数',
  `total_weighted_score` decimal(5,2) DEFAULT NULL COMMENT '总加权分数',
  `created_at` datetime DEFAULT CURRENT_TIMESTAMP,
  `updated_at` datetime DEFAULT CURRENT_TIMESTAMP ON UPDATE CURRENT_TIMESTAMP,
  PRIMARY KEY (`id`),
  KEY `student_id` (`student_id`),
  CONSTRAINT `student_stage_scores_ibfk_1` FOREIGN KEY (`student_id`) REFERENCES `students` (`student_id`) ON DELETE CASCADE
) ENGINE=InnoDB AUTO_INCREMENT=17 DEFAULT CHARSET=utf8mb4 COLLATE=utf8mb4_0900_ai_ci COMMENT='学生阶段分数表';
/*!40101 SET character_set_client = @saved_cs_client */;

LOCK TABLES `student_stage_scores` WRITE;
/*!40000 ALTER TABLE `student_stage_scores` DISABLE KEYS */;
INSERT INTO `student_stage_scores` VALUES (1,'S2024104',100.00,88.00,90.00,NULL,NULL,NULL,NULL,NULL,NULL,0.23,'2024-12-16 16:10:24','2024-12-16 18:56:06'),(2,'S2024105',100.00,91.75,84.25,83.33,88.67,100.00,75.75,64.17,76.10,0.85,'2024-12-16 16:26:49','2024-12-30 01:09:22'),(3,'S2024107',100.00,87.50,90.50,87.00,89.00,100.00,92.25,83.75,84.75,99.59,'2024-12-30 14:50:17','2025-01-02 00:32:42'),(6,'S2024115',100.00,80.50,87.25,87.67,90.00,100.00,NULL,NULL,NULL,0.59,'2024-12-31 13:51:22','2024-12-31 14:20:44'),(8,'S2024084',100.00,88.00,83.25,92.00,85.00,100.00,80.50,79.83,81.55,0.87,'2024-12-31 17:20:09','2025-01-01 13:46:35'),(10,'S2024117',100.00,85.75,83.25,78.33,84.67,100.00,80.50,85.00,82.60,0.86,'2025-01-02 00:28:55','2025-01-02 00:45:10'),(11,'S2024117',NULL,NULL,83.25,78.33,84.67,100.00,80.50,85.00,82.60,0.73,'2025-01-02 00:32:32','2025-01-02 00:45:10'),(12,'S2024107',NULL,NULL,90.50,NULL,NULL,NULL,NULL,NULL,NULL,99.59,'2025-01-02 00:32:42','2025-01-02 00:32:42'),(13,'S2024020',100.00,86.50,80.50,88.33,81.67,100.00,82.00,81.25,80.45,0.86,'2025-01-02 08:42:46','2025-01-02 09:25:58'),(14,'S2024020',NULL,NULL,80.50,88.33,81.67,100.00,82.00,81.25,80.45,0.73,'2025-01-02 08:54:23','2025-01-02 09:25:58'),(15,'S2024127',100.00,85.50,85.25,88.00,81.67,100.00,85.75,85.67,NULL,0.80,'2025-01-02 09:39:55','2025-01-02 09:51:52'),(16,'S2024127',NULL,NULL,85.25,88.00,81.67,100.00,85.75,85.67,NULL,0.66,'2025-01-02 09:47:49','2025-01-02 09:51:52');
/*!40000 ALTER TABLE `student_stage_scores` ENABLE KEYS */;
UNLOCK TABLES;
DROP TABLE IF EXISTS `students`;
/*!40101 SET @saved_cs_client     = @@character_set_client */;
/*!50503 SET character_set_client = utf8mb4 */;
CREATE TABLE `students` (
  `student_id` varchar(50) NOT NULL,
  `name` varchar(50) NOT NULL,
  `gender` enum('男','女') DEFAULT NULL,
  `major` varchar(100) DEFAULT NULL,
  `class_name` varchar(50) DEFAULT NULL,
  `phone` varchar(20) DEFAULT NULL,
  `email` varchar(100) DEFAULT NULL,
  `notes` text,
  PRIMARY KEY (`student_id`)
) ENGINE=InnoDB DEFAULT CHARSET=utf8mb4 COLLATE=utf8mb4_0900_ai_ci;
/*!40101 SET character_set_client = @saved_cs_client */;

LOCK TABLES `students` WRITE;
/*!40000 ALTER TABLE `students` DISABLE KEYS */;
INSERT INTO `students` VALUES ('S2024001','李同学','男','计算机科学与技术','计算机科学与技术学院','15376959676','2915399378@qq.com',''),('S2024002','王娜','女','信息安全','计算机科学与技术学院','13976328835','student2@test.com','王娜的个人简介'),('S2024003','刘秀英','女','人工智能','人工智能学院','13958890202','student3@test.com','刘秀英的个人简介'),('S2024004','陈敏','女','数据科学','人工智能学院','13948050005','student4@test.com','陈敏的个人简介'),('S2024005','杨静','女','计算机科学与技术','计算机科学与技术学院','13983854719','student5@test.com','杨静的个人简介'),('S2024006','赵丽','女','软件工程','软件工程学院','13944296979','student6@test.com','赵丽的个人简介'),('S2024007','黄强','男','信息安全','计算机科学与技术学院','13983364204','student7@test.com','黄强的个人简介'),('S2024008','周磊','男','人工智能','人工智能学院','13942134133','student8@test.com','周磊的个人简介'),('S2024009','吴洋','男','数据科学','人工智能学院','13956905893','student9@test.com','吴洋的个人简介'),('S2024010','张伟','男','计算机科学与技术','计算机科学与技术学院','13902463723','student10@test.com','张伟的个人简介'),('S2024011','李芳','男','软件工程','软件工程学院','13998373545','student11@test.com','李芳的个人简介'),('S2024012','王娜','男','信息安全','计算机科学与技术学院','13983702334','student12@test.com','王娜的个人简介'),('S2024013','刘秀英','女','人工智能','人工智能学院','13973974073','student13@test.com','刘秀英的个人简介'),('S2024014','陈敏','女','数据科学','人工智能学院','13959634221','student14@test.com','陈敏的个人简介'),('S2024015','杨静','女','计算机科学与技术','计算机科学与技术学院','13993053630','student15@test.com','杨静的个人简介'),('S2024016','赵丽','女','软件工程','软件工程学院','13996796899','student16@test.com','赵丽的个人简介'),('S2024017','黄强','男','信息安全','计算机科学与技术学院','13944954457','student17@test.com','黄强的个人简介'),('S2024018','周磊','男','人工智能','人工智能学院','13905645545','student18@test.com','周磊的个人简介'),('S2024019','吴洋','男','数据科学','人工智能学院','13948485143','student19@test.com','吴洋的个人简介'),('S2024020','张伟','女','计算机科学与技术','计算机科学与技术学院','13993594311','student20@test.com','张伟的个人简介'),('S2024022','王娜','女','信息安全','计算机科学与技术学院','13939407744','student22@test.com','王娜的个人简介'),('S2024023','刘秀英','男','人工智能','人工智能学院','13963784849','student23@test.com','刘秀英的个人简介'),('S2024024','陈敏','女','数据科学','人工智能学院','13959844162','student24@test.com','陈敏的个人简介'),('S2024025','杨静','女','计算机科学与技术','计算机科学与技术学院','13929144272','student25@test.com','杨静的个人简介'),('S2024026','赵丽','男','软件工程','软件工程学院','13971386815','student26@test.com','赵丽的个人简介'),('S2024027','黄强','男','信息安全','计算机科学与技术学院','13951589892','student27@test.com','黄强的个人简介'),('S2024028','周磊','女','人工智能','人工智能学院','13975504506','student28@test.com','周磊的个人简介'),('S2024029','吴洋','男','数据科学','人工智能学院','13979972800','student29@test.com','吴洋的个人简介'),('S2024030','张伟','男','计算机科学与技术','计算机科学与技术学院','13948596540','student30@test.com','张伟的个人简介'),('S2024031','李芳','女','软件工程','软件工程学院','13917614321','student31@test.com','李芳的个人简介'),('S2024032','王娜','女','信息安全','计算机科学与技术学院','13914491104','student32@test.com','王娜的个人简介'),('S2024033','刘秀英','男','人工智能','人工智能学院','13965474152','student33@test.com','刘秀英的个人简介'),('S2024034','陈敏','女','数据科学','人工智能学院','13966140142','student34@test.com','陈敏的个人简介'),('S2024035','杨静','男','计算机科学与技术','计算机科学与技术学院','13960808455','student35@test.com','杨静的个人简介'),('S2024036','赵丽','女','软件工程','软件工程学院','13917288099','student36@test.com','赵丽的个人简介'),('S2024037','黄强','女','信息安全','计算机科学与技术学院','13981273910','student37@test.com','黄强的个人简介'),('S2024038','周磊','女','人工智能','人工智能学院','13970686151','student38@test.com','周磊的个人简介'),('S2024039','吴洋','男','数据科学','人工智能学院','13964285381','student39@test.com','吴洋的个人简介'),('S2024040','张伟','女','计算机科学与技术','计算机科学与技术学院','13918007465','student40@test.com','张伟的个人简介'),('S2024041','李芳','女','软件工程','软件工程学院','13974376412','student41@test.com','李芳的个人简介'),('S2024042','王娜','男','信息安全','计算机科学与技术学院','13916677681','student42@test.com','王娜的个人简介'),('S2024043','刘秀英','男','人工智能','人工智能学院','13906944071','student43@test.com','刘秀英的个人简介'),('S2024044','陈敏','女','数据科学','人工智能学院','13938458530','student44@test.com','陈敏的个人简介'),('S2024045','杨静','男','计算机科学与技术','计算机科学与技术学院','13985017311','student45@test.com','杨静的个人简介'),('S2024046','赵丽','女','软件工程','软件工程学院','13927758226','student46@test.com','赵丽的个人简介'),('S2024047','黄强','女','信息安全','计算机科学与技术学院','13953921077','student47@test.com','黄强的个人简介'),('S2024048','周磊','男','人工智能','人工智能学院','13950837754','student48@test.com','周磊的个人简介'),('S2024049','吴洋','女','数据科学','人工智能学院','13957784629','student49@test.com','吴洋的个人简介'),('S2024050','张伟','男','计算机科学与技术','计算机科学与技术学院','13909649506','student50@test.com','张伟的个人简介'),('S2024051','黄娜','男','软件工程','软件工程学院','13946298196','student51@university.edu','黄娜的个人简介'),('S2024052','赵静','男','信息安全','计算机科学与技术学院','13950411863','student52@university.edu','赵静的个人简介'),('S2024053','王明','女','软件工程','软件工程学院','13929569058','student53@university.edu','王明的个人简介'),('S2024054','黄秀英','男','计算机科学与技术','计算机科学与技术学院','13923551833','student54@university.edu','黄秀英的个人简介'),('S2024055','黄敏','男','软件工程','软件工程学院','13987555260','student55@university.edu','黄敏的个人简介'),('S2024056','陈明','男','电子信息工程','电子信息工程学院','13927438152','student56@university.edu','陈明的个人简介'),('S2024057','杨秀英','女','计算机科学与技术','计算机科学与技术学院','13984118386','student57@university.edu','杨秀英的个人简介'),('S2024058','张静','男','数据科学','人工智能学院','13966137812','student58@university.edu','张静的个人简介'),('S2024059','黄明','男','电子信息工程','电子信息工程学院','13976383864','student59@university.edu','黄明的个人简介'),('S2024060','刘华','男','软件工程','软件工程学院','13927926820','student60@university.edu','刘华的个人简介'),('S2024061','吴强','女','数据科学','人工智能学院','13936158634','student61@university.edu','吴强的个人简介'),('S2024062','张芳','男','软件工程','软件工程学院','13974786705','student62@university.edu','张芳的个人简介'),('S2024063','王明','男','人工智能','人工智能学院','13996447001','student63@university.edu','王明的个人简介'),('S2024064','吴娜','女','计算机科学与技术','计算机科学与技术学院','13956407252','student64@university.edu','吴娜的个人简介'),('S2024065','杨华','女','软件工程','软件工程学院','13944725634','student65@university.edu','杨华的个人简介'),('S2024066','李静','男','软件工程','软件工程学院','13995178489','student66@university.edu','李静的个人简介'),('S2024067','黄静','女','数据科学','人工智能学院','13961438534','student67@university.edu','黄静的个人简介'),('S2024068','李强','女','人工智能','人工智能学院','13918160991','student68@university.edu','李强的个人简介'),('S2024069','张华','男','电子信息工程','电子信息工程学院','13965512035','student69@university.edu','张华的个人简介'),('S2024070','赵秀英','男','人工智能','人工智能学院','13994843514','student70@university.edu','赵秀英的个人简介'),('S2024071','杨强','男','人工智能','人工智能学院','13959874353','student71@university.edu','杨强的个人简介'),('S2024072','王磊','女','软件工程','软件工程学院','13950886128','student72@university.edu','王磊的个人简介'),('S2024073','杨明','男','软件工程','软件工程学院','13992823846','student73@university.edu','杨明的个人简介'),('S2024074','周娜','男','人工智能','人工智能学院','13934303213','student74@university.edu','周娜的个人简介'),('S2024075','王华','男','软件工程','软件工程学院','13938438906','student75@university.edu','王华的个人简介'),('S2024076','陈明','男','数据科学','人工智能学院','13912607163','student76@university.edu','陈明的个人简介'),('S2024077','杨强','女','电子信息工程','电子信息工程学院','13916989888','student77@university.edu','杨强的个人简介'),('S2024078','刘秀英','女','软件工程','软件工程学院','13922775523','student78@university.edu','刘秀英的个人简介'),('S2024079','陈强','女','电子信息工程','电子信息工程学院','13988163102','student79@university.edu','陈强的个人简介'),('S2024080','刘华','男','电子信息工程','电子信息工程学院','13979690666','student80@university.edu','刘华的个人简介'),('S2024081','黄娜','女','人工智能','人工智能学院','13917813741','student81@university.edu','黄娜的个人简介'),('S2024082','黄芳','男','电子信息工程','电子信息工程学院','13958912451','student82@university.edu','黄芳的个人简介'),('S2024083','赵娜','男','电子信息工程','电子信息工程学院','13930751590','student83@university.edu','赵娜的个人简介'),('S2024084','王芳','女','计算机科学与技术','计算机科学与技术学院','13962470166','student84@university.edu','王芳的个人简介'),('S2024101','陈磊','男','人工智能','人工智能学院','13921428946','student101@university.edu','陈磊的个人简介'),('S2024102','吴静','女','信息安全','计算机科学与技术学院','13911111671','student102@university.edu','吴静的个人简介'),('S2024103','杨敏','女','电子信息工程','电子信息工程学院','13941440486','student103@university.edu','杨敏的个人简介'),('S2024104','李静','男','计算机科学与技术','计算机科学与技术学院','13985691575','student104@university.edu','李静的个人简介'),('S2024105','陈静','女','计算机科学与技术','计算机科学与技术学院','13964984992','student105@university.edu','陈静的个人简介'),('S2024106','赵伟','男','软件工程','软件工程学院','13968105147','student106@university.edu','赵伟的个人简介'),('S2024107','赵磊','女','计算机科学与技术','计算机科学与技术学院','13942494295','student107@university.edu','赵磊的个人简介'),('S2024108','周芳','男','人工智能','人工智能学院','13976266388','student108@university.edu','周芳的个人简介'),('S2024109','王敏','男','数据科学','人工智能学院','13952209711','student109@university.edu','王敏的个人简介'),('S2024110','李明','女','软件工程','软件工程学院','13999536391','student110@university.edu','李明的个人简介'),('S2024111','张静','女','软件工程','软件工程学院','13970547804','student111@university.edu','张静的个人简介'),('S2024112','李静','女','软件工程','软件工程学院','13910906328','student112@university.edu','李静的个人简介'),('S2024113','王伟','男','电子信息工程','电子信息工程学院','13917808512','student113@university.edu','王伟的个人简介'),('S2024114','周伟','女','计算机科学与技术','计算机科学与技术学院','13931305255','student114@university.edu','周伟的个人简介'),('S2024115','赵娜','女','电子信息工程','电子信息工程学院','13925790331','student115@university.edu','赵娜的个人简介'),('S2024116','吴明','女','电子信息工程','电子信息工程学院','13951106070','student116@university.edu','吴明的个人简介'),('S2024117','李伟','男','信息安全','计算机科学与技术学院','13933490197','student117@university.edu','李伟的个人简介'),('S2024118','刘静','女','数据科学','人工智能学院','13991656444','student118@university.edu','刘静的个人简介'),('S2024119','周敏','女','软件工程','软件工程学院','13991789165','student119@university.edu','周敏的个人简介'),('S2024120','王强','男','数据科学','人工智能学院','13962463929','student120@university.edu','王强的个人简介'),('S2024121','黄秀英','男','软件工程','软件工程学院','13944776738','student121@university.edu','黄秀英的个人简介'),('S2024122','王静','女','人工智能','人工智能学院','13960234943','student122@university.edu','王静的个人简介'),('S2024123','赵强','女','计算机科学与技术','计算机科学与技术学院','13910179604','student123@university.edu','赵强的个人简介'),('S2024124','吴强','男','人工智能','人工智能学院','13913230092','student124@university.edu','吴强的个人简介'),('S2024125','杨强','男','软件工程','软件工程学院','13918543904','student125@university.edu','杨强的个人简介'),('S2024126','赵明','女','数据科学','人工智能学院','13991463804','student126@university.edu','赵明的个人简介'),('S2024127','王秀英','女','计算机科学与技术','计算机科学与技术学院','13945519662','student127@university.edu','王秀英的个人简介'),('S2024128','吴强','女','计算机科学与技术','计算机科学与技术学院','13950187443','student128@university.edu','吴强的个人简介'),('S2024129','周秀英','男','电子信息工程','电子信息工程学院','13930167133','student129@university.edu','周秀英的个人简介'),('S2024130','周秀英','男','计算机科学与技术','计算机科学与技术学院','13932907907','student130@university.edu','周秀英的个人简介'),('S2024131','杨秀英','女','计算机科学与技术','计算机科学与技术学院','13937136384','student131@university.edu','杨秀英的个人简介'),('S2024132','黄明','女','人工智能','人工智能学院','13927086093','student132@university.edu','黄明的个人简介'),('S2024133','张敏','女','信息安全','计算机科学与技术学院','13912493636','student133@university.edu','张敏的个人简介'),('S2024134','王敏','女','数据科学','人工智能学院','13935988538','student134@university.edu','王敏的个人简介'),('S2024135','周芳','女','电子信息工程','电子信息工程学院','13912994216','student135@university.edu','周芳的个人简介'),('S2024136','陈秀英','女','软件工程','软件工程学院','13972794138','student136@university.edu','陈秀英的个人简介'),('S2024137','吴明','男','软件工程','软件工程学院','13916313679','student137@university.edu','吴明的个人简介'),('S2024138','杨静','男','人工智能','人工智能学院','13948017414','student138@university.edu','杨静的个人简介'),('S2024139','黄芳','女','软件工程','软件工程学院','13970061340','student139@university.edu','黄芳的个人简介'),('S2024140','张娜','男','电子信息工程','电子信息工程学院','13951458144','student140@university.edu','张娜的个人简介'),('S2024141','杨秀英','男','软件工程','软件工程学院','13951587664','student141@university.edu','杨秀英的个人简介'),('S2024142','赵强','男','电子信息工程','电子信息工程学院','13910516790','student142@university.edu','赵强的个人简介'),('S2024143','周芳','女','计算机科学与技术','计算机科学与技术学院','13916178684','student143@university.edu','周芳的个人简介'),('S2024144','王华','女','软件工程','软件工程学院','13936994020','student144@university.edu','王华的个人简介'),('S2024145','吴华','女','电子信息工程','电子信息工程学院','13926283812','student145@university.edu','吴华的个人简介'),('S2024146','张伟','男','计算机科学与技术','计算机科学与技术学院','13926522757','student146@university.edu','张伟的个人简介'),('S2024147','张秀英','女','信息安全','计算机科学与技术学院','13982594984','student147@university.edu','张秀英的个人简介'),('S2024148','赵芳','女','计算机科学与技术','计算机科学与技术学院','13972928933','student148@university.edu','赵芳的个人简介'),('S2024149','王伟','男','软件工程','软件工程学院','13989209189','student149@university.edu','王伟的个人简介'),('S2024150','李敏','女','数据科学','人工智能学院','13992795930','student150@university.edu','李敏的个人简介'),('S2024151','李娜','女','电子信息工程','电子信息工程学院','13935276048','student151@university.edu','李娜的个人简介'),('S2024152','赵敏','男','计算机科学与技术','计算机科学与技术学院','13969967723','student152@university.edu','赵敏的个人简介'),('S2024153','张芳','女','电子信息工程','电子信息工程学院','13942207604','student153@university.edu','张芳的个人简介'),('S2024154','张强','男','人工智能','人工智能学院','13956206235','student154@university.edu','张强的个人简介'),('S2024155','王秀英','女','电子信息工程','电子信息工程学院','13928090294','student155@university.edu','王秀英的个人简介'),('S2024156','张华','女','电子信息工程','电子信息工程学院','13913934972','student156@university.edu','张华的个人简介'),('S2024157','李秀英','女','软件工程','软件工程学院','13935251334','student157@university.edu','李秀英的个人简介'),('S2024158','周磊','女','计算机科学与技术','计算机科学与技术学院','13928248484','student158@university.edu','周磊的个人简介'),('S2024159','周华','男','信息安全','计算机科学与技术学院','13937042137','student159@university.edu','周华的个人简介'),('S2024160','王敏','男','计算机科学与技术','计算机科学与技术学院','13992362920','student160@university.edu','王敏的个人简介'),('S2024161','王敏','女','电子信息工程','电子信息工程学院','13956793754','student161@university.edu','王敏的个人简介'),('S2024162','刘磊','男','软件工程','软件工程学院','13965275460','student162@university.edu','刘磊的个人简介'),('S2024163','杨强','女','软件工程','软件工程学院','13958217720','student163@university.edu','杨强的个人简介'),('S2024164','李华','男','计算机科学与技术','计算机科学与技术学院','13937943695','student164@university.edu','李华的个人简介'),('S2024165','杨磊','女','软件工程','软件工程学院','13936739570','student165@university.edu','杨磊的个人简介'),('S2024166','王秀英','女','电子信息工程','电子信息工程学院','13962033382','student166@university.edu','王秀英的个人简介'),('S2024167','杨明','男','计算机科学与技术','计算机科学与技术学院','13942434221','student167@university.edu','杨明的个人简介'),('S2024168','周华','男','计算机科学与技术','计算机科学与技术学院','13937447856','student168@university.edu','周华的个人简介'),('S2024169','刘磊','女','计算机科学与技术','计算机科学与技术学院','13913781125','student169@university.edu','刘磊的个人简介'),('S2024170','刘强','女','计算机科学与技术','计算机科学与技术学院','13979382098','student170@university.edu','刘强的个人简介'),('S2024171','周芳','女','人工智能','人工智能学院','13983846638','student171@university.edu','周芳的个人简介'),('S2024172','黄明','男','软件工程','软件工程学院','13934385959','student172@university.edu','黄明的个人简介'),('S2024173','杨娜','女','软件工程','软件工程学院','13980239974','student173@university.edu','杨娜的个人简介'),('S2024174','李娜','男','软件工程','软件工程学院','13914275975','student174@university.edu','李娜的个人简介'),('S2024175','周强','女','数据科学','人工智能学院','13927076158','student175@university.edu','周强的个人简介'),('S2024176','李明','女','电子信息工程','电子信息工程学院','13922844550','student176@university.edu','李明的个人简介'),('S2024177','陈明','男','电子信息工程','电子信息工程学院','13917772180','student177@university.edu','陈明的个人简介'),('S2024178','张伟','女','软件工程','软件工程学院','13987359590','student178@university.edu','张伟的个人简介'),('S2024179','周强','男','人工智能','人工智能学院','13963185022','student179@university.edu','周强的个人简介'),('S2024180','赵敏','女','电子信息工程','电子信息工程学院','13994781622','student180@university.edu','赵敏的个人简介'),('S2024181','赵伟','男','计算机科学与技术','计算机科学与技术学院','13933816784','student181@university.edu','赵伟的个人简介'),('S2024182','赵静','女','信息安全','计算机科学与技术学院','13945365585','student182@university.edu','赵静的个人简介'),('S2024183','黄娜','男','信息安全','计算机科学与技术学院','13961208275','student183@university.edu','黄娜的个人简介'),('S2024184','杨强','男','电子信息工程','电子信息工程学院','13939873478','student184@university.edu','杨强的个人简介'),('S2024185','杨敏','男','电子信息工程','电子信息工程学院','13924999323','student185@university.edu','杨敏的个人简介'),('S2024186','李娜','男','电子信息工程','电子信息工程学院','13931521890','student186@university.edu','李娜的个人简介'),('S2024187','黄秀英','男','软件工程','软件工程学院','13950591395','student187@university.edu','黄秀英的个人简介'),('S2024188','杨娜','男','电子信息工程','电子信息工程学院','13952420420','student188@university.edu','杨娜的个人简介'),('S2024189','周强','女','电子信息工程','电子信息工程学院','13973446050','student189@university.edu','周强的个人简介'),('S2024190','杨芳','女','软件工程','软件工程学院','13922307621','student190@university.edu','杨芳的个人简介'),('S2024191','王娜','女','软件工程','软件工程学院','13993084510','student191@university.edu','王娜的个人简介'),('S2024192','赵磊','女','数据科学','人工智能学院','13999546985','student192@university.edu','赵磊的个人简介'),('S2024193','张强','女','数据科学','人工智能学院','13936140625','student193@university.edu','张强的个人简介'),('S2024194','王伟','男','软件工程','软件工程学院','13944668320','student194@university.edu','王伟的个人简介'),('S2024195','王娜','男','数据科学','人工智能学院','13910299847','student195@university.edu','王娜的个人简介'),('S2024196','吴华','男','数据科学','人工智能学院','13961673270','student196@university.edu','吴华的个人简介'),('S2024197','张磊','男','数据科学','人工智能学院','13963893457','student197@university.edu','张磊的个人简介'),('S2024198','杨磊','女','软件工程','软件工程学院','13987697088','student198@university.edu','杨磊的个人简介'),('S2024199','杨秀英','女','电子信息工程','电子信息工程学院','13930973836','student199@university.edu','杨秀英的个人简介'),('S2024200','周强','女','计算机科学与技术','计算机科学与技术学院','13942596114','student200@university.edu','周强的个人简介');
/*!40000 ALTER TABLE `students` ENABLE KEYS */;
UNLOCK TABLES;
DROP TABLE IF EXISTS `supervisors`;
/*!40101 SET @saved_cs_client     = @@character_set_client */;
/*!50503 SET character_set_client = utf8mb4 */;
CREATE TABLE `supervisors` (
  `supervisor_id` varchar(20) NOT NULL,
  `name` varchar(50) NOT NULL DEFAULT '未命名',
  `title` varchar(50) DEFAULT NULL,
  `department` varchar(100) DEFAULT NULL,
  `phone` varchar(20) DEFAULT NULL,
  `email` varchar(100) DEFAULT NULL,
  `research_area` text,
  `max_students` int DEFAULT '8',
  `created_at` datetime DEFAULT CURRENT_TIMESTAMP,
  `updated_at` datetime DEFAULT CURRENT_TIMESTAMP ON UPDATE CURRENT_TIMESTAMP,
  PRIMARY KEY (`supervisor_id`),
  KEY `idx_department` (`department`)
) ENGINE=InnoDB DEFAULT CHARSET=utf8mb4 COLLATE=utf8mb4_0900_ai_ci;
/*!40101 SET character_set_client = @saved_cs_client */;

LOCK TABLES `supervisors` WRITE;
/*!40000 ALTER TABLE `supervisors` DISABLE KEYS */;
INSERT INTO `supervisors` VALUES ('T2024001','刘勇','教授','计算机科学与技术学院','13800138001','','人工智能,机器学习,深度学习',8,'2024-12-11 14:37:08','2024-12-13 00:48:25'),('T2024002','王娜','副教授','计算机科学与技术学院','13800138002','teacher2@test.com','软件工程,软件测试,软件架构',8,'2024-12-11 14:37:08','2024-12-13 00:53:38'),('T2024003','刘秀英','教授','软件工程学院','13800138003','teacher3@test.com','数据库系统,分布式系统,云计算',8,'2024-12-11 14:37:08','2024-12-13 00:53:38'),('T2024004','陈敏','副教授','软件工程学院','13800138004','teacher4@test.com','计算机网络,网络安全,物联网',8,'2024-12-11 14:37:08','2024-12-13 00:53:38'),('T2024005','杨静','讲师','人工智能学院','13800138005','teacher5@test.com','图像处理,计算机视觉,模式识别',8,'2024-12-11 14:37:08','2024-12-13 00:53:38'),('T2024006','赵丽','教授','人工智能学院','13800138006','teacher6@test.com','自然语言处理,知识图谱,语音识别',8,'2024-12-11 14:37:08','2024-12-13 00:50:17'),('T2024007','黄强','副教授','计算机科学与技术学院','13800138007','teacher7@test.com','大数据分析,数据挖掘,机器学习',8,'2024-12-11 14:37:08','2024-12-13 00:50:17'),('T2024008','周磊','教授','计算机科学与技术学院','13800138008','teacher8@test.com','并行计算,高性能计算,分布式系统',8,'2024-12-11 14:37:08','2024-12-13 00:50:17'),('T2024009','吴洋','副教授','软件工程学院','13800138009','teacher9@test.com','软件工程,需求工程,软件质量保证',8,'2024-12-11 14:37:08','2024-12-13 00:50:18'),('T2024010','张伟','教授','软件工程学院','13800138010','teacher10@test.com','人工智能,深度学习,强化学习',8,'2024-12-11 14:37:08','2024-12-13 00:50:18'),('T2024011','李芳','副教授','人工智能学院','13800138011','teacher11@test.com','计算机图形学,虚拟现实,增强现实',8,'2024-12-11 14:37:08','2024-12-13 00:50:18'),('T2024012','王娜','讲师','人工智能学院','13800138012','teacher12@test.com','嵌入式系统,物联网,实时系统',8,'2024-12-11 14:37:08','2024-12-13 00:50:18'),('T2024013','刘秀英','教授','计算机科学与技术学院','13800138013','teacher13@test.com','信息安全,密码学,区块链技术',8,'2024-12-11 14:37:08','2024-12-13 00:50:18'),('T2024014','陈敏','副教授','计算机科学与技术学院','13800138014','teacher14@test.com','软件工程,软件复用,软件维护',8,'2024-12-11 14:37:08','2024-12-13 00:50:18'),('T2024015','杨静','教授','软件工程学院','13800138015','teacher15@test.com','数据库系统,数据仓库,大数据处理',8,'2024-12-11 14:37:08','2024-12-13 00:50:18'),('T2024016','赵丽','副教授','软件工程学院','13800138016','teacher16@test.com','计算机网络,网络协议,网络优化',8,'2024-12-11 14:37:08','2024-12-13 00:50:18'),('T2024017','黄强','教授','人工智能学院','13800138017','teacher17@test.com','人工智能,机器视觉,图像识别',8,'2024-12-11 14:37:08','2024-12-13 00:50:18'),('T2024018','周磊','副教授','人工智能学院','13800138018','teacher18@test.com','自然语言处理,机器翻译,文本挖掘',8,'2024-12-11 14:37:08','2024-12-13 00:50:18'),('T2024019','吴洋','讲师','计算机科学与技术学院','13800138019','teacher19@test.com','软件测试,软件验证,形式化方法',8,'2024-12-11 14:37:08','2024-12-13 00:50:18'),('T2024020','张伟','教授','计算机科学与技术学院','13800138020','teacher20@test.com','云计算,边缘计算,雾计算',8,'2024-12-11 14:37:08','2024-12-13 00:50:18'),('T2024021','李芳','副教授','软件工程学院','13800138021','teacher21@test.com','人机交互,用户界面设计,交互设计',8,'2024-12-11 14:37:08','2024-12-13 00:52:02'),('T2024022','王娜','教授','软件工程学院','13800138022','teacher22@test.com','移动计算,无线网络,移动应用开发',8,'2024-12-11 14:37:08','2024-12-13 00:52:02'),('T2024023','刘秀英','副教授','人工智能学院','13800138023','teacher23@test.com','数据挖掘,知识发现,商业智能',8,'2024-12-11 14:37:08','2024-12-13 00:52:02'),('T2024024','陈敏','讲师','人工智能学院','13800138024','teacher24@test.com','并行算法,分布式计算,网格计算',8,'2024-12-11 14:37:08','2024-12-13 00:52:02'),('T2024025','杨静','教授','计算机科学与技术学院','13800138025','teacher25@test.com','计算机视觉,图像处理,视频分析',8,'2024-12-11 14:37:08','2024-12-13 00:52:02'),('T2024026','赵丽','副教授','计算机科学与技术学院','13800138026','teacher26@test.com','软件架构,设计模式,系统建模',8,'2024-12-11 14:37:08','2024-12-13 00:52:02'),('T2024027','黄强','教授','软件工程学院','13800138027','teacher27@test.com','人工智能,专家系统,知识工程',8,'2024-12-11 14:37:08','2024-12-13 00:52:02'),('T2024028','周磊','副教授','软件工程学院','13800138028','teacher28@test.com','信息检索,搜索引擎,推荐系统',8,'2024-12-11 14:37:08','2024-12-13 00:52:02'),('T2024029','吴洋','讲师','人工智能学院','13800138029','teacher29@test.com','数据库优化,查询处理,事务处理',8,'2024-12-11 14:37:08','2024-12-13 00:52:02'),('T2024030','张伟','教授','人工智能学院','13800138030','teacher30@test.com','机器学习,深度学习,神经网络',8,'2024-12-11 14:37:08','2024-12-13 00:52:02');
/*!40000 ALTER TABLE `supervisors` ENABLE KEYS */;
UNLOCK TABLES;
DROP TABLE IF EXISTS `system_logs`;
/*!40101 SET @saved_cs_client     = @@character_set_client */;
/*!50503 SET character_set_client = utf8mb4 */;
CREATE TABLE `system_logs` (
  `log_id` int NOT NULL AUTO_INCREMENT,
  `user_id` varchar(20) DEFAULT NULL,
  `action` varchar(100) NOT NULL,
  `ip_address` varchar(50) DEFAULT NULL,
  `details` text,
  `created_at` timestamp NULL DEFAULT CURRENT_TIMESTAMP,
  PRIMARY KEY (`log_id`),
  KEY `idx_user_action_time` (`user_id`,`action`,`created_at`),
  CONSTRAINT `system_logs_ibfk_1` FOREIGN KEY (`user_id`) REFERENCES `users` (`user_id`)
) ENGINE=InnoDB AUTO_INCREMENT=1815 DEFAULT CHARSET=utf8mb4 COLLATE=utf8mb4_0900_ai_ci;
/*!40101 SET character_set_client = @saved_cs_client */;

LOCK TABLES `system_logs` WRITE;
/*!40000 ALTER TABLE `system_logs` DISABLE KEYS */;
INSERT INTO `system_logs` VALUES (1,'SA2024001','login','192.168.1.100','用户登录','2024-12-10 03:49:23'),(2,'T2024001','login','192.168.1.101','用户登录','2024-12-10 03:49:23'),(3,'S2024001','login','192.168.1.102','用户登录','2024-12-10 03:49:23'),(4,'SA2024001','update_user','192.168.1.100','更新用户信息','2024-12-10 03:49:23'),(5,'SA2024001','system_config','192.168.1.100','修改系统配置','2024-12-10 03:49:23'),(19,'T2024001','login','192.168.1.90','用户登录','2024-12-10 03:55:12'),(20,'S2024001','login','192.168.1.197','用户登录','2024-12-10 03:55:12'),(21,'SA2024001','login','192.168.1.207','用户登录','2024-12-10 03:55:12'),(22,'SA2024001','system_operation','192.168.1.190','系统操作','2024-12-10 03:55:15'),(23,'T2024001','user.login.success','::1','用户 张老师 登录成功','2024-12-12 07:03:25'),(24,'SA2024001','user.login.success','::1','用户 刘超管 登录成功','2024-12-12 07:03:31'),(25,'SA2024001','stage.update','::1','更新阶段：1，名称：任务书阶段，状态：completed，权重：10%','2024-12-12 07:09:18'),(26,'SA2024001','stage.update','::1','更新阶段：1，名称：任务书阶段，状态：completed，权重：5%','2024-12-12 07:09:23'),(27,'SA2024001','stage.list','::1','查询阶段列表','2024-12-12 07:20:02'),(28,'SA2024001','stage.list','::1','查询阶段列表','2024-12-12 07:20:37'),(29,'SA2024001','stage.list','::1','查询阶段列表','2024-12-12 07:22:27'),(30,'SA2024001','stage.list','::1','查询阶段列表','2024-12-12 07:23:30'),(31,'SA2024001','stage.list','::1','查询阶段列表','2024-12-12 07:23:56'),(32,'SA2024001','stage.list','::1','查询阶段列表','2024-12-12 07:24:07'),(33,'SA2024001','stage.list','::1','查询阶段列表','2024-12-12 07:24:19'),(34,'SA2024001','stage.list','::1','查询阶段列表','2024-12-12 07:26:22'),(35,'SA2024001','stage.list','::1','查询阶段列表','2024-12-12 07:27:18'),(36,'SA2024001','user.login.success','::1','用户 刘超管 登录成功','2024-12-12 07:28:59'),(37,'SA2024001','user.login.success','::1','用户 刘超管 登录成功','2024-12-12 07:34:18'),(38,'G9055083583','user.register','::1','用户注册：dfad，角色：guest','2024-12-12 07:37:35'),(39,'G9204049729','user.register','::1','用户注册：asda，角色：guest','2024-12-12 07:40:04'),(40,'G9319052297','user.register','::1','用户注册：ads，角色：guest','2024-12-12 07:41:59'),(41,'G9467326781','user.register','::1','用户注册：asdfgsh，角色：guest','2024-12-12 07:44:27'),(42,'G9876306369','user.register','::1','用户 123456 注册成功','2024-12-12 07:51:16'),(43,'SA2024001','user.login.success','::1','用户 刘超管 登录成功','2024-12-12 07:51:26'),(44,'SA2024001','user.profile.update','::1','{\"message\":\"用户 刘超管 更新了个人信息\",\"changes\":{\"name\":\"姓名: undefined -> 刘超刘\",\"gender\":\"性别: undefined -> male\",\"department\":\"部门: undefined -> \",\"major\":null,\"title\":\"职称: undefined -> \",\"email\":\"邮箱: undefined -> 2915399378@qq.com\",\"phone\":\"电话: undefined -> 15376959676\"}}','2024-12-12 08:00:54'),(45,'SA2024001','user.password.change','::1','{\"message\":\"用户 刘超管 修改了密码\",\"timestamp\":\"2024-12-12T08:02:57.030Z\"}','2024-12-12 08:02:57'),(46,'SA2024001','user.login.success','::1','用户 刘超管 登录成功','2024-12-12 08:03:02'),(47,'SA2024001','user.password.change','::1','{\"message\":\"用户 刘超管 修改了密码\",\"timestamp\":\"2024-12-12T08:03:13.681Z\"}','2024-12-12 08:03:13'),(48,'SA2024001','user.login.success','::1','用户 刘超管 登录成功','2024-12-12 08:03:18'),(49,'SA2024001','stage.list','::1','查询阶段列表','2024-12-12 08:03:54'),(50,'SA2024001','system.database.backup','::1','{\"message\":\"数据库备份完成\",\"filename\":\"backup-2024-12-12T08-24-28-130Z.sql\",\"timestamp\":\"2024-12-12T08:24:28.627Z\"}','2024-12-12 08:24:28'),(51,'SA2024001','system.database.backup','::1','{\"message\":\"数据库备份完成\",\"filename\":\"backup-2024-12-12T08-27-18-965Z.sql\",\"timestamp\":\"2024-12-12T08:27:19.157Z\"}','2024-12-12 08:27:19'),(52,'SA2024001','system.database.backup','::1','{\"message\":\"数据库备份完成\",\"filename\":\"backup-2024-12-12T09-08-15-411Z.sql\",\"timestamp\":\"2024-12-12T09:08:15.655Z\"}','2024-12-12 09:08:15'),(53,'SA2024001','system.database.backup','::1','{\"message\":\"数据库备份成功\",\"filename\":\"backup-2024-12-12T13-42-21.sql\",\"path\":\"backups\\\\backup-2024-12-12T13-42-21.sql\",\"timestamp\":\"2024-12-12T13:42:21.721Z\"}','2024-12-12 13:42:21'),(54,'SA2024001','system.database.restore','::1','{\"message\":\"数据库恢复完成\",\"filename\":\"backup-2024-12-12T13-42-21.sql\",\"newDbName\":\"test1\",\"backupPath\":\"D:\\\\VSCODE\\\\Graduation Design Management System\\\\backend\\\\backups\\\\backup-2024-12-12T13-42-21.sql\",\"originalDb\":\"graduation_management\",\"timestamp\":\"2024-12-12T13:49:11.399Z\"}','2024-12-12 13:49:11'),(55,'SA2024001','system.database.backup','::1','{\"message\":\"数据库备份成功\",\"filename\":\"backup-2024-12-12T14-01-55.sql\",\"path\":\"backups\\\\backup-2024-12-12T14-01-55.sql\",\"timestamp\":\"2024-12-12T14:01:55.518Z\"}','2024-12-12 14:01:55'),(56,'SA2024001','system.database.backup','::1','{\"message\":\"数据库备份成功\",\"filename\":\"backup-2024-12-12T14-22-15.sql\",\"path\":\"backups\\\\backup-2024-12-12T14-22-15.sql\",\"timestamp\":\"2024-12-12T14:22:16.217Z\"}','2024-12-12 14:22:16'),(57,'SA2024001','system.database.backup','::1','{\"message\":\"数据库备份成功\",\"filename\":\"backup-2024-12-12T14-33-54.sql\",\"path\":\"backups\\\\backup-2024-12-12T14-33-54.sql\",\"timestamp\":\"2024-12-12T14:33:54.855Z\"}','2024-12-12 14:33:54'),(58,'SA2024001','system.database.backup','::1','{\"message\":\"数据库备份成功\",\"filename\":\"backup-2024-12-12T14-36-04.sql\",\"path\":\"backups\\\\backup-2024-12-12T14-36-04.sql\",\"timestamp\":\"2024-12-12T14:36:05.104Z\"}','2024-12-12 14:36:05'),(59,'SA2024001','system.database.backup','::1','{\"message\":\"数据库备份成功\",\"filename\":\"backup-2024-12-12T14-36-05.sql\",\"path\":\"backups\\\\backup-2024-12-12T14-36-05.sql\",\"timestamp\":\"2024-12-12T14:36:05.819Z\"}','2024-12-12 14:36:05'),(60,'SA2024001','stage.list','::1','查询阶段列表','2024-12-12 15:21:40'),(61,'S2024001','user.login.success','::1','用户 李同学 登录成功','2024-12-12 15:26:00'),(62,'SA2024001','user.login.success','::1','用户 刘超管 登录成功','2024-12-12 15:27:21'),(63,'SA2024001','system.data.export.start','::1','{\"tables\":[\"progress\"],\"format\":\"sql\",\"timestamp\":\"2024-12-12T15:27:44.584Z\",\"status\":\"started\"}','2024-12-12 15:27:44'),(64,'SA2024001','system.data.export.success','::1','{\"tables\":[\"progress\"],\"format\":\"sql\",\"timestamp\":\"2024-12-12T15:27:44.794Z\",\"status\":\"completed\",\"fileSize\":4136,\"tablesCount\":1}','2024-12-12 15:27:44'),(65,'SA2024001','system.data.export.start','::1','{\"tables\":[\"progress_records\"],\"format\":\"csv\",\"timestamp\":\"2024-12-12T15:28:13.209Z\",\"status\":\"started\"}','2024-12-12 15:28:13'),(66,'SA2024001','system.data.export.success','::1','{\"tables\":[\"progress_records\"],\"format\":\"csv\",\"timestamp\":\"2024-12-12T15:28:13.227Z\",\"status\":\"completed\",\"fileSize\":27709,\"tablesCount\":1}','2024-12-12 15:28:13'),(67,'A2024001','user.login.success','::1','用户 王管理 登录成功','2024-12-12 15:28:31'),(68,'A2024001','stage.list','::1','查询阶段列表','2024-12-12 15:28:34'),(69,'A2024001','user.update','::1','{\"updatedBy\":\"A2024001\",\"updatedUser\":\"S2024001\",\"changes\":{\"name\":\"李同学\",\"role\":\"student\",\"email\":\"dsfva@qq.com\",\"department\":\"adf\",\"position\":\"\"}}','2024-12-12 15:40:34'),(70,'A2024001','user.update','::1','{\"updatedBy\":\"A2024001\",\"updatedUser\":\"G9319052297\",\"changes\":{\"name\":\"ads\",\"role\":\"guest\",\"email\":\"asgsh@qq.com\",\"department\":\"\",\"position\":\"\"}}','2024-12-12 15:40:57'),(71,'A2024001','user.create','::1','{\"createdBy\":\"A2024001\",\"newUser\":{\"userId\":\"U1734018715169729\",\"username\":\"sgd\",\"role\":\"guest\",\"department\":\"sddgd65\"}}','2024-12-12 15:51:55'),(72,'SA2024001','user.login.success','::1','用户 刘超管 登录成功','2024-12-12 15:52:14'),(73,'A2024001','user.login.success','::1','用户 王管理 登录成功','2024-12-12 15:52:58'),(74,'A2024001','stage.list','::1','查询阶段列表','2024-12-12 15:53:00'),(75,'SA2024001','user.login.success','::1','用户 刘超管 登录成功','2024-12-12 16:10:51'),(76,'SA2024001','stage.list','::1','查询阶段列表','2024-12-12 16:10:53'),(77,'A2024001','user.login.success','::1','用户 王管理 登录成功','2024-12-12 16:11:17'),(78,'A2024001','stage.list','::1','查询阶段列表','2024-12-12 16:11:19'),(79,'SA2024001','user.login.success','::1','用户 刘超管 登录成功','2024-12-12 16:11:35'),(80,'SA2024001','user.login.success','::1','用户 刘超管 登录成功','2024-12-12 16:11:50'),(81,'SA2024001','stage.list','::1','查询阶段列表','2024-12-12 16:11:52'),(82,'SA2024001','user.login.success','::1','用户 刘超管 登录成功','2024-12-12 16:24:56'),(83,'SA2024001','user.delete','::1','{\"action\":\"user.delete\",\"targetUser\":{\"userId\":\"S2024021\",\"username\":\"student21\",\"role\":\"student\"},\"operator\":\"刘超管\",\"timestamp\":\"2024-12-12T16:28:10.276Z\"}','2024-12-12 16:28:10'),(84,'SA2024001','stage.list','::1','查询阶段列表','2024-12-12 16:28:18'),(85,'SA2024001','user.update','::1','{\"action\":\"user.update\",\"targetUser\":\"S2024032\",\"operator\":\"刘超管\",\"changes\":{\"gender\":\"male -> female\"}}','2024-12-12 16:28:28'),(86,'SA2024001','stage.list','::1','查询阶段列表','2024-12-12 16:34:38'),(87,'A2024001','user.login.success','::1','用户 王管理 登录成功','2024-12-12 16:34:48'),(88,'A2024001','stage.list','::1','查询阶段列表','2024-12-12 16:34:51'),(89,'T2024001','user.login.success','::1','用户 张老师 登录成功','2024-12-12 16:35:05'),(90,'A2024001','user.login.success','::1','用户 王管理 登录成功','2024-12-12 16:35:23'),(91,'A2024001','stage.list','::1','查询阶段列表','2024-12-12 16:55:23'),(92,'A2024001','stage.list','::1','查询阶段列表','2024-12-13 06:05:30'),(93,'A2024001','user.login.success','::1','用户 王管理 登录成功','2024-12-13 06:10:53'),(94,'SA2024001','user.login.success','::1','用户 刘超管 登录成功','2024-12-13 06:21:19'),(95,'SA2024001','system.database.backup.error','::1','{\"message\":\"数据库备份失败\",\"error\":\"Command failed: mysqldump -hlocalhost -uroot -p66176488 graduation_management > backups\\\\backup-2024-12-13T06-21-24.sql\\nmysqldump: [Warning] Using a password on the command line interface can be insecure.\\r\\nmysqldump: Got error: 1356: View \'graduation_management.v_selection_status\' references invalid table(s) or column(s) or function(s) or definer/invoker of view lack rights to use them when using LOCK TABLES\\r\\n\",\"timestamp\":\"2024-12-13T06:21:24.193Z\"}','2024-12-13 06:21:24'),(96,'SA2024001','system.database.backup','::1','{\"message\":\"数据库备份成功\",\"filename\":\"backup-2024-12-13T06-22-11.sql\",\"path\":\"backups\\\\backup-2024-12-13T06-22-11.sql\",\"timestamp\":\"2024-12-13T06:22:11.555Z\"}','2024-12-13 06:22:11'),(97,'A2024001','user.login.success','::1','用户 王管理 登录成功','2024-12-13 06:27:18'),(98,'A2024001','stage.list','::1','查询阶段列表','2024-12-13 06:27:34'),(99,'T2024001','user.login.success','::1','用户 张老师 登录成功','2024-12-13 06:40:15'),(100,'A2024001','user.login.success','::1','用户 王管理 登录成功','2024-12-13 06:45:50'),(101,'A2024001','stage.list','::1','查询阶段列表','2024-12-13 06:52:40'),(102,'A2024001','stage.list','::1','查询阶段列表','2024-12-13 07:03:05'),(103,'A2024001','stage.list','::1','查询阶段列表','2024-12-13 14:02:14'),(104,'A2024001','stage.list','::1','查询阶段列表','2024-12-13 14:16:52'),(105,'T2024001','user.login.success','::1','用户 张老师 登录成功','2024-12-13 14:17:37'),(106,'SA2024001','user.login.success','::1','用户 刘超管 登录成功','2024-12-13 14:19:51'),(107,'A2024001','user.login.success','::1','用户 王管理 登录成功','2024-12-13 14:21:25'),(108,'A2024001','update_topic_status','::1','{\"topic_id\":\"5\",\"topic_title\":\"云计算平台性能优化研究\",\"old_status\":\"approved\",\"new_status\":\"rejected\"}','2024-12-13 14:24:54'),(109,'A2024001','update_topic_status','::1','{\"topic_id\":\"7\",\"topic_title\":\"自然语言处理在智能客服中的应用\",\"old_status\":\"approved\",\"new_status\":\"rejected\"}','2024-12-13 14:24:58'),(110,'SA2024001','user.login.success','::1','用户 刘超管 登录成功','2024-12-13 14:25:07'),(111,'A2024001','user.login.success','::1','用户 王管理 登录成功','2024-12-13 14:25:46'),(112,'A2024001','user.login.success','::1','用户 王管理 登录成功','2024-12-13 14:26:06'),(113,'admin_ai_001','user.login.success','::1','用户 aiadmin 登录成功','2024-12-13 14:43:03'),(114,'admin_cs_001','user.login.success','::1','用户 csadmin 登录成功','2024-12-13 14:44:01'),(115,'SA2024001','user.login.success','::1','用户 刘超管 登录成功','2024-12-13 14:46:33'),(116,'SA2024001','system.database.backup','::1','{\"message\":\"数据库备份成功\",\"filename\":\"backup-2024-12-13T14-46-47.sql\",\"path\":\"backups\\\\backup-2024-12-13T14-46-47.sql\",\"timestamp\":\"2024-12-13T14:46:47.505Z\"}','2024-12-13 14:46:47'),(117,'admin_ee_001','user.login.failed','::1','用户 eeadmin 登录失败：密码错误','2024-12-13 14:55:13'),(118,'admin_ee_001','user.login.success','::1','用户 eeadmin 登录成功','2024-12-13 14:55:18'),(119,'T2024001','user.login.success','::1','用户 张老师 登录成功','2024-12-13 14:55:37'),(120,'SA2024001','user.login.success','::1','用户 刘超管 登录成功','2024-12-13 14:56:03'),(121,'T2024001','user.login.success','::1','用户 张老师 登录成功','2024-12-13 14:56:24'),(122,'SA2024001','user.login.success','::1','用户 刘超管 登录成功','2024-12-13 15:10:06'),(123,'SA2024001','stage.list','::1','查询阶段列表','2024-12-13 15:10:08'),(124,'T2024001','user.login.success','::1','用户 张老师 登录成功','2024-12-13 15:10:30'),(125,'admin_cs_001','user.login.success','::1','用户 csadmin 登录成功','2024-12-13 15:14:44'),(126,'T2024001','user.login.success','::1','用户 张老师 登录成功','2024-12-13 15:20:31'),(127,'A2024001','user.login.success','::1','用户 王管理 登录成功','2024-12-13 15:35:29'),(128,'T2024001','user.login.success','::1','用户 张老师 登录成功','2024-12-13 15:39:17'),(129,'T2024002','user.login.success','::1','用户 teacher2 登录成功','2024-12-13 15:53:24'),(130,'A2024001','user.login.success','::1','用户 王管理 登录成功','2024-12-13 16:01:10'),(131,'A2024001','stage.list','::1','查询阶段列表','2024-12-13 16:01:12'),(132,'T2024002','user.login.success','::1','用户 teacher2 登录成功','2024-12-13 16:01:34'),(133,'T2024003','user.login.success','::1','用户 teacher3 登录成功','2024-12-13 16:01:57'),(134,'T2024005','user.login.success','::1','用户 teacher5 登录成功','2024-12-13 16:02:07'),(135,'T2024006','user.login.success','::1','用户 teacher6 登录成功','2024-12-13 16:02:37'),(136,'T2024005','user.login.success','::1','用户 teacher5 登录成功','2024-12-13 16:02:50'),(137,'T2024006','user.login.success','::1','用户 teacher6 登录成功','2024-12-13 16:11:43'),(138,'SA2024001','user.login.success','::1','用户 刘超管 登录成功','2024-12-13 16:29:41'),(139,'SA2024001','stage.list','::1','查询阶段列表','2024-12-13 16:29:47'),(140,'SA2024001','system.database.backup','::1','{\"message\":\"数据库备份成功\",\"filename\":\"backup-2024-12-13T16-29-48.sql\",\"path\":\"backups\\\\backup-2024-12-13T16-29-48.sql\",\"timestamp\":\"2024-12-13T16:29:49.062Z\"}','2024-12-13 16:29:49'),(141,'T2024007','user.login.success','::1','用户 teacher7 登录成功','2024-12-13 16:30:01'),(142,'T2024007','选题审批-通过','::1','{\"student\":\"吴洋\",\"topic\":\"网络入侵检测系统研究\",\"action\":\"通过\"}','2024-12-13 16:34:08'),(143,'SA2024001','user.login.failed','::1','用户 刘超管 登录失败：密码错误','2024-12-13 16:34:55'),(144,'SA2024001','user.login.success','::1','用户 刘超管 登录成功','2024-12-13 16:34:57'),(145,'T2024007','user.login.success','::1','用户 teacher7 登录成功','2024-12-13 16:37:33'),(146,'T2024007','topic.selection.approve','::1','陈明的选题申请\"网络入侵检测系统\"已通过','2024-12-13 16:37:38'),(147,'SA2024001','user.login.success','::1','用户 刘超管 登录成功','2024-12-13 16:39:17'),(148,'T2024008','user.login.success','::1','用户 teacher8 登录成功','2024-12-13 16:40:44'),(149,'T2024009','user.login.success','::1','用户 teacher9 登录成功','2024-12-13 16:40:54'),(150,'T2024010','user.login.success','::1','用户 teacher10 登录成功','2024-12-13 16:41:02'),(151,'T2024006','user.login.success','::1','用户 teacher6 登录成功','2024-12-13 16:41:09'),(152,'T2024006','topic.selection.approve','::1','刘秀英的选题申请\"自然语言处理在智能客服中的应用\"已通过','2024-12-13 16:41:12'),(153,'T2024006','user.login.success','::1','用户 teacher6 登录成功','2024-12-13 16:43:55'),(154,'T2024008','user.login.failed','::1','用户 teacher8 登录失败：密码错误','2024-12-14 06:28:24'),(155,'T2024008','user.login.success','::1','用户 teacher8 登录成功','2024-12-14 06:28:26'),(156,'T2024011','user.login.success','::1','用户 teacher11 登录成功','2024-12-14 06:28:38'),(157,'T2024020','user.login.success','::1','用户 teacher20 登录成功','2024-12-14 06:28:46'),(158,'T2024020','topic.selection.approve','::1','张伟的选题申请\"云计算平台性能优化研究\"已通过','2024-12-14 06:28:53'),(159,'admin_cs_001','user.login.success','::1','用户 csadmin 登录成功','2024-12-14 06:29:13'),(160,'admin_cs_001','stage.list','::1','查询阶段列表','2024-12-14 06:29:18'),(161,'T2024015','user.login.success','::1','用户 teacher15 登录成功','2024-12-14 06:29:31'),(162,'T2024015','topic.selection.approve','::1','杨静的选题申请\"大数据分析平台设计与实现\"已通过','2024-12-14 06:32:01'),(163,'admin_cs_001','user.login.success','::1','用户 csadmin 登录成功','2024-12-14 06:32:11'),(164,'admin_cs_001','stage.list','::1','查询阶段列表','2024-12-14 06:36:54'),(165,'admin_cs_001','stage.list','::1','查询阶段列表','2024-12-14 06:41:28'),(166,'admin_cs_001','stage.list','::1','查询阶段列表','2024-12-14 07:03:12'),(167,'admin_ee_001','user.login.success','::1','用户 eeadmin 登录成功','2024-12-14 07:05:01'),(168,'admin_se_001','user.login.success','::1','用户 seadmin 登录成功','2024-12-14 07:05:12'),(169,'admin_se_001','stage.list','::1','查询阶段列表','2024-12-14 07:05:15'),(170,'admin_cs_001','user.login.success','::1','用户 csadmin 登录成功','2024-12-14 07:05:57'),(171,'admin_cs_001','stage.list','::1','查询阶段列表','2024-12-14 07:09:46'),(172,'admin_cs_001','topic.selection.director.approve','::1','系主任通过了杨静的选题申请\"智能物联网家居系统开发\"','2024-12-14 08:14:02'),(173,'admin_cs_001','topic.selection.director.approve','::1','系主任通过了王娜的选题申请\"移动边缘计算研究与应用\"','2024-12-14 08:14:08'),(174,'T2024020','user.login.success','::1','用户 teacher20 登录成功','2024-12-14 08:14:26'),(175,'T2024021','user.login.success','::1','用户 teacher21 登录成功','2024-12-14 08:20:32'),(176,'T2024022','user.login.success','::1','用户 teacher22 登录成功','2024-12-14 08:20:39'),(177,'T2024020','user.login.success','::1','用户 teacher20 登录成功','2024-12-14 08:20:48'),(178,'T2024021','user.login.success','::1','用户 teacher21 登录成功','2024-12-14 08:28:51'),(179,'T2024020','user.login.success','::1','用户 teacher20 登录成功','2024-12-14 08:36:42'),(180,'T2024006','user.login.success','::1','用户 teacher6 登录成功','2024-12-14 08:36:52'),(181,'admin_se_001','user.login.success','::1','用户 seadmin 登录成功','2024-12-14 09:01:10'),(182,'admin_se_001','topic.selection.director.approve','::1','系主任通过了赵丽的选题申请\"大数据分析平台设计与实现\"','2024-12-14 09:01:24'),(183,'admin_se_001','topic.selection.director.approve','::1','系主任通过了赵丽的选题申请\"智能家居语音交互系统\"','2024-12-14 09:01:29'),(184,'T2024020','user.login.success','::1','用户 teacher20 登录成功','2024-12-14 09:05:13'),(185,'T2024021','user.login.success','::1','用户 teacher21 登录成功','2024-12-14 09:05:33'),(186,'T2024022','user.login.success','::1','用户 teacher22 登录成功','2024-12-14 09:05:40'),(187,'T2024023','user.login.success','::1','用户 teacher23 登录成功','2024-12-14 09:05:46'),(188,'T2024006','user.login.success','::1','用户 teacher6 登录成功','2024-12-14 09:05:55'),(189,'admin_cs_001','user.login.success','::1','用户 csadmin 登录成功','2024-12-14 09:06:16'),(190,'admin_cs_001','topic.selection.director.reject','::1','系主任拒绝了李静的选题申请\"深度学习模型研究\"','2024-12-14 09:07:18'),(191,'admin_cs_001','topic.selection.director.reject','::1','系主任拒绝了周伟的选题申请\"知识图谱构建研究\"','2024-12-14 09:07:26'),(192,'T2024006','user.login.success','::1','用户 teacher6 登录成功','2024-12-14 09:07:35'),(193,'SA2024001','user.login.success','::1','用户 刘超管 登录成功','2024-12-14 09:29:12'),(194,'SA2024001','stage.list','::1','查询阶段列表','2024-12-14 09:29:17'),(195,'SA2024001','system.database.backup','::1','{\"message\":\"数据库备份成功\",\"filename\":\"backup-2024-12-14T09-29-20.sql\",\"path\":\"backups\\\\backup-2024-12-14T09-29-20.sql\",\"timestamp\":\"2024-12-14T09:29:20.613Z\"}','2024-12-14 09:29:20'),(196,'SA2024001','stage.list','::1','查询阶段列表','2024-12-14 09:43:01'),(197,'T2024006','user.login.success','::1','用户 teacher6 登录成功','2024-12-14 09:45:12'),(198,'T2024006','user.login.success','::1','用户 teacher6 登录成功','2024-12-14 10:42:24'),(199,'T2024006','user.login.success','::1','用户 teacher6 登录成功','2024-12-14 11:43:28'),(200,'T2024006','user.login.success','::1','用户 teacher6 登录成功','2024-12-14 11:53:24'),(201,'admin_se_001','user.login.success','::1','用户 seadmin 登录成功','2024-12-14 11:53:36'),(202,'T2024006','user.login.success','::1','用户 teacher6 登录成功','2024-12-14 11:54:11'),(203,'admin_se_001','user.login.success','::1','用户 seadmin 登录成功','2024-12-14 11:54:56'),(204,'admin_se_001','stage.list','::1','查询阶段列表','2024-12-14 11:55:05'),(205,'admin_cs_001','user.login.success','::1','用户 csadmin 登录成功','2024-12-14 12:49:14'),(206,'admin_cs_001','topic.status.update','::1','管理员更新选题状态为approved','2024-12-14 13:30:22'),(207,'admin_cs_001','topic.status.update','::1','管理员更新选题状态为rejected','2024-12-14 13:30:28'),(208,'admin_se_001','user.login.success','::1','用户 seadmin 登录成功','2024-12-14 13:30:35'),(209,'admin_se_001','topic.status.update','::1','管理员更新选题状态为approved','2024-12-14 13:30:45'),(210,'admin_se_001','topic.status.update','::1','管理员更新选题状态为approved','2024-12-14 13:30:48'),(211,'T2024006','user.login.success','::1','用户 teacher6 登录成功','2024-12-14 13:30:55'),(212,'SA2024001','user.login.success','::1','用户 刘超管 登录成功','2024-12-14 13:31:25'),(213,'T2024006','user.login.success','::1','用户 teacher6 登录成功','2024-12-14 13:31:56'),(214,'admin_se_001','user.login.success','::1','用户 seadmin 登录成功','2024-12-14 13:34:29'),(215,'admin_se_001','topic.status.update','::1','管理员更新选题状态为pending','2024-12-14 13:34:35'),(216,'admin_se_001','topic.status.update','::1','管理员更新选题状态为approved','2024-12-14 13:34:39'),(217,'SA2024001','user.login.success','::1','用户 刘超管 登录成功','2024-12-14 13:34:45'),(218,'T2024006','user.login.success','::1','用户 teacher6 登录成功','2024-12-14 13:35:08'),(219,'SA2024001','user.login.success','::1','用户 刘超管 登录成功','2024-12-14 13:35:41'),(220,'T2024006','user.login.success','::1','用户 teacher6 登录成功','2024-12-14 13:36:06'),(221,'admin_se_001','user.login.success','::1','用户 seadmin 登录成功','2024-12-14 13:43:42'),(222,'admin_se_001','topic.status.update','::1','管理员更新选题状态为rejected','2024-12-14 13:57:52'),(223,'admin_se_001','topic.selection.director.reject','::1','系主任拒绝了李芳的选题申请\"分布式系统性能优化研究\"','2024-12-14 14:01:24'),(224,'admin_se_001','stage.list','::1','查询阶段列表','2024-12-14 14:02:42'),(225,'SA2024001','user.login.success','::1','用户 刘超管 登录成功','2024-12-14 14:05:08'),(226,'admin_se_001','user.login.success','::1','用户 seadmin 登录成功','2024-12-14 14:05:40'),(227,'T2024006','user.login.success','::1','用户 teacher6 登录成功','2024-12-14 14:13:21'),(228,'admin_se_001','user.login.success','::1','用户 seadmin 登录成功','2024-12-14 14:37:55'),(229,'SA2024001','user.login.success','::1','用户 刘超管 登录成功','2024-12-14 14:38:01'),(230,'SA2024001','stage.list','::1','查询阶段列表','2024-12-14 14:38:11'),(231,'SA2024001','system.database.backup','::1','{\"message\":\"数据库备份成功\",\"filename\":\"backup-2024-12-14T14-38-15.sql\",\"path\":\"backups\\\\backup-2024-12-14T14-38-15.sql\",\"timestamp\":\"2024-12-14T14:38:15.969Z\"}','2024-12-14 14:38:15'),(232,'T2024006','user.login.success','::1','用户 teacher6 登录成功','2024-12-14 14:38:23'),(233,'admin_se_001','user.login.success','::1','用户 seadmin 登录成功','2024-12-14 15:00:13'),(234,'admin_cs_001','user.login.success','::1','用户 csadmin 登录成功','2024-12-14 15:00:26'),(235,'SA2024001','user.login.success','::1','用户 刘超管 登录成功','2024-12-14 15:00:35'),(236,'admin_cs_001','user.login.success','::1','用户 csadmin 登录成功','2024-12-14 15:04:23'),(237,'admin_cs_001','stage.list','::1','查询阶段列表','2024-12-14 15:04:31'),(238,'SA2024001','user.login.success','::1','用户 刘超管 登录成功','2024-12-14 15:06:29'),(239,'admin_cs_001','user.login.success','::1','用户 csadmin 登录成功','2024-12-14 15:07:31'),(240,'T2024006','user.login.failed','::1','用户 teacher6 登录失败：密码错误','2024-12-14 15:07:40'),(241,'T2024006','user.login.success','::1','用户 teacher6 登录成功','2024-12-14 15:07:43'),(242,'SA2024001','user.login.success','::1','用户 刘超管 登录成功','2024-12-14 15:26:27'),(243,'SA2024001','stage.list','::1','查询阶段列表','2024-12-14 15:26:32'),(244,'S2024001','user.login.success','::1','用户 李同学 登录成功','2024-12-14 15:27:30'),(245,'T2024006','user.login.success','::1','用户 teacher6 登录成功','2024-12-14 15:28:58'),(246,'S2024001','user.login.success','::1','用户 李同学 登录成功','2024-12-14 15:39:30'),(247,'G0934587486','user.register','::1','用户 方可 注册成功','2024-12-14 15:42:14'),(248,'G0934587486','user.login.success','::1','用户 方可 登录成功','2024-12-14 15:42:18'),(249,'T2024006','user.login.success','::1','用户 teacher6 登录成功','2024-12-15 04:30:02'),(250,'S2024001','user.login.success','::1','用户 李同学 登录成功','2024-12-15 04:30:37'),(251,'S2024103','user.login.success','::1','用户 student103 登录成功','2024-12-15 04:31:34'),(252,'S2024103','user.login.success','::1','用户 student103 登录成功','2024-12-15 05:03:58'),(253,'S2024050','user.login.success','::1','用户 student50 登录成功','2024-12-15 05:54:55'),(254,'S2024050','user.login.success','::1','用户 student50 登录成功','2024-12-15 06:36:13'),(255,'S2024050','user.login.success','::1','用户 student50 登录成功','2024-12-15 06:50:44'),(256,'S2024200','user.login.success','::1','用户 student200 登录成功','2024-12-15 07:18:24'),(257,'T2024006','user.login.success','::1','用户 teacher6 登录成功','2024-12-15 07:26:28'),(258,'T2024006','topic.selection.approve','::1','周强的选题申请\"5G通信中的人工智能应用研究\"已通过','2024-12-15 07:26:35'),(259,'S2024200','user.login.success','::1','用户 student200 登录成功','2024-12-15 07:26:43'),(260,'admin_se_001','user.login.success','::1','用户 seadmin 登录成功','2024-12-15 07:27:06'),(261,'S2024200','user.login.success','::1','用户 student200 登录成功','2024-12-15 07:27:34'),(262,'admin_se_001','user.login.success','::1','用户 seadmin 登录成功','2024-12-15 07:27:47'),(263,'admin_se_001','topic.selection.director.approve','::1','系主任通过了黄娜的选题申请\"智慧社区服务系统\"','2024-12-15 07:28:05'),(264,'admin_se_001','stage.list','::1','查询阶段列表','2024-12-15 07:30:18'),(265,'T2024006','user.login.success','::1','用户 teacher6 登录成功','2024-12-15 10:20:43'),(266,'admin_se_001','user.login.success','::1','用户 seadmin 登录成功','2024-12-15 10:22:07'),(267,'T2024006','user.login.success','::1','用户 teacher6 登录成功','2024-12-15 10:37:48'),(268,'S2024200','user.login.success','::1','用户 student200 登录成功','2024-12-15 10:38:03'),(269,'admin_cs_001','user.login.success','::1','用户 csadmin 登录成功','2024-12-15 10:46:28'),(270,'admin_cs_001','topic.selection.director.approve','::1','系主任通过了周强的选题申请\"5G通信中的人工智能应用研究\"','2024-12-15 10:46:55'),(271,'S2024200','user.login.success','::1','用户 student200 登录成功','2024-12-15 10:47:14'),(272,'S2024201','user.login.success','::1','用户 student201 登录成功','2024-12-15 11:02:07'),(273,'S2024200','user.login.success','::1','用户 student200 登录成功','2024-12-15 11:02:30'),(274,'S2024201','user.login.success','::1','用户 student201 登录成功','2024-12-15 11:03:00'),(275,'S2024201','selection.cancel','::1','学生取消选题 (选题ID: 351)','2024-12-15 11:05:58'),(276,'S2024201','selection.cancel','::1','学生取消选题 (选题ID: 352)','2024-12-15 11:07:32'),(277,'S2024201','selection.submit','::1','{\"topic_id\":302,\"reason\":\"agshrjtufhdbsertt\",\"selection_id\":353,\"message\":\"提交选题申请\"}','2024-12-15 11:09:56'),(278,'S2024201','selection.cancel','::1','{\"selection_id\":\"353\",\"topic_title\":\"基于深度学习的图像识别系统设计与实现\",\"message\":\"取消选题申请\"}','2024-12-15 11:09:59'),(279,'S2024201','selection.submit','::1','{\"topic_id\":302,\"reason\":\"jiyuikfdsgafewtewrhs\",\"selection_id\":354,\"message\":\"提交选题申请\"}','2024-12-15 11:10:30'),(280,'T2024006','user.login.success','::1','用户 teacher6 登录成功','2024-12-15 11:10:54'),(281,'T2024006','topic.selection.approve','::1','杨敏的选题申请\"基于深度学习的图像识别系统设计与实现\"已通过','2024-12-15 11:11:05'),(282,'admin_cs_001','user.login.success','::1','用户 csadmin 登录成功','2024-12-15 11:11:27'),(283,'S2024201','user.login.success','::1','用户 student201 登录成功','2024-12-15 11:11:41'),(284,'admin_cs_001','user.login.success','::1','用户 csadmin 登录成功','2024-12-15 11:11:58'),(285,'admin_cs_001','topic.selection.director.reject','::1','系主任拒绝了杨敏的选题申请\"基于深度学习的图像识别系统设计与实现\"','2024-12-15 11:12:04'),(286,'S2024201','user.login.success','::1','用户 student201 登录成功','2024-12-15 11:12:37'),(287,'S2024201','selection.submit','::1','{\"topic_id\":301,\"reason\":\"tarsgfjoilsoisro\",\"selection_id\":355,\"message\":\"提交选题申请\"}','2024-12-15 11:21:36'),(288,'S2024201','selection.cancel','::1','{\"selection_id\":\"355\",\"topic_title\":\"asfdfd\",\"message\":\"取消选题申请\"}','2024-12-15 11:21:44'),(289,'S2024201','selection.submit','::1','{\"topic_id\":301,\"reason\":\"sgethytrnfrynt\",\"selection_id\":356,\"message\":\"提交选题申请\"}','2024-12-15 11:23:26'),(290,'S2024201','selection.cancel','::1','{\"selection_id\":\"356\",\"topic_title\":\"asfdfd\",\"message\":\"取消选题申请\"}','2024-12-15 11:23:37'),(291,'S2024201','selection.submit','::1','{\"topic_id\":301,\"reason\":\"fsukhbjvduvwrirkjrv\",\"selection_id\":357,\"previous_selections\":0,\"message\":\"提交选题申请\"}','2024-12-15 11:25:20'),(292,'S2024201','selection.cancel','::1','{\"selection_id\":\"357\",\"topic_title\":\"asfdfd\",\"message\":\"取消选题申请\"}','2024-12-15 11:25:26'),(293,'S2024201','selection.submit','::1','{\"topic_id\":301,\"reason\":\"fdhjrtykukadsdg\",\"selection_id\":358,\"previous_selections\":0,\"message\":\"提交选题申请\"}','2024-12-15 11:34:24'),(294,'S2024201','selection.cancel','::1','{\"selection_id\":\"358\",\"topic_title\":\"asfdfd\",\"message\":\"取消选题申请\"}','2024-12-15 11:34:29'),(295,'S2024201','selection.submit','::1','{\"topic_id\":301,\"reason\":\"rhytjyfghnfgbsdreyrrtjfg\",\"selection_id\":359,\"previous_selections\":0,\"message\":\"提交选题申请\"}','2024-12-15 11:40:44'),(296,'T2024006','user.login.success','::1','用户 teacher6 登录成功','2024-12-15 11:40:53'),(297,'T2024006','topic.selection.approve','::1','杨敏的选题申请\"asfdfd\"已通过','2024-12-15 11:40:59'),(298,'admin_cs_001','user.login.success','::1','用户 csadmin 登录成功','2024-12-15 11:41:08'),(299,'admin_cs_001','topic.selection.director.reject','::1','系主任拒绝了杨敏的选题申请\"asfdfd\"','2024-12-15 11:41:17'),(300,'S2024201','user.login.success','::1','用户 student201 登录成功','2024-12-15 11:42:12'),(301,'S2024201','selection.submit','::1','{\"topic_id\":197,\"reason\":\"fjfhdsgtrhcnfghmg\",\"selection_id\":360,\"previous_selections\":0,\"message\":\"提交选题申请\"}','2024-12-15 11:49:06'),(302,'S2024201','selection.cancel','::1','{\"selection_id\":\"360\",\"topic_title\":\"智能变电所管理系统\",\"message\":\"取消选题申请\"}','2024-12-15 11:54:30'),(303,'S2024201','selection.submit','::1','{\"topic_id\":302,\"reason\":\"sdgfhjdsrheytjft\",\"selection_id\":361,\"previous_selections\":1,\"message\":\"提交选题申请\"}','2024-12-15 11:54:40'),(304,'T2024006','user.login.success','::1','用户 teacher6 登录成功','2024-12-15 11:55:20'),(305,'T2024006','topic.selection.approve','::1','杨敏的选题申请\"基于深度学习的图像识别系统设计与实现\"已通过','2024-12-15 11:55:26'),(306,'admin_cs_001','user.login.success','::1','用户 csadmin 登录成功','2024-12-15 11:55:32'),(307,'admin_cs_001','topic.selection.director.reject','::1','系主任拒绝了杨敏的选题申请\"基于深度学习的图像识别系统设计与实现\"，拒绝理由：djfkg','2024-12-15 12:08:45'),(308,'S2024201','user.login.success','::1','用户 student201 登录成功','2024-12-15 12:08:57'),(309,'S2024201','selection.submit','::1','{\"topic_id\":301,\"reason\":\"sfaliuawuiaeg\",\"selection_id\":362,\"previous_selections\":1,\"message\":\"提交选题申请\"}','2024-12-15 12:13:02'),(310,'T2024006','user.login.success','::1','用户 teacher6 登录成功','2024-12-15 12:13:14'),(311,'T2024006','selection.teacher.review','::1','{\"selection_id\":\"362\",\"status\":\"rejected\",\"reason\":\"fdgfhdfmf\",\"student_name\":\"杨敏\",\"topic_title\":\"asfdfd\",\"message\":\"教师拒绝选题申请\"}','2024-12-15 12:17:40'),(312,'T2024006','selection.teacher.review','::1','{\"selection_id\":\"362\",\"status\":\"rejected\",\"reason\":\"fiuersihusiusd\",\"student_name\":\"杨敏\",\"topic_title\":\"asfdfd\",\"message\":\"教师拒绝选题申请\"}','2024-12-15 12:19:36'),(313,'T2024006','selection.teacher.review','::1','{\"selection_id\":\"362\",\"status\":\"rejected\",\"reason\":\"fsdisfjkniuotr\",\"student_name\":\"杨敏\",\"topic_title\":\"asfdfd\",\"message\":\"教师拒绝选题申请\"}','2024-12-15 12:21:22'),(314,'S2024201','user.login.success','::1','用户 student201 登录成功','2024-12-15 12:21:35'),(315,'admin_cs_001','user.login.success','::1','用户 csadmin 登录成功','2024-12-15 12:27:13'),(316,'admin_cs_001','selection.director.batch.reject','::1','{\"topic_id\":1,\"topic_title\":\"基于深度学习的图像识别系统设计\",\"approved_student\":\"王娜\",\"rejected_count\":1,\"rejected_selections\":[{\"selection_id\":201,\"student_name\":\"李同学\"}],\"reason\":\"该题目已被学生 王娜 选中并通过审核\"}','2024-12-15 12:32:39'),(317,'admin_cs_001','selection.director.review','::1','{\"selection_id\":\"202\",\"topic_title\":\"基于深度学习的图像识别系统设计\",\"student_name\":\"王娜\",\"status\":\"approved\",\"message\":\"系主任通过选题申请\"}','2024-12-15 12:32:39'),(318,'S2024201','user.login.success','::1','用户 student201 登录成功','2024-12-15 12:32:57'),(319,'S2024201','selection.submit','::1','{\"topic_id\":302,\"reason\":\"fdsbiyfdahiusjkestg\",\"selection_id\":363,\"previous_selections\":2,\"message\":\"提交选题申请\"}','2024-12-15 12:33:07'),(320,'T2024006','user.login.success','::1','用户 teacher6 登录成功','2024-12-15 12:33:14'),(321,'T2024006','selection.teacher.review','::1','{\"selection_id\":\"363\",\"status\":\"approved\",\"student_name\":\"杨敏\",\"topic_title\":\"基于深度学习的图像识别系统设计与实现\",\"message\":\"教师通过选题申请\"}','2024-12-15 12:33:24'),(322,'admin_cs_001','user.login.success','::1','用户 csadmin 登录成功','2024-12-15 12:33:38'),(323,'admin_cs_001','selection.director.review','::1','{\"selection_id\":\"363\",\"topic_title\":\"基于深度学习的图像识别系统设计与实现\",\"student_name\":\"杨敏\",\"status\":\"approved\",\"message\":\"系主任通过选题申请\"}','2024-12-15 12:33:46'),(324,'admin_cs_001','selection.director.review','::1','{\"selection_id\":\"363\",\"topic_title\":\"基于深度学习的图像识别系统设计与实现\",\"student_name\":\"杨敏\",\"status\":\"approved\",\"message\":\"系主任通过选题申请\"}','2024-12-15 14:38:53'),(325,'S2024201','user.login.success','::1','用户 student201 登录成功','2024-12-15 14:48:37'),(326,'admin_se_001','user.login.success','::1','用户 seadmin 登录成功','2024-12-15 15:12:57'),(327,'admin_se_001','stage.list','::1','查询阶段列表','2024-12-15 15:27:34'),(328,'T2024006','user.login.success','::1','用户 teacher6 登录成功','2024-12-15 15:32:46'),(329,'S2024201','user.login.success','::1','用户 student201 登录成功','2024-12-15 15:32:59'),(330,'admin_cs_001','user.login.success','::1','用户 csadmin 登录成功','2024-12-15 15:33:19'),(331,'admin_cs_001','stage.list','::1','查询阶段列表','2024-12-15 15:33:23'),(332,'admin_cs_001','selection.director.approve.complete','::1','{\"topic_id\":302,\"topic_title\":\"基于深度学习的图像识别系统设计与实现\",\"approved_student\":\"杨敏\",\"selection_id\":\"363\",\"action\":\"topic_selected\",\"message\":\"题目被选中并完成最终审批，其他申请已自动处理\"}','2024-12-15 15:33:30'),(333,'admin_cs_001','selection.director.review','::1','{\"selection_id\":\"363\",\"topic_title\":\"基于深度学习的图像识别系统设计与实现\",\"student_name\":\"杨敏\",\"status\":\"approved\",\"message\":\"系主任通过选题申请\"}','2024-12-15 15:33:30'),(334,'S2024201','user.login.success','::1','用户 student201 登录成功','2024-12-15 15:33:40'),(335,'A2024001','user.login.success','::1','用户 王管理 登录成功','2024-12-15 15:34:44'),(336,'A2024001','stage.list','::1','查询阶段列表','2024-12-15 15:34:58'),(337,'SA2024001','user.login.success','::1','用户 刘超管 登录成功','2024-12-15 15:39:24'),(338,'A2024001','user.login.success','::1','用户 王管理 登录成功','2024-12-15 15:40:09'),(339,'admin_cs_001','user.login.success','::1','用户 csadmin 登录成功','2024-12-15 15:45:34'),(340,'A2024001','user.login.success','::1','用户 王管理 登录成功','2024-12-15 15:45:47'),(341,'admin_cs_001','user.login.success','::1','用户 csadmin 登录成功','2024-12-15 16:02:15'),(342,'A2024001','user.login.success','::1','用户 王管理 登录成功','2024-12-15 16:04:27'),(343,'A2024001','stage.list','::1','查询阶段列表','2024-12-15 16:06:08'),(344,'SA2024001','user.login.success','::1','用户 刘超管 登录成功','2024-12-15 16:06:55'),(345,'S2024201','user.login.success','::1','用户 student201 登录成功','2024-12-15 16:07:46'),(346,'S2024001','user.login.success','::1','用户 李同学 登录成功','2024-12-15 16:07:55'),(347,'SA2024001','user.login.success','::1','用户 刘超管 登录成功','2024-12-16 02:56:22'),(348,'SA2024001','system.database.backup','::1','{\"message\":\"数据库备份成功\",\"filename\":\"backup-2024-12-16T02-56-28.sql\",\"path\":\"backups\\\\backup-2024-12-16T02-56-28.sql\",\"timestamp\":\"2024-12-16T02:56:28.322Z\"}','2024-12-16 02:56:28'),(349,'S2024001','user.login.success','::1','用户 李同学 登录成功','2024-12-16 03:10:38'),(350,'S2024001','user.login.success','::1','用户 李同学 登录成功','2024-12-16 03:27:44'),(351,'S2024001','user.profile.update','::1','{\"message\":\"用户 李同学 更新了个人信息\",\"changes\":{\"name\":\"姓名: undefined -> 李同学\",\"gender\":\"性别: undefined -> male\",\"department\":\"部门: undefined -> 计算机科学与技术学院\",\"major\":\"专业: undefined -> 计算机科学与技术\",\"title\":null,\"email\":\"邮箱: undefined -> 2915399378@qq.com\",\"phone\":\"电话: undefined -> 15376959676\"}}','2024-12-16 03:28:23'),(352,'S2024103','user.login.success','::1','用户 student103 登录成功','2024-12-16 03:37:10'),(353,'S2024104','user.login.success','::1','用户 student104 登录成功','2024-12-16 03:42:15'),(354,'T2024006','user.login.success','::1','用户 teacher6 登录成功','2024-12-16 04:59:06'),(355,'S2024104','user.login.success','::1','用户 student104 登录成功','2024-12-16 04:59:27'),(356,'S2024104','selection.submit','::1','{\"topic_id\":301,\"reason\":\"dtjuyilhojkjhgyftrs\",\"selection_id\":364,\"previous_selections\":0,\"message\":\"提交选题申请\"}','2024-12-16 04:59:43'),(357,'T2024006','user.login.success','::1','用户 teacher6 登录成功','2024-12-16 04:59:51'),(358,'admin_cs_001','user.login.success','::1','用户 csadmin 登录成功','2024-12-16 05:03:15'),(359,'T2024006','user.login.success','::1','用户 teacher6 登录成功','2024-12-16 05:04:40'),(360,'T2024006','user.login.success','::1','用户 teacher6 登录成功','2024-12-16 05:07:27'),(361,'T2024006','user.login.success','::1','用户 teacher6 登录成功','2024-12-16 05:07:43'),(362,'T2024006','user.login.success','::1','用户 teacher6 登录成功','2024-12-16 05:08:02'),(363,'admin_cs_001','user.login.success','::1','用户 csadmin 登录成功','2024-12-16 05:11:17'),(364,'admin_cs_001','topic.status.update','::1','管理员更新选题状态为pending','2024-12-16 05:11:26'),(365,'admin_cs_001','topic.status.update','::1','管理员更新选题状态为rejected','2024-12-16 05:11:29'),(366,'T2024006','user.login.success','::1','用户 teacher6 登录成功','2024-12-16 05:11:46'),(367,'T2024006','topic.selection.approve','::1','{\"selection_id\":\"364\",\"action\":\"通过选题申请\"}','2024-12-16 05:35:13'),(368,'T2024006','topic.selection.reject','::1','{\"selection_id\":\"364\",\"reason\":\"sfdfjugihl,vcgrthdfjhghfg\",\"action\":\"拒绝选题申请\"}','2024-12-16 05:35:35'),(369,'T2024006','topic.selection.approve','::1','{\"selection_id\":\"364\",\"action\":\"通过选题申请\"}','2024-12-16 05:35:48'),(370,'admin_cs_001','user.login.success','::1','用户 csadmin 登录成功','2024-12-16 05:35:54'),(371,'admin_cs_001','selection.director.approve.complete','::1','{\"topic_id\":301,\"topic_title\":\"asfdfd\",\"approved_student\":\"李静\",\"selection_id\":\"364\",\"action\":\"topic_selected\",\"message\":\"题目被选中并完成最终审批，其他申请已自动处理\"}','2024-12-16 05:40:30'),(372,'admin_cs_001','selection.director.review','::1','{\"selection_id\":\"364\",\"topic_title\":\"asfdfd\",\"student_name\":\"李静\",\"status\":\"approved\",\"message\":\"系主任通过选题申请\"}','2024-12-16 05:40:30'),(373,'admin_cs_001','selection.director.review','::1','{\"selection_id\":\"364\",\"topic_title\":\"asfdfd\",\"student_name\":\"李静\",\"status\":\"rejected\",\"message\":\"系主任拒绝选题申请\"}','2024-12-16 05:40:45'),(374,'T2024006','user.login.success','::1','用户 teacher6 登录成功','2024-12-16 06:17:29'),(375,'admin_cs_001','user.login.success','::1','用户 csadmin 登录成功','2024-12-16 06:26:14'),(376,'T2024006','user.login.success','::1','用户 teacher6 登录成功','2024-12-16 06:26:26'),(377,'S2024104','user.login.success','::1','用户 student104 登录成功','2024-12-16 06:31:02'),(378,'S2024104','selection.submit','::1','{\"topic_id\":239,\"reason\":\"agdhfjgkhlgkfdthsra\",\"selection_id\":365,\"previous_selections\":0,\"message\":\"提交选题申请\"}','2024-12-16 06:31:40'),(379,'T2024006','user.login.success','::1','用户 teacher6 登录成功','2024-12-16 06:31:56'),(380,'T2024006','topic.selection.approve','::1','{\"selection_id\":\"365\",\"action\":\"通过选题申请\"}','2024-12-16 06:31:59'),(381,'S2024104','user.login.success','::1','用户 student104 登录成功','2024-12-16 06:32:09'),(382,'admin_cs_001','user.login.success','::1','用户 csadmin 登录成功','2024-12-16 06:32:17'),(383,'admin_cs_001','selection.director.approve.complete','::1','{\"topic_id\":239,\"topic_title\":\"智能招聘系统开发\",\"approved_student\":\"李静\",\"selection_id\":\"365\",\"action\":\"topic_selected\",\"message\":\"题目被选中并完成最终审批，其他申请已自动处理\"}','2024-12-16 06:32:26'),(384,'admin_cs_001','selection.director.review','::1','{\"selection_id\":\"365\",\"topic_title\":\"智能招聘系统开发\",\"student_name\":\"李静\",\"status\":\"approved\",\"message\":\"系主任通过选题申请\"}','2024-12-16 06:32:26'),(385,'S2024104','user.login.success','::1','用户 student104 登录成功','2024-12-16 06:32:40'),(386,'T2024006','user.login.success','::1','用户 teacher6 登录成功','2024-12-16 06:32:56'),(387,'T2024006','user.login.success','::1','用户 teacher6 登录成功','2024-12-16 07:00:33'),(388,'S2024104','user.login.success','::1','用户 student104 登录成功','2024-12-16 07:13:39'),(389,'T2024006','user.login.success','::1','用户 teacher6 登录成功','2024-12-16 07:19:48'),(390,'S2024104','user.login.success','::1','用户 student104 登录成功','2024-12-16 07:19:58'),(391,'T2024006','user.login.success','::1','用户 teacher6 登录成功','2024-12-16 07:30:05'),(392,'S2024104','user.login.success','::1','用户 student104 登录成功','2024-12-16 07:30:26'),(393,'SA2024001','user.login.success','::1','用户 刘超管 登录成功','2024-12-16 08:12:09'),(394,'SA2024001','stage.list','::1','查询阶段列表','2024-12-16 08:12:14'),(395,'S2024006','user.login.success','::1','用户 student6 登录成功','2024-12-16 08:13:00'),(396,'S2024104','user.login.success','::1','用户 student104 登录成功','2024-12-16 08:13:13'),(397,'T2024006','user.login.success','::1','用户 teacher6 登录成功','2024-12-16 08:23:57'),(398,'S2024105','user.login.success','::1','用户 student105 登录成功','2024-12-16 08:27:02'),(399,'T2024007','user.login.success','::1','用户 teacher7 登录成功','2024-12-16 08:29:42'),(400,'T2024017','user.login.success','::1','用户 teacher17 登录成功','2024-12-16 08:29:55'),(401,'T2024017','user.login.success','::1','用户 teacher17 登录成功','2024-12-16 08:40:00'),(402,'S2024105','user.login.success','::1','用户 student105 登录成功','2024-12-16 09:16:56'),(403,'T2024017','user.login.success','::1','用户 teacher17 登录成功','2024-12-16 10:33:42'),(404,'S2024105','user.login.success','::1','用户 student105 登录成功','2024-12-16 10:34:24'),(405,'T2024017','user.login.success','::1','用户 teacher17 登录成功','2024-12-16 10:34:34'),(406,'S2024105','user.login.success','::1','用户 student105 登录成功','2024-12-16 11:08:39'),(407,'S2024105','user.login.success','::1','用户 student105 登录成功','2024-12-16 11:22:16'),(408,'S2024105','user.login.success','::1','用户 student105 登录成功','2024-12-16 13:18:57'),(409,'S2024105','progress.file.submit','::1','提交文件：literature - uploads/file-1734355144692-255915410.docx','2024-12-16 13:19:04'),(410,'S2024105','progress.file.submit','::1','提交文件：literature - uploads/file-1734355216323-418274370.docx','2024-12-16 13:20:16'),(411,'S2024105','progress.file.submit','::1','提交文件：literature - uploads/file-1734355315279-596338496.docx','2024-12-16 13:21:55'),(412,'S2024105','progress.file.submit','::1','提交文件：literature - uploads/file-1734355457561-520290676.pdf','2024-12-16 13:24:17'),(413,'S2024105','progress.file.submit','::1','提交文件：literature - uploads/file-1734355506508-308647448.pdf','2024-12-16 13:25:06'),(414,'S2024105','progress.file.submit','::1','提交文件：literature - uploads/S2024105_undefined_1734355616688.pdf','2024-12-16 13:26:56'),(415,'S2024105','progress.file.submit','::1','提交文件：literature - uploads/S2024105_undefined_1734355687588.pdf','2024-12-16 13:28:07'),(416,'S2024105','progress.file.submit','::1','提交文件：literature - uploads/S2024105_undefined_1734355766625.pdf','2024-12-16 13:29:26'),(417,'S2024105','progress.file.submit','::1','提交文件：literature - uploads/S2024105_literature_1734355859893.pdf','2024-12-16 13:30:59'),(418,'S2024105','progress.file.submit','::1','提交文件：literature - uploads/S2024105_literature_1734356064889.pdf','2024-12-16 13:34:24'),(419,'S2024105','progress.file.submit','::1','提交文件：literature - uploads/S2024105_literature_1734356247711.docx','2024-12-16 13:37:27'),(420,'T2024017','user.login.success','::1','用户 teacher17 登录成功','2024-12-16 13:38:22'),(421,'T2024017','stage.list','::1','查询阶段列表','2024-12-16 13:46:50'),(422,'S2024105','user.login.success','::1','用户 student105 登录成功','2024-12-16 14:02:41'),(423,'S2024105','progress.file.submit','::1','提交文件：literature - uploads/S2024105_literature_1734358737416.pdf','2024-12-16 14:18:57'),(424,'T2024017','user.login.success','::1','用户 teacher17 登录成功','2024-12-16 14:42:34'),(425,'T2024017','user.login.success','::1','用户 teacher17 登录成功','2024-12-16 14:49:26'),(426,'T2024017','user.login.success','::1','用户 teacher17 登录成功','2024-12-16 14:53:55'),(427,'S2024105','user.login.success','::1','用户 student105 登录成功','2024-12-16 15:07:50'),(428,'T2024017','user.login.success','::1','用户 teacher17 登录成功','2024-12-16 15:08:28'),(429,'T2024017','user.login.success','::1','用户 teacher17 登录成功','2024-12-16 15:16:31'),(430,'S2024105','user.login.success','::1','用户 student105 登录成功','2024-12-16 15:17:03'),(431,'T2024017','user.login.success','::1','用户 teacher17 登录成功','2024-12-16 15:25:53'),(432,'S2024105','user.login.success','::1','用户 student105 登录成功','2024-12-16 15:26:42'),(433,'T2024017','user.login.success','::1','用户 teacher17 登录成功','2024-12-16 15:30:05'),(434,'S2024105','user.login.success','::1','用户 student105 登录成功','2024-12-16 15:36:30'),(435,'S2024105','progress.file.submit','::1','提交文件：proposal - uploads/S2024105_literature_1734363807971.pdf','2024-12-16 15:43:27'),(436,'S2024105','progress.file.submit','::1','提交proposal阶段文件：S2024105_proposal_1734364073113.pdf','2024-12-16 15:47:53'),(437,'S2024105','progress.file.submit','::1','提交proposal阶段文件：S2024105_1734364248223.pdf','2024-12-16 15:50:48'),(438,'S2024105','progress.file.submit','::1','提交literature阶段文件：S2024105_1734364294623.pdf','2024-12-16 15:51:34'),(439,'T2024017','user.login.success','::1','用户 teacher17 登录成功','2024-12-17 09:39:11'),(440,'T2024017','user.login.success','::1','用户 teacher17 登录成功','2024-12-18 12:07:15'),(441,'T2024017','user.login.success','::1','用户 teacher17 登录成功','2024-12-18 12:07:43'),(442,'T2024017','user.login.success','::1','用户 teacher17 登录成功','2024-12-18 12:08:40'),(443,'T2024017','user.login.success','::1','用户 teacher17 登录成功','2024-12-18 12:12:22'),(444,'T2024017','user.login.success','::1','用户 teacher17 登录成功','2024-12-18 12:12:49'),(445,'T2024017','user.login.success','::1','用户 teacher17 登录成功','2024-12-18 12:18:12'),(446,'S2024105','user.login.success','::1','用户 student105 登录成功','2024-12-18 12:36:05'),(447,'S2024105','user.login.success','::1','用户 student105 登录成功','2024-12-18 12:36:14'),(448,'T2024017','user.login.success','::1','用户 teacher17 登录成功','2024-12-18 13:01:00'),(449,'T2024017','user.login.success','::1','用户 teacher17 登录成功','2024-12-18 13:27:44'),(450,'S2024105','user.login.success','::1','用户 student105 登录成功','2024-12-18 13:30:58'),(451,'T2024017','user.login.success','::1','用户 teacher17 登录成功','2024-12-18 13:37:09'),(452,'S2024105','user.login.success','::1','用户 student105 登录成功','2024-12-18 13:42:21'),(453,'T2024017','user.login.success','::1','用户 teacher17 登录成功','2024-12-18 13:47:47'),(454,'S2024105','user.login.success','::1','用户 student105 登录成功','2024-12-18 14:15:51'),(455,'S2024105','user.login.success','::1','用户 student105 登录成功','2024-12-18 14:36:07'),(456,'S2024105','progress.file.submit','::1','提交translation阶段文件：éè¯¯æ¥è®°.docx','2024-12-18 15:18:47'),(457,'S2024105','progress.file.submit','::1','提交translation阶段文件：éè¯¯æ¥è®°.docx','2024-12-18 15:21:03'),(458,'S2024105','progress.file.submit','::1','提交translation阶段文件：éè¯¯æ¥è®°.docx','2024-12-18 15:24:21'),(459,'S2024105','progress.file.submit','::1','提交translation阶段文件：éè¯¯æ¥è®°.docx','2024-12-18 15:25:29'),(460,'S2024105','progress.file.submit','::1','提交translation阶段文件：éè¯¯æ¥è®°.docx','2024-12-18 15:27:11'),(461,'S2024105','progress.file.submit','::1','提交translation阶段文件：è¯.docx','2024-12-18 15:32:03'),(462,'S2024105','progress.file.submit','::1','提交translation阶段文件：è¯.docx','2024-12-18 15:35:03'),(463,'S2024105','progress.file.submit','::1','提交translation阶段文件：è¯.docx','2024-12-18 15:37:22'),(464,'S2024105','progress.file.submit','::1','提交translation阶段文件：S2024105_translation_1734536498995.docx','2024-12-18 15:41:39'),(465,'S2024105','progress.file.submit','::1','更新translation阶段文件','2024-12-18 15:43:24'),(466,'S2024105','progress.file.submit','::1','更新translation阶段文件','2024-12-18 15:44:05'),(467,'S2024105','progress.file.submit','::1','更新translation阶段文件','2024-12-18 15:44:11'),(468,'T2024017','user.login.success','::1','用户 teacher17 登录成功','2024-12-18 15:46:20'),(469,'S2024105','user.login.success','::1','用户 student105 登录成功','2024-12-18 15:46:43'),(470,'T2024017','user.login.success','::1','用户 teacher17 登录成功','2024-12-18 15:49:27'),(471,'T2024017','proposal.list.view','::1','{\"message\":\"教师查看开题报告列表\",\"timestamp\":\"2024-12-18T15:56:03.351Z\"}','2024-12-18 15:56:03'),(472,'T2024017','proposal.review.submit','::1','{\"proposal_id\":\"1\",\"student_name\":\"陈静\",\"total_score\":84.25,\"status\":\"completed\",\"message\":\"教师完成了学生陈静的开题报告评审\"}','2024-12-18 15:58:32'),(473,'T2024017','proposal.list.view','::1','{\"message\":\"教师查看开题报告列表\",\"timestamp\":\"2024-12-18T15:58:32.834Z\"}','2024-12-18 15:58:32'),(474,'T2024017','proposal.list.view','::1','{\"message\":\"教师查看开题报告列表\",\"timestamp\":\"2024-12-18T16:13:13.890Z\"}','2024-12-18 16:13:13'),(475,'T2024017','translation.list.view','::1','{\"message\":\"教师查看外文翻译列表\"}','2024-12-18 16:23:24'),(476,'T2024017','translation.list.view','::1','{\"message\":\"教师查看外文翻译列表\"}','2024-12-18 16:25:33'),(477,'T2024017','translation.list.view','::1','{\"message\":\"教师查看外文翻译列表\"}','2024-12-18 16:26:50'),(478,'T2024017','translation.list.view','::1','{\"message\":\"教师查看外文翻译列表\"}','2024-12-18 16:27:13'),(479,'T2024017','proposal.list.view','::1','{\"message\":\"教师查看开题报告列表\",\"timestamp\":\"2024-12-18T16:30:31.248Z\"}','2024-12-18 16:30:31'),(480,'T2024017','proposal.list.view','::1','{\"message\":\"教师查看开题报告列表\",\"timestamp\":\"2024-12-18T16:32:40.728Z\"}','2024-12-18 16:32:40'),(481,'T2024017','translation.list.view','::1','{\"message\":\"教师查看外文翻译列表\",\"timestamp\":\"2024-12-18T16:35:06.883Z\"}','2024-12-18 16:35:06'),(482,'T2024017','translation.list.view','::1','{\"message\":\"教师查看外文翻译列表\",\"timestamp\":\"2024-12-19T01:43:43.627Z\"}','2024-12-19 01:43:43'),(483,'T2024017','translation.list.view','::1','{\"message\":\"教师查看外文翻译列表\",\"timestamp\":\"2024-12-19T01:46:41.253Z\"}','2024-12-19 01:46:41'),(484,'T2024017','translation.list.view','::1','{\"message\":\"教师查看外文翻译列表\",\"timestamp\":\"2024-12-19T01:48:42.734Z\"}','2024-12-19 01:48:42'),(485,'T2024017','translation.list.view','::1','{\"message\":\"教师查看外文翻译列表\",\"timestamp\":\"2024-12-19T01:49:06.644Z\"}','2024-12-19 01:49:06'),(486,'T2024017','translation.list.view','::1','{\"message\":\"教师查看外文翻译列表\",\"timestamp\":\"2024-12-19T01:52:16.445Z\"}','2024-12-19 01:52:16'),(487,'T2024017','translation.list.view','::1','{\"message\":\"教师查看外文翻译列表\",\"timestamp\":\"2024-12-19T01:52:21.465Z\"}','2024-12-19 01:52:21'),(488,'T2024017','translation.list.view','::1','{\"message\":\"教师查看外文翻译列表\",\"timestamp\":\"2024-12-19T01:53:43.554Z\"}','2024-12-19 01:53:43'),(489,'T2024017','translation.list.view','::1','{\"message\":\"教师查看外文翻译列表\",\"timestamp\":\"2024-12-19T01:53:51.152Z\"}','2024-12-19 01:53:51'),(490,'T2024017','translation.review','::1','{\"translation_id\":\"1\",\"student_name\":\"陈静\",\"status\":\"revision_needed\",\"total_score\":0,\"message\":\"教师完成了学生陈静的外文翻译评阅\"}','2024-12-19 01:56:25'),(491,'T2024017','translation.list.view','::1','{\"message\":\"教师查看外文翻译列表\",\"timestamp\":\"2024-12-19T01:58:19.093Z\"}','2024-12-19 01:58:19'),(492,'S2024105','user.login.success','::1','用户 student105 登录成功','2024-12-19 01:59:05'),(493,'T2024017','user.login.success','::1','用户 teacher17 登录成功','2024-12-19 01:59:50'),(494,'T2024017','translation.list.view','::1','{\"message\":\"教师查看外文翻译列表\",\"timestamp\":\"2024-12-19T01:59:55.286Z\"}','2024-12-19 01:59:55'),(495,'T2024017','translation.list.view','::1','{\"message\":\"教师查看外文翻译列表\",\"timestamp\":\"2024-12-19T02:01:32.929Z\"}','2024-12-19 02:01:32'),(496,'T2024017','translation.review','::1','{\"translation_id\":\"1\",\"student_name\":\"陈静\",\"status\":\"completed\",\"total_score\":89.67,\"message\":\"教师完成了学生陈静的外文翻译评阅\"}','2024-12-19 02:01:52'),(497,'T2024017','translation.list.view','::1','{\"message\":\"教师查看外文翻译列表\",\"timestamp\":\"2024-12-19T02:01:52.685Z\"}','2024-12-19 02:01:52'),(498,'T2024017','user.login.success','::1','用户 teacher17 登录成功','2024-12-19 02:02:28'),(499,'T2024017','translation.list.view','::1','{\"message\":\"教师查看外文翻译列表\",\"timestamp\":\"2024-12-19T02:02:32.293Z\"}','2024-12-19 02:02:32'),(500,'T2024017','translation.list.view','::1','{\"message\":\"教师查看外文翻译列表\",\"timestamp\":\"2024-12-19T02:05:33.563Z\"}','2024-12-19 02:05:33'),(501,'T2024017','translation.review','::1','{\"translation_id\":\"1\",\"student_name\":\"S2024105\",\"status\":\"completed\",\"total_score\":89.67,\"message\":\"教师完成了学生S2024105的外文翻译评阅\"}','2024-12-19 02:05:54'),(502,'T2024017','translation.list.view','::1','{\"message\":\"教师查看外文翻译列表\",\"timestamp\":\"2024-12-19T02:05:54.329Z\"}','2024-12-19 02:05:54'),(503,'S2024105','user.login.success','::1','用户 student105 登录成功','2024-12-19 02:06:29'),(504,'T2024017','user.login.success','::1','用户 teacher17 登录成功','2024-12-19 02:11:37'),(505,'T2024017','translation.list.view','::1','{\"message\":\"教师查看外文翻译列表\",\"timestamp\":\"2024-12-19T02:11:39.995Z\"}','2024-12-19 02:11:39'),(506,'T2024017','translation.review','::1','{\"translation_id\":\"1\",\"student_name\":\"S2024105\",\"status\":\"completed\",\"total_score\":88,\"message\":\"教师完成了学生S2024105的外文翻译评阅\"}','2024-12-19 02:11:53'),(507,'T2024017','translation.list.view','::1','{\"message\":\"教师查看外文翻译列表\",\"timestamp\":\"2024-12-19T02:11:53.641Z\"}','2024-12-19 02:11:53'),(508,'T2024017','translation.list.view','::1','{\"message\":\"教师查看外文翻译列表\",\"timestamp\":\"2024-12-19T02:13:23.532Z\"}','2024-12-19 02:13:23'),(509,'T2024017','translation.review','::1','{\"translation_id\":\"1\",\"student_name\":\"S2024105\",\"status\":\"completed\",\"total_score\":83.33,\"message\":\"教师完成了学生S2024105的外文翻译评阅\"}','2024-12-19 02:13:41'),(510,'T2024017','translation.list.view','::1','{\"message\":\"教师查看外文翻译列表\",\"timestamp\":\"2024-12-19T02:13:41.899Z\"}','2024-12-19 02:13:41'),(511,'S2024105','user.login.success','::1','用户 student105 登录成功','2024-12-19 02:14:14'),(512,'admin_cs_001','user.login.success','::1','用户 csadmin 登录成功','2024-12-19 02:18:21'),(513,'admin_cs_001','stage.list','::1','查询阶段列表','2024-12-19 02:18:26'),(514,'S2024105','user.login.success','::1','用户 student105 登录成功','2024-12-19 02:28:50'),(515,'S2024105','user.login.success','::1','用户 student105 登录成功','2024-12-19 02:33:48'),(516,'S2024105','progress.file.submit','::1','更新midterm阶段文件','2024-12-19 02:53:47'),(517,'S2024105','midterm.submit','::1','提交中期检查报告：版本 2','2024-12-19 02:53:47'),(518,'S2024105','progress.file.submit','::1','更新midterm阶段文件','2024-12-19 02:56:15'),(519,'S2024105','midterm.submit','::1','提交中期检查报告：版本 3','2024-12-19 02:56:15'),(520,'S2024105','progress.file.submit','::1','更新midterm阶段文件','2024-12-19 03:02:01'),(521,'S2024105','midterm.update','::1','更新中期检查报告：版本 3','2024-12-19 03:02:01'),(522,'SA2024001','user.login.success','::1','用户 刘超管 登录成功','2024-12-27 07:52:41'),(523,'SA2024001','stage.list','::1','查询阶段列表','2024-12-27 07:52:56'),(524,'T2024017','user.login.failed','::1','用户 teacher17 登录失败：密码错误','2024-12-27 07:53:48'),(525,'T2024017','user.login.success','::1','用户 teacher17 登录成功','2024-12-27 07:53:51'),(526,'T2024017','proposal.list.view','::1','{\"message\":\"教师查看开题报告列表\",\"timestamp\":\"2024-12-27T07:54:40.416Z\"}','2024-12-27 07:54:40'),(527,'T2024017','translation.list.view','::1','{\"message\":\"教师查看外文翻译列表\",\"timestamp\":\"2024-12-27T07:54:53.384Z\"}','2024-12-27 07:54:53'),(528,'T2024017','proposal.detail.view','::1','{\"proposal_id\":\"1\",\"student_name\":\"陈静\",\"message\":\"教师查看了学生陈静的开题报告详情\"}','2024-12-27 07:55:01'),(529,'T2024017','user.login.success','::1','用户 teacher17 登录成功','2024-12-28 06:39:43'),(530,'S2024105','user.login.success','::1','用户 student105 登录成功','2024-12-28 06:40:01'),(531,'T2024017','user.login.success','::1','用户 teacher17 登录成功','2024-12-28 06:47:12'),(532,'T2024017','translation.list.view','::1','{\"message\":\"教师查看外文翻译列表\",\"timestamp\":\"2024-12-28T06:47:20.004Z\"}','2024-12-28 06:47:20'),(533,'T2024017','proposal.list.view','::1','{\"message\":\"教师查看开题报告列表\",\"timestamp\":\"2024-12-28T06:47:21.260Z\"}','2024-12-28 06:47:21'),(534,'T2024017','translation.list.view','::1','{\"message\":\"教师查看外文翻译列表\",\"timestamp\":\"2024-12-28T07:12:01.672Z\"}','2024-12-28 07:12:01'),(535,'T2024017','translation.list.view','::1','{\"message\":\"教师查看外文翻译列表\",\"timestamp\":\"2024-12-28T07:48:38.698Z\"}','2024-12-28 07:48:38'),(536,'T2024017','translation.list.view','::1','{\"message\":\"教师查看外文翻译列表\",\"timestamp\":\"2024-12-28T08:23:24.524Z\"}','2024-12-28 08:23:24'),(537,'S2024105','user.login.success','::1','用户 student105 登录成功','2024-12-28 08:30:39'),(538,'T2024017','user.login.success','::1','用户 teacher17 登录成功','2024-12-28 08:30:56'),(539,'T2024017','proposal.list.view','::1','{\"message\":\"教师查看开题报告列表\",\"timestamp\":\"2024-12-28T08:31:03.355Z\"}','2024-12-28 08:31:03'),(540,'T2024017','translation.list.view','::1','{\"message\":\"教师查看外文翻译列表\",\"timestamp\":\"2024-12-28T08:31:07.836Z\"}','2024-12-28 08:31:07'),(541,'T2024017','translation.list.view','::1','{\"message\":\"教师查看外文翻译列表\",\"timestamp\":\"2024-12-28T08:36:46.810Z\"}','2024-12-28 08:36:46'),(542,'T2024017','translation.list.view','::1','{\"message\":\"教师查看外文翻译列表\",\"timestamp\":\"2024-12-28T08:36:50.169Z\"}','2024-12-28 08:36:50'),(543,'T2024017','midterm.list.view','::1','{\"message\":\"教师查看中期检查列表\",\"timestamp\":\"2024-12-28T09:04:20.279Z\"}','2024-12-28 09:04:20'),(544,'T2024017','midterm.list.view','::1','{\"message\":\"教师查看中期检查列表\",\"timestamp\":\"2024-12-28T09:08:12.917Z\"}','2024-12-28 09:08:12'),(545,'T2024017','midterm.list.view','::1','{\"message\":\"教师查看中期检查列表\",\"timestamp\":\"2024-12-28T09:10:03.771Z\"}','2024-12-28 09:10:03'),(546,'T2024017','midterm.list.view','::1','{\"message\":\"教师查看中期检查列表\",\"timestamp\":\"2024-12-28T09:11:24.225Z\"}','2024-12-28 09:11:24'),(547,'T2024017','midterm.list.view','::1','{\"message\":\"教师查看中期检查列表\",\"timestamp\":\"2024-12-28T09:11:26.090Z\"}','2024-12-28 09:11:26'),(548,'T2024017','midterm.list.view','::1','{\"message\":\"教师查看中期检查列表\",\"timestamp\":\"2024-12-28T09:13:14.384Z\"}','2024-12-28 09:13:14'),(549,'T2024017','midterm.list.view','::1','{\"message\":\"教师查看中期检查列表\",\"timestamp\":\"2024-12-28T09:13:22.164Z\"}','2024-12-28 09:13:22'),(550,'T2024017','midterm.list.view','::1','{\"message\":\"教师查看中期检查列表\",\"timestamp\":\"2024-12-28T09:13:22.402Z\"}','2024-12-28 09:13:22'),(551,'T2024017','midterm.list.view','::1','{\"message\":\"教师查看中期检查列表\",\"timestamp\":\"2024-12-28T09:59:28.486Z\"}','2024-12-28 09:59:28'),(552,'T2024017','midterm.list.view','::1','{\"message\":\"教师查看中期检查列表\",\"timestamp\":\"2024-12-28T09:59:29.951Z\"}','2024-12-28 09:59:29'),(553,'T2024017','midterm.list.view','::1','{\"message\":\"教师查看中期检查列表\",\"timestamp\":\"2024-12-28T10:01:36.502Z\"}','2024-12-28 10:01:36'),(554,'T2024017','midterm.list.view','::1','{\"message\":\"教师查看中期检查列表\",\"timestamp\":\"2024-12-28T10:04:02.389Z\"}','2024-12-28 10:04:02'),(555,'T2024017','midterm.list.view','::1','{\"message\":\"教师查看中期检查列表\",\"timestamp\":\"2024-12-28T10:06:13.773Z\"}','2024-12-28 10:06:13'),(556,'T2024017','midterm.list.view','::1','{\"message\":\"教师查看中期检查列表\",\"timestamp\":\"2024-12-28T10:06:21.867Z\"}','2024-12-28 10:06:21'),(557,'T2024017','midterm.review','::1','{\"midterm_id\":\"3\",\"status\":\"revision_needed\",\"total_score\":0,\"message\":\"教师完成了中期报告评阅\"}','2024-12-28 10:09:19'),(558,'T2024017','midterm.list.view','::1','{\"message\":\"教师查看中期检查列表\",\"timestamp\":\"2024-12-28T10:09:19.032Z\"}','2024-12-28 10:09:19'),(559,'S2024105','user.login.success','::1','用户 student105 登录成功','2024-12-28 10:09:42'),(560,'T2024017','user.login.success','::1','用户 teacher17 登录成功','2024-12-28 10:10:16'),(561,'T2024017','user.login.success','::1','用户 teacher17 登录成功','2024-12-28 10:10:49'),(562,'SA2024001','user.login.success','::1','用户 刘超管 登录成功','2024-12-28 10:11:02'),(563,'T2024017','user.login.success','::1','用户 teacher17 登录成功','2024-12-28 10:12:31'),(564,'T2024017','midterm.list.view','::1','{\"message\":\"教师查看中期检查列表\",\"timestamp\":\"2024-12-28T10:12:34.346Z\"}','2024-12-28 10:12:34'),(565,'T2024017','midterm.review','::1','{\"midterm_id\":\"3\",\"status\":\"revision_needed\",\"total_score\":0,\"message\":\"教师完成了中期报告评阅\"}','2024-12-28 10:15:23'),(566,'T2024017','midterm.list.view','::1','{\"message\":\"教师查看中期检查列表\",\"timestamp\":\"2024-12-28T10:15:23.390Z\"}','2024-12-28 10:15:23'),(567,'T2024017','midterm.review','::1','{\"midterm_id\":\"3\",\"status\":\"completed\",\"total_score\":86,\"message\":\"教师完成了中期报告评阅\"}','2024-12-28 10:16:24'),(568,'T2024017','midterm.list.view','::1','{\"message\":\"教师查看中期检查列表\",\"timestamp\":\"2024-12-28T10:16:24.622Z\"}','2024-12-28 10:16:24'),(569,'S2024105','user.login.success','::1','用户 student105 登录成功','2024-12-28 10:17:17'),(570,'T2024017','user.login.success','::1','用户 teacher17 登录成功','2024-12-28 10:17:34'),(571,'T2024017','midterm.list.view','::1','{\"message\":\"教师查看中期检查列表\",\"timestamp\":\"2024-12-28T10:17:37.034Z\"}','2024-12-28 10:17:37'),(572,'T2024017','midterm.list.view','::1','{\"message\":\"教师查看中期检查列表\",\"timestamp\":\"2024-12-28T10:19:03.569Z\"}','2024-12-28 10:19:03'),(573,'T2024017','midterm.list.view','::1','{\"message\":\"教师查看中期检查列表\",\"timestamp\":\"2024-12-28T10:20:03.774Z\"}','2024-12-28 10:20:03'),(574,'T2024017','midterm.list.view','::1','{\"message\":\"教师查看中期检查列表\",\"timestamp\":\"2024-12-28T10:24:35.085Z\"}','2024-12-28 10:24:35'),(575,'T2024017','midterm.review','::1','{\"midterm_id\":\"3\",\"student_name\":\"陈静\",\"student_id\":\"S2024105\",\"status\":\"completed\",\"total_score\":87.67,\"message\":\"教师完成了中期报告评阅\"}','2024-12-28 10:24:55'),(576,'T2024017','midterm.list.view','::1','{\"message\":\"教师查看中期检查列表\",\"timestamp\":\"2024-12-28T10:24:55.791Z\"}','2024-12-28 10:24:55'),(577,'T2024017','midterm.list.view','::1','{\"message\":\"教师查看中期检查列表\",\"timestamp\":\"2024-12-28T10:27:35.470Z\"}','2024-12-28 10:27:35'),(578,'T2024017','midterm.review','::1','{\"midterm_id\":\"3\",\"student_name\":\"陈静\",\"student_id\":\"S2024105\",\"status\":\"completed\",\"total_score\":88.67,\"message\":\"教师完成了中期报告评阅\"}','2024-12-28 10:30:35'),(579,'T2024017','midterm.list.view','::1','{\"message\":\"教师查看中期检查列表\",\"timestamp\":\"2024-12-28T10:30:35.807Z\"}','2024-12-28 10:30:35'),(580,'S2024107','user.login.success','::1','用户 student107 登录成功','2024-12-28 10:32:20'),(581,'T2024017','user.login.success','::1','用户 teacher17 登录成功','2024-12-28 11:16:24'),(582,'T2024017','proposal.list.view','::1','{\"message\":\"教师查看开题报告列表\",\"timestamp\":\"2024-12-28T11:16:30.134Z\"}','2024-12-28 11:16:30'),(583,'S2024105','user.login.success','::1','用户 student105 登录成功','2024-12-28 11:16:42'),(584,'G0934587486','user.login.success','::1','用户 方可 登录成功','2024-12-28 12:36:36'),(585,'S2024105','user.login.success','::1','用户 student105 登录成功','2024-12-28 12:38:27'),(586,'S2024105','progress.file.submit','::1','更新thesis_submit阶段文件','2024-12-28 14:00:01'),(587,'S2024105','progress.file.submit','::1','更新thesis_submit阶段文件','2024-12-28 14:06:06'),(588,'S2024105','progress.file.submit','::1','更新thesis_submit阶段文件','2024-12-28 14:09:54'),(589,'S2024105','progress.file.submit','::1','更新thesis_submit阶段文件','2024-12-28 14:12:21'),(590,'S2024105','progress.file.submit','::1','更新thesis_submit阶段文件','2024-12-28 14:14:54'),(591,'S2024105','progress.update','::1','更新thesis_submit阶段状态为reviewing','2024-12-28 14:14:54'),(592,'S2024105','progress.file.submit','::1','更新thesis_submit阶段文件','2024-12-28 14:47:11'),(593,'S2024105','progress.update','::1','更新thesis_submit阶段状态为reviewing','2024-12-28 14:47:11'),(594,'S2024105','progress.file.submit','::1','更新thesis_submit阶段文件','2024-12-28 15:07:26'),(595,'S2024105','progress.update','::1','更新thesis_submit阶段状态为reviewing','2024-12-28 15:07:26'),(596,'T2024017','user.login.success','::1','用户 teacher17 登录成功','2024-12-28 16:37:34'),(597,'T2024017','proposal.list.view','::1','{\"message\":\"教师查看开题报告列表\",\"timestamp\":\"2024-12-28T16:50:08.224Z\"}','2024-12-28 16:50:08'),(598,'T2024017','translation.list.view','::1','{\"message\":\"教师查看外文翻译列表\",\"timestamp\":\"2024-12-28T16:50:09.678Z\"}','2024-12-28 16:50:09'),(599,'T2024017','midterm.list.view','::1','{\"message\":\"教师查看中期检查列表\",\"timestamp\":\"2024-12-28T16:50:10.322Z\"}','2024-12-28 16:50:10'),(600,'T2024017','midterm.list.view','::1','{\"message\":\"教师查看中期检查列表\",\"timestamp\":\"2024-12-28T17:00:40.164Z\"}','2024-12-28 17:00:40'),(601,'T2024017','translation.list.view','::1','{\"message\":\"教师查看外文翻译列表\",\"timestamp\":\"2024-12-28T17:00:43.559Z\"}','2024-12-28 17:00:43'),(602,'T2024017','midterm.list.view','::1','{\"message\":\"教师查看中期检查列表\",\"timestamp\":\"2024-12-28T17:00:46.783Z\"}','2024-12-28 17:00:46'),(603,'T2024017','midterm.list.view','::1','{\"message\":\"教师查看中期检查列表\",\"timestamp\":\"2024-12-28T17:00:50.226Z\"}','2024-12-28 17:00:50'),(604,'T2024017','midterm.list.view','::1','{\"message\":\"教师查看中期检查列表\",\"timestamp\":\"2024-12-28T17:01:38.113Z\"}','2024-12-28 17:01:38'),(605,'T2024017','midterm.list.view','::1','{\"message\":\"教师查看中期检查列表\",\"timestamp\":\"2024-12-28T17:01:42.500Z\"}','2024-12-28 17:01:42'),(606,'T2024017','midterm.list.view','::1','{\"message\":\"教师查看中期检查列表\",\"timestamp\":\"2024-12-28T17:02:20.688Z\"}','2024-12-28 17:02:20'),(607,'T2024017','midterm.list.view','::1','{\"message\":\"教师查看中期检查列表\",\"timestamp\":\"2024-12-28T17:02:36.022Z\"}','2024-12-28 17:02:36'),(608,'T2024017','user.login.success','::1','用户 teacher17 登录成功','2024-12-29 02:56:04'),(609,'T2024017','thesis_confirmation.list.view','::1','{\"message\":\"教师查看论文确认列表\",\"timestamp\":\"2024-12-29T03:11:35.885Z\"}','2024-12-29 03:11:35'),(610,'T2024017','thesis_confirmation.list.view','::1','{\"message\":\"教师查看论文确认列表\",\"timestamp\":\"2024-12-29T03:15:58.937Z\"}','2024-12-29 03:15:58'),(611,'T2024017','thesis.list.view','::1','{\"action\":\"查看论文确认列表\",\"count\":1,\"timestamp\":\"2024-12-29T03:25:24.554Z\"}','2024-12-29 03:25:24'),(612,'T2024017','thesis.update.success','::1','{\"thesis_id\":\"3\",\"student_name\":\"陈静\",\"student_id\":\"S2024105\",\"status\":\"approved\",\"message\":\"教师更新论文确认状态\",\"timestamp\":\"2024-12-29T03:25:32.226Z\"}','2024-12-29 03:25:32'),(613,'T2024017','thesis.list.view','::1','{\"action\":\"查看论文确认列表\",\"count\":1,\"timestamp\":\"2024-12-29T03:25:32.262Z\"}','2024-12-29 03:25:32'),(614,'T2024017','thesis.list.view','::1','{\"action\":\"查看论文确认列表\",\"count\":1,\"timestamp\":\"2024-12-29T03:30:49.425Z\"}','2024-12-29 03:30:49'),(615,'T2024017','thesis.list.view','::1','{\"action\":\"查看论文确认列表\",\"count\":1,\"timestamp\":\"2024-12-29T03:31:12.415Z\"}','2024-12-29 03:31:12'),(616,'T2024017','thesis.list.view','::1','{\"action\":\"查看论文确认列表\",\"count\":1,\"timestamp\":\"2024-12-29T03:31:32.602Z\"}','2024-12-29 03:31:32'),(617,'T2024017','thesis.review.start','::1','{\"thesis_id\":\"3\",\"status\":\"approved\",\"timestamp\":\"2024-12-29T03:31:40.347Z\"}','2024-12-29 03:31:40'),(618,'T2024017','thesis.review.success','::1','{\"thesis_id\":\"3\",\"student_id\":\"S2024105\",\"student_name\":\"陈静\",\"thesis_title\":\"论文提交 v3\",\"status\":\"approved\",\"timestamp\":\"2024-12-29T03:31:40.358Z\"}','2024-12-29 03:31:40'),(619,'T2024017','thesis.list.view','::1','{\"action\":\"查看论文确认列表\",\"count\":1,\"timestamp\":\"2024-12-29T03:31:40.374Z\"}','2024-12-29 03:31:40'),(620,'T2024017','thesis.list.view','::1','{\"action\":\"查看论文确认列表\",\"count\":1,\"timestamp\":\"2024-12-29T03:36:56.324Z\"}','2024-12-29 03:36:56'),(621,'T2024017','thesis.review.start','::1','{\"thesis_id\":\"3\",\"status\":\"approved\",\"timestamp\":\"2024-12-29T03:37:01.149Z\"}','2024-12-29 03:37:01'),(622,'T2024017','thesis.review.success','::1','{\"thesis_id\":\"3\",\"student_id\":\"S2024105\",\"student_name\":\"陈静\",\"thesis_title\":\"论文提交 v3\",\"status\":\"approved\",\"timestamp\":\"2024-12-29T03:37:01.165Z\"}','2024-12-29 03:37:01'),(623,'T2024017','thesis.list.view','::1','{\"action\":\"查看论文确认列表\",\"count\":1,\"timestamp\":\"2024-12-29T03:37:01.187Z\"}','2024-12-29 03:37:01'),(624,'T2024017','thesis.list.view','::1','{\"action\":\"查看论文确认列表\",\"count\":1,\"timestamp\":\"2024-12-29T03:40:03.065Z\"}','2024-12-29 03:40:03'),(626,'T2024017','thesis.review.error','::1','{\"thesis_id\":\"3\",\"error\":\"Case not found for CASE statement\",\"timestamp\":\"2024-12-29T03:40:07.187Z\"}','2024-12-29 03:40:07'),(628,'T2024017','thesis.review.error','::1','{\"thesis_id\":\"3\",\"error\":\"Case not found for CASE statement\",\"timestamp\":\"2024-12-29T03:42:56.824Z\"}','2024-12-29 03:42:56'),(629,'T2024017','thesis.list.view','::1','{\"action\":\"查看论文确认列表\",\"count\":1,\"timestamp\":\"2024-12-29T03:43:00.012Z\"}','2024-12-29 03:43:00'),(631,'T2024017','thesis.review.error','::1','{\"thesis_id\":\"3\",\"error\":\"Case not found for CASE statement\",\"timestamp\":\"2024-12-29T03:43:03.706Z\"}','2024-12-29 03:43:03'),(633,'T2024017','thesis.review.error','::1','{\"thesis_id\":\"3\",\"error\":\"Case not found for CASE statement\",\"timestamp\":\"2024-12-29T03:44:50.119Z\"}','2024-12-29 03:44:50'),(635,'T2024017','thesis.review.error','::1','{\"thesis_id\":\"3\",\"error\":\"Case not found for CASE statement\",\"timestamp\":\"2024-12-29T03:47:06.175Z\"}','2024-12-29 03:47:06'),(636,'T2024017','thesis.list.view','::1','{\"action\":\"查看论文确认列表\",\"count\":1,\"timestamp\":\"2024-12-29T03:47:10.017Z\"}','2024-12-29 03:47:10'),(638,'T2024017','thesis.review.error','::1','{\"thesis_id\":\"3\",\"error\":\"Case not found for CASE statement\",\"timestamp\":\"2024-12-29T03:47:13.096Z\"}','2024-12-29 03:47:13'),(640,'T2024017','thesis.review.error','::1','{\"thesis_id\":\"3\",\"error\":\"Case not found for CASE statement\",\"timestamp\":\"2024-12-29T03:48:49.574Z\"}','2024-12-29 03:48:49'),(641,'T2024017','thesis.list.view','::1','{\"action\":\"查看论文确认列表\",\"count\":1,\"timestamp\":\"2024-12-29T03:48:56.639Z\"}','2024-12-29 03:48:56'),(643,'T2024017','thesis.review.error','::1','{\"thesis_id\":\"3\",\"error\":\"Case not found for CASE statement\",\"timestamp\":\"2024-12-29T03:49:00.244Z\"}','2024-12-29 03:49:00'),(645,'T2024017','thesis.review.error','::1','{\"thesis_id\":\"3\",\"error\":\"Case not found for CASE statement\",\"timestamp\":\"2024-12-29T03:51:05.496Z\"}','2024-12-29 03:51:05'),(647,'T2024017','thesis.review.error','::1','{\"thesis_id\":\"3\",\"error\":\"Case not found for CASE statement\",\"timestamp\":\"2024-12-29T03:53:38.462Z\"}','2024-12-29 03:53:38'),(649,'T2024017','thesis.review.error','::1','{\"thesis_id\":\"3\",\"error\":\"Can\'t update table \'progress_records\' in stored function/trigger because it is already used by statement which invoked this stored function/trigger.\",\"timestamp\":\"2024-12-29T03:56:04.103Z\"}','2024-12-29 03:56:04'),(651,'T2024017','thesis.review.error','::1','{\"thesis_id\":\"3\",\"error\":\"currentRecord is not defined\",\"timestamp\":\"2024-12-29T04:04:27.090Z\"}','2024-12-29 04:04:27'),(652,'T2024017','thesis.review.start','::1','{\"thesis_id\":\"3\",\"status\":\"approved\",\"timestamp\":\"2024-12-29T04:06:51.408Z\"}','2024-12-29 04:06:51'),(653,'T2024017','progress.thesis.update','::1','{\"student_id\":\"S2024105\",\"stage\":\"thesis_submit\",\"old_status\":\"reviewing\",\"new_status\":\"completed\",\"score\":100,\"timestamp\":\"2024-12-29T04:06:51.428Z\"}','2024-12-29 04:06:51'),(654,'T2024017','thesis.review.success','::1','{\"thesis_id\":\"3\",\"student_id\":\"S2024105\",\"student_name\":\"陈静\",\"thesis_title\":\"论文提交 v3\",\"status\":\"approved\",\"timestamp\":\"2024-12-29T04:06:51.433Z\"}','2024-12-29 04:06:51'),(655,'T2024017','thesis.review.error','::1','{\"thesis_id\":\"3\",\"error\":\"Cannot set headers after they are sent to the client\",\"timestamp\":\"2024-12-29T04:06:51.437Z\"}','2024-12-29 04:06:51'),(656,'T2024017','user.login.success','::1','用户 teacher17 登录成功','2024-12-29 04:19:09'),(657,'T2024017','thesis.list.view','::1','{\"action\":\"查看论文确认列表\",\"count\":1,\"timestamp\":\"2024-12-29T04:19:12.422Z\"}','2024-12-29 04:19:12'),(658,'T2024017','user.login.success','::1','用户 teacher17 登录成功','2024-12-29 04:20:00'),(659,'T2024017','thesis.list.view','::1','{\"action\":\"查看论文确认列表\",\"count\":1,\"timestamp\":\"2024-12-29T04:20:02.485Z\"}','2024-12-29 04:20:02'),(660,'T2024017','thesis.list.view','::1','{\"action\":\"查看论文确认列表\",\"count\":1,\"timestamp\":\"2024-12-29T05:56:16.057Z\"}','2024-12-29 05:56:16'),(661,'T2024017','thesis.review.update','::1','{\"thesis_id\":\"3\",\"student_id\":\"S2024105\",\"old_status\":\"pending\",\"new_status\":\"approved\",\"timestamp\":\"2024-12-29T05:57:32.909Z\"}','2024-12-29 05:57:32'),(662,'T2024017','thesis.list.view','::1','{\"action\":\"查看论文确认列表\",\"count\":1,\"timestamp\":\"2024-12-29T05:57:32.934Z\"}','2024-12-29 05:57:32'),(663,'T2024017','thesis.list.view','::1','{\"action\":\"查看论文确认列表\",\"count\":1,\"timestamp\":\"2024-12-29T06:02:21.965Z\"}','2024-12-29 06:02:21'),(664,'S2024107','user.login.success','::1','用户 student107 登录成功','2024-12-29 06:02:50'),(665,'S2024105','user.login.success','::1','用户 student105 登录成功','2024-12-29 06:03:13'),(666,'T2024017','user.login.success','::1','用户 teacher17 登录成功','2024-12-29 06:44:07'),(667,'T2024017','thesis.list.view','::1','{\"action\":\"查看论文确认列表\",\"count\":1,\"timestamp\":\"2024-12-29T06:44:11.778Z\"}','2024-12-29 06:44:11'),(668,'admin_cs_001','user.login.success','::1','用户 csadmin 登录成功','2024-12-29 06:44:44'),(669,'admin_cs_001','stage.list','::1','查询阶段列表','2024-12-29 06:44:46'),(670,'admin_cs_001','stage.list','::1','查询阶段列表','2024-12-29 06:51:16'),(671,'admin_cs_001','stage.list','::1','查询阶段列表','2024-12-29 07:18:43'),(672,'admin_cs_001','thesis.assign_reviewers','::1','分配论文评阅人 - 论文ID: 3, 导师评阅: T2024017, 同行评阅: T2024019,T2024001,T2024013','2024-12-29 07:40:31'),(673,'admin_cs_001','stage.list','::1','查询阶段列表','2024-12-29 07:45:38'),(674,'admin_cs_001','stage.list','::1','查询阶段列表','2024-12-29 08:25:25'),(675,'admin_cs_001','thesis.assign_reviewers','::1','分配论文评阅人 - 论文ID: 3, 导师评阅: T2024017, 同行评阅: T2024025,T2024001,T2024019','2024-12-29 09:03:01'),(676,'admin_cs_001','thesis.assign_reviewers','::1','分配论文评阅人 - 论文ID: 3, 导师评阅: T2024017, 同行评阅: T2024001,T2024013,T2024019','2024-12-29 09:03:44'),(677,'S2024105','user.login.success','::1','用户 student105 登录成功','2024-12-29 09:29:50'),(678,'S2024105','user.login.success','::1','用户 student105 登录成功','2024-12-29 09:49:17'),(679,'T2024017','user.login.success','::1','用户 teacher17 登录成功','2024-12-29 10:16:40'),(680,'T2024017','user.login.success','::1','用户 teacher17 登录成功','2024-12-29 10:59:40'),(681,'T2024017','proposal.list.view','::1','{\"message\":\"教师查看开题报告列表\",\"timestamp\":\"2024-12-29T11:21:55.490Z\"}','2024-12-29 11:21:55'),(682,'T2024017','thesis.list.view','::1','{\"action\":\"查看论文确认列表\",\"count\":1,\"timestamp\":\"2024-12-29T11:23:32.268Z\"}','2024-12-29 11:23:32'),(683,'T2024017','thesis.list.view','::1','{\"action\":\"查看论文确认列表\",\"count\":1,\"timestamp\":\"2024-12-29T11:23:47.728Z\"}','2024-12-29 11:23:47'),(684,'T2024017','thesis.list.view','::1','{\"action\":\"查看论文确认列表\",\"count\":1,\"timestamp\":\"2024-12-29T11:27:34.977Z\"}','2024-12-29 11:27:34'),(685,'T2024017','translation.list.view','::1','{\"message\":\"教师查看外文翻译列表\",\"timestamp\":\"2024-12-29T11:27:39.653Z\"}','2024-12-29 11:27:39'),(686,'T2024017','midterm.list.view','::1','{\"message\":\"教师查看中期检查列表\",\"timestamp\":\"2024-12-29T11:27:45.518Z\"}','2024-12-29 11:27:45'),(687,'T2024017','proposal.list.view','::1','{\"message\":\"教师查看开题报告列表\",\"timestamp\":\"2024-12-29T11:27:49.528Z\"}','2024-12-29 11:27:49'),(688,'T2024017','thesis.list.view','::1','{\"action\":\"查看论文确认列表\",\"count\":1,\"timestamp\":\"2024-12-29T11:29:46.809Z\"}','2024-12-29 11:29:46'),(689,'T2024017','thesis.list.view','::1','{\"action\":\"查看论文确认列表\",\"count\":1,\"timestamp\":\"2024-12-29T11:30:01.734Z\"}','2024-12-29 11:30:01'),(690,'T2024017','thesis.list.view','::1','{\"action\":\"查看论文确认列表\",\"count\":1,\"timestamp\":\"2024-12-29T11:31:53.061Z\"}','2024-12-29 11:31:53'),(691,'T2024001','user.login.success','::1','用户 teacher1 登录成功','2024-12-29 11:50:05'),(692,'T2024017','user.login.success','::1','用户 teacher17 登录成功','2024-12-29 12:04:39'),(693,'T2024001','user.login.success','::1','用户 teacher1 登录成功','2024-12-29 12:10:23'),(694,'T2024017','user.login.success','::1','用户 teacher17 登录成功','2024-12-29 12:10:35'),(695,'T2024001','user.login.success','::1','用户 teacher1 登录成功','2024-12-29 12:11:16'),(696,'T2024017','user.login.success','::1','用户 teacher17 登录成功','2024-12-29 12:13:53'),(697,'T2024001','user.login.success','::1','用户 teacher1 登录成功','2024-12-29 12:15:15'),(698,'T2024017','user.login.success','::1','用户 teacher17 登录成功','2024-12-29 12:15:25'),(699,'T2024001','user.login.success','::1','用户 teacher1 登录成功','2024-12-29 12:15:52'),(700,'T2024001','proposal.list.view','::1','{\"message\":\"教师查看开题报告列表\",\"timestamp\":\"2024-12-29T12:18:40.156Z\"}','2024-12-29 12:18:40'),(701,'T2024017','user.login.success','::1','用户 teacher17 登录成功','2024-12-29 12:18:46'),(702,'T2024017','thesis.list.view','::1','{\"action\":\"查看论文确认列表\",\"count\":1,\"timestamp\":\"2024-12-29T12:18:59.991Z\"}','2024-12-29 12:18:59'),(703,'T2024013','user.login.success','::1','用户 teacher13 登录成功','2024-12-29 12:19:10'),(704,'T2024013','proposal.list.view','::1','{\"message\":\"教师查看开题报告列表\",\"timestamp\":\"2024-12-29T12:19:12.967Z\"}','2024-12-29 12:19:12'),(705,'T2024013','translation.list.view','::1','{\"message\":\"教师查看外文翻译列表\",\"timestamp\":\"2024-12-29T12:19:13.519Z\"}','2024-12-29 12:19:13'),(706,'T2024013','midterm.list.view','::1','{\"message\":\"教师查看中期检查列表\",\"timestamp\":\"2024-12-29T12:19:13.902Z\"}','2024-12-29 12:19:13'),(707,'T2024013','thesis.list.view','::1','{\"action\":\"查看论文确认列表\",\"count\":0,\"timestamp\":\"2024-12-29T12:19:14.313Z\"}','2024-12-29 12:19:14'),(708,'T2024013','提交论文评阅','::1','{\"student\":\"陈静\",\"thesis\":\"论文提交 v3\",\"reviewType\":\"同行评阅\",\"totalScore\":75.75}','2024-12-29 12:19:26'),(709,'T2024019','user.login.success','::1','用户 teacher19 登录成功','2024-12-29 12:21:38'),(710,'T2024019','thesis.review.list.view','::1','{\"action\":\"查看论文评阅列表\",\"count\":1,\"timestamp\":\"2024-12-29T12:21:42.994Z\"}','2024-12-29 12:21:43'),(711,'T2024019','thesis.review.submit','::1','{\"action\":\"提交论文评阅\",\"student\":\"陈静\",\"thesis\":\"论文提交 v3\",\"type\":\"同行评阅\",\"score\":70.25,\"timestamp\":\"2024-12-29T12:21:52.200Z\"}','2024-12-29 12:21:52'),(712,'T2024019','thesis.review.list.view','::1','{\"action\":\"查看论文评阅列表\",\"count\":1,\"timestamp\":\"2024-12-29T12:21:52.238Z\"}','2024-12-29 12:21:52'),(713,'S2024105','user.login.success','::1','用户 student105 登录成功','2024-12-29 12:22:56'),(714,'S2024105','user.login.success','::1','用户 student105 登录成功','2024-12-29 12:32:27'),(715,'T2024001','user.login.success','::1','用户 teacher1 登录成功','2024-12-29 12:35:12'),(716,'T2024001','thesis.review.list.view','::1','{\"action\":\"查看论文评阅列表\",\"count\":1,\"timestamp\":\"2024-12-29T12:37:51.639Z\"}','2024-12-29 12:37:51'),(717,'T2024017','user.login.success','::1','用户 teacher17 登录成功','2024-12-29 12:38:04'),(718,'T2024017','thesis.review.list.view','::1','{\"action\":\"查看论文评阅列表\",\"count\":1,\"timestamp\":\"2024-12-29T12:38:06.520Z\"}','2024-12-29 12:38:06'),(719,'T2024017','thesis.review.submit','::1','{\"action\":\"提交论文评阅\",\"student\":\"陈静\",\"thesis\":\"论文提交 v3\",\"type\":\"导师评阅\",\"score\":75.75,\"timestamp\":\"2024-12-29T12:38:18.868Z\"}','2024-12-29 12:38:18'),(720,'T2024017','thesis.review.list.view','::1','{\"action\":\"查看论文评阅列表\",\"count\":1,\"timestamp\":\"2024-12-29T12:38:18.908Z\"}','2024-12-29 12:38:18'),(721,'T2024001','user.login.success','::1','用户 teacher1 登录成功','2024-12-29 12:38:43'),(722,'T2024001','thesis.review.list.view','::1','{\"action\":\"查看论文评阅列表\",\"count\":1,\"timestamp\":\"2024-12-29T12:38:45.612Z\"}','2024-12-29 12:38:45'),(723,'T2024001','thesis.review.list.view','::1','{\"action\":\"查看论文评阅列表\",\"count\":1,\"timestamp\":\"2024-12-29T12:40:25.189Z\"}','2024-12-29 12:40:25'),(724,'T2024001','thesis.review.list.view','::1','{\"action\":\"查看论文评阅列表\",\"count\":1,\"timestamp\":\"2024-12-29T12:40:27.939Z\"}','2024-12-29 12:40:27'),(725,'T2024001','thesis.review.list.view','::1','{\"action\":\"查看论文评阅列表\",\"count\":1,\"timestamp\":\"2024-12-29T12:41:27.848Z\"}','2024-12-29 12:41:27'),(726,'T2024001','thesis.review.list.view','::1','{\"action\":\"查看论文评阅列表\",\"count\":1,\"timestamp\":\"2024-12-29T12:43:40.745Z\"}','2024-12-29 12:43:40'),(727,'T2024001','thesis.review.list.view','::1','{\"action\":\"查看论文评阅列表\",\"count\":1,\"timestamp\":\"2024-12-29T12:43:45.699Z\"}','2024-12-29 12:43:45'),(728,'T2024001','thesis.review.list.view','::1','{\"action\":\"查看论文评阅列表\",\"count\":1,\"timestamp\":\"2024-12-29T12:45:18.062Z\"}','2024-12-29 12:45:18'),(729,'T2024001','thesis.review.submit','::1','{\"action\":\"提交论文评阅\",\"student\":\"陈静\",\"thesis\":\"论文提交 v3\",\"type\":\"同行评阅\",\"score\":65,\"timestamp\":\"2024-12-29T12:47:36.535Z\"}','2024-12-29 12:47:36'),(730,'T2024001','thesis.review.list.view','::1','{\"action\":\"查看论文评阅列表\",\"count\":1,\"timestamp\":\"2024-12-29T12:47:36.575Z\"}','2024-12-29 12:47:36'),(731,'T2024013','user.login.success','::1','用户 teacher13 登录成功','2024-12-29 12:47:58'),(732,'T2024013','thesis.review.list.view','::1','{\"action\":\"查看论文评阅列表\",\"count\":1,\"timestamp\":\"2024-12-29T12:48:05.496Z\"}','2024-12-29 12:48:05'),(733,'T2024013','thesis.review.submit','::1','{\"action\":\"提交论文评阅\",\"student\":\"陈静\",\"thesis\":\"论文提交 v3\",\"type\":\"同行评阅\",\"score\":58.25,\"timestamp\":\"2024-12-29T12:48:20.388Z\"}','2024-12-29 12:48:20'),(734,'T2024013','thesis.review.list.view','::1','{\"action\":\"查看论文评阅列表\",\"count\":1,\"timestamp\":\"2024-12-29T12:48:20.436Z\"}','2024-12-29 12:48:20'),(735,'T2024019','user.login.success','::1','用户 teacher19 登录成功','2024-12-29 12:48:34'),(736,'T2024019','thesis.review.list.view','::1','{\"action\":\"查看论文评阅列表\",\"count\":1,\"timestamp\":\"2024-12-29T12:48:36.217Z\"}','2024-12-29 12:48:36'),(737,'T2024019','thesis.review.submit','::1','{\"action\":\"提交论文评阅\",\"student\":\"陈静\",\"thesis\":\"论文提交 v3\",\"type\":\"同行评阅\",\"score\":69.25,\"timestamp\":\"2024-12-29T12:48:46.834Z\"}','2024-12-29 12:48:46'),(738,'T2024019','thesis.review.list.view','::1','{\"action\":\"查看论文评阅列表\",\"count\":1,\"timestamp\":\"2024-12-29T12:48:46.883Z\"}','2024-12-29 12:48:46'),(739,'S2024105','user.login.success','::1','用户 student105 登录成功','2024-12-29 12:49:28'),(740,'admin_cs_001','user.login.success','::1','用户 csadmin 登录成功','2024-12-29 12:55:01'),(741,'admin_cs_001','stage.list','::1','查询阶段列表','2024-12-29 12:55:03'),(742,'S2024105','user.login.success','::1','用户 student105 登录成功','2024-12-29 12:57:36'),(743,'SA2024001','user.login.success','::1','用户 刘超管 登录成功','2024-12-29 12:59:42'),(744,'SA2024001','system.database.backup.error','::1','{\"message\":\"数据库备份失败\",\"error\":\"Command failed: mysqldump -hlocalhost -uroot -p66176488 graduation_management > backups\\\\backup-2024-12-29T13-02-06.sql\\nmysqldump: [Warning] Using a password on the command line interface can be insecure.\\r\\nmysqldump: Couldn\'t execute \'SHOW FIELDS FROM `student_progress_view`\': View \'graduation_management.student_progress_view\' references invalid table(s) or column(s) or function(s) or definer/invoker of view lack rights to use them (1356)\\r\\n\",\"timestamp\":\"2024-12-29T13:02:07.205Z\"}','2024-12-29 13:02:07'),(745,'SA2024001','system.data.export.start','::1','{\"tables\":[\"progress_stage_queue\"],\"format\":\"sql\",\"timestamp\":\"2024-12-29T13:02:49.941Z\",\"status\":\"started\"}','2024-12-29 13:02:49'),(746,'SA2024001','system.data.export.success','::1','{\"tables\":[\"progress_stage_queue\"],\"format\":\"sql\",\"timestamp\":\"2024-12-29T13:02:50.110Z\",\"status\":\"completed\",\"fileSize\":2247,\"tablesCount\":1}','2024-12-29 13:02:50'),(747,'SA2024001','system.data.export.start','::1','{\"tables\":[\"literature_reviews\",\"midterm_reports\",\"next_stage_queue\",\"progress_records\",\"progress_stage_queue\",\"progress_stages\",\"proposal_reviews\",\"student_stage_scores\",\"students\",\"supervisors\",\"system_logs\",\"system_messages\",\"task_assignments\",\"thesis_reviews_assignment\",\"thesis_review_details\",\"thesis_submissions\",\"topic_selections\",\"translation_reviews\",\"topics\",\"users\",\"v_student_progress\",\"student_progress_view\"],\"format\":\"sql\",\"timestamp\":\"2024-12-29T13:03:24.458Z\",\"status\":\"started\"}','2024-12-29 13:03:24'),(748,'SA2024001','system.data.export.error','::1','{\"tables\":[\"literature_reviews\",\"midterm_reports\",\"next_stage_queue\",\"progress_records\",\"progress_stage_queue\",\"progress_stages\",\"proposal_reviews\",\"student_stage_scores\",\"students\",\"supervisors\",\"system_logs\",\"system_messages\",\"task_assignments\",\"thesis_reviews_assignment\",\"thesis_review_details\",\"thesis_submissions\",\"topic_selections\",\"translation_reviews\",\"topics\",\"users\",\"v_student_progress\",\"student_progress_view\"],\"format\":\"sql\",\"timestamp\":\"2024-12-29T13:03:24.751Z\",\"status\":\"failed\",\"error\":\"Command failed: mysqldump -hlocalhost -uroot -p66176488 graduation_management literature_reviews midterm_reports next_stage_queue progress_records progress_stage_queue progress_stages proposal_reviews student_stage_scores students supervisors system_logs system_messages task_assignments thesis_reviews_assignment thesis_review_details thesis_submissions topic_selections translation_reviews topics users v_student_progress student_progress_view\\nmysqldump: [Warning] Using a password on the command line interface can be insecure.\\r\\nmysqldump: Couldn\'t execute \'SHOW FIELDS FROM `v_student_progress`\': View \'graduation_management.v_student_progress\' references invalid table(s) or column(s) or function(s) or definer/invoker of view lack rights to use them (1356)\\r\\n\"}','2024-12-29 13:03:24'),(749,'SA2024001','system.database.backup.error','::1','{\"message\":\"数据库备份失败\",\"error\":\"Command failed: mysqldump -hlocalhost -uroot -p66176488 graduation_management > backups\\\\backup-2024-12-29T13-03-42.sql\\nmysqldump: [Warning] Using a password on the command line interface can be insecure.\\r\\nmysqldump: Couldn\'t execute \'SHOW FIELDS FROM `student_progress_view`\': View \'graduation_management.student_progress_view\' references invalid table(s) or column(s) or function(s) or definer/invoker of view lack rights to use them (1356)\\r\\n\",\"timestamp\":\"2024-12-29T13:03:42.164Z\"}','2024-12-29 13:03:42'),(750,'SA2024001','system.database.backup','::1','{\"message\":\"数据库备份成功\",\"filename\":\"backup-2024-12-29T13-06-52.sql\",\"path\":\"backups\\\\backup-2024-12-29T13-06-52.sql\",\"timestamp\":\"2024-12-29T13:06:52.635Z\"}','2024-12-29 13:06:52'),(751,'S2024105','user.login.success','::1','用户 student105 登录成功','2024-12-29 13:09:02'),(752,NULL,'trigger.peer_review.debug',NULL,'Trigger called with: stage_type=peer_review, old_status=completed, new_status=in_progress, student_id=S2024105','2024-12-29 13:17:01'),(753,NULL,'trigger.peer_review.debug',NULL,'Trigger called with: stage_type=peer_review, old_status=in_progress, new_status=completed, student_id=S2024105','2024-12-29 13:17:07'),(754,NULL,'trigger.peer_review.match',NULL,'Conditions matched for student_id: S2024105','2024-12-29 13:17:07'),(755,NULL,'trigger.peer_review.update',NULL,'Update completed. Rows affected: 1. Student ID: S2024105','2024-12-29 13:17:07'),(756,NULL,'trigger.peer_review.debug',NULL,'Trigger called with: stage_type=defense, old_status=in_progress, new_status=in_progress, student_id=S2024105','2024-12-29 13:17:08'),(757,'admin_cs_001','user.login.success','::1','用户 csadmin 登录成功','2024-12-29 13:31:27'),(758,'admin_cs_001','stage.list','::1','查询阶段列表','2024-12-29 13:31:31'),(759,'admin_cs_001','user.login.success','::1','用户 csadmin 登录成功','2024-12-29 13:43:01'),(760,'admin_cs_001','defense.committee.create','::1','创建答辩委员会: 计算机科学与技术学院答辩委员会','2024-12-29 13:46:04'),(761,'admin_cs_001','stage.list','::1','查询阶段列表','2024-12-29 13:53:55'),(762,'admin_cs_001','stage.list','::1','查询阶段列表','2024-12-29 13:53:56'),(763,'admin_cs_001','stage.list','::1','查询阶段列表','2024-12-29 13:53:57'),(764,'admin_cs_001','user.login.success','::1','用户 csadmin 登录成功','2024-12-29 13:56:07'),(765,'admin_cs_001','defense.committee.delete','::1','删除答辩委员会: 1','2024-12-29 14:07:17'),(766,'admin_cs_001','defense.committee.create','::1','创建答辩委员会: 计算机科学与技术学院答辩委员会','2024-12-29 14:17:53'),(767,'admin_cs_001','defense.committee.update','::1','更新答辩委员会: 2','2024-12-29 14:18:02'),(768,'admin_cs_001','defense.arrange','::1','创建答辩安排: S2024105','2024-12-29 14:21:05'),(769,'admin_cs_001','defense.update','::1','更新答辩安排: 1','2024-12-29 14:21:15'),(770,'admin_cs_001','defense.update','::1','更新答辩安排: 1','2024-12-29 14:21:41'),(771,'admin_cs_001','defense.committee.create','::1','创建答辩委员会: 计算机科学与技术学院答辩委员会','2024-12-29 14:22:55'),(772,'admin_cs_001','defense.committee.delete','::1','删除答辩委员会: 3','2024-12-29 14:22:59'),(773,'admin_cs_001','defense.update','::1','更新答辩安排: 1','2024-12-29 14:25:25'),(774,'admin_cs_001','defense.update','::1','更新答辩安排: 1','2024-12-29 14:25:39'),(775,'S2024105','user.login.success','::1','用户 student105 登录成功','2024-12-29 14:25:51'),(776,'admin_cs_001','user.login.success','::1','用户 csadmin 登录成功','2024-12-29 14:46:23'),(777,'admin_cs_001','defense.committee.update','::1','更新答辩委员会: 2','2024-12-29 14:46:33'),(778,'admin_cs_001','defense.update','::1','更新答辩安排: 1','2024-12-29 14:46:36'),(779,'S2024105','user.login.success','::1','用户 student105 登录成功','2024-12-29 14:46:43'),(780,'S2024105','user.login.success','::1','用户 student105 登录成功','2024-12-29 14:56:01'),(781,'T2024017','user.login.success','::1','用户 teacher17 登录成功','2024-12-29 15:29:01'),(782,'T2024017','thesis.review.list.view','::1','{\"action\":\"查看论文评阅列表\",\"count\":1,\"timestamp\":\"2024-12-29T15:29:02.711Z\"}','2024-12-29 15:29:02'),(783,'T2024017','thesis.list.view','::1','{\"action\":\"查看论文确认列表\",\"count\":1,\"timestamp\":\"2024-12-29T15:29:15.254Z\"}','2024-12-29 15:29:15'),(784,'T2024017','thesis.review.list.view','::1','{\"action\":\"查看论文评阅列表\",\"count\":1,\"timestamp\":\"2024-12-29T15:36:12.046Z\"}','2024-12-29 15:36:12'),(785,'admin_cs_001','user.login.success','::1','用户 csadmin 登录成功','2024-12-29 15:43:13'),(786,'admin_cs_001','defense.update','::1','更新答辩安排: 1','2024-12-29 15:43:21'),(787,'admin_se_001','user.login.success','::1','用户 seadmin 登录成功','2024-12-29 15:43:59'),(788,'admin_cs_001','user.login.success','::1','用户 csadmin 登录成功','2024-12-29 15:44:52'),(789,'T2024017','user.login.success','::1','用户 teacher17 登录成功','2024-12-29 15:55:48'),(790,'T2024001','user.login.success','::1','用户 teacher1 登录成功','2024-12-29 16:05:39'),(791,'T2024002','user.login.success','::1','用户 teacher2 登录成功','2024-12-29 16:06:19'),(792,'T2024002','thesis.review.list.view','::1','{\"action\":\"查看论文评阅列表\",\"count\":0,\"timestamp\":\"2024-12-29T16:06:21.656Z\"}','2024-12-29 16:06:21'),(793,'T2024013','user.login.success','::1','用户 teacher13 登录成功','2024-12-29 16:06:33'),(794,'T2024003','user.login.success','::1','用户 teacher3 登录成功','2024-12-29 16:07:03'),(795,'T2024003','thesis.review.list.view','::1','{\"action\":\"查看论文评阅列表\",\"count\":0,\"timestamp\":\"2024-12-29T16:08:02.112Z\"}','2024-12-29 16:08:02'),(796,'T2024003','defense.score.submit','::1','提交答辩评分: 1','2024-12-29 16:18:33'),(797,'T2024003','defense.score.submit','::1','提交答辩评分: 1','2024-12-29 16:19:38'),(798,'T2024003','defense.score.submit','::1','提交答辩评分: 1','2024-12-29 16:31:00'),(799,'T2024003','user.login.success','::1','用户 teacher3 登录成功','2024-12-29 16:47:43'),(800,'T2024006','user.login.success','::1','用户 teacher6 登录成功','2024-12-29 16:48:00'),(801,'T2024006','defense.score.submit','::1','提交答辩评分: 1','2024-12-29 16:48:22'),(802,'T2024008','user.login.success','::1','用户 teacher8 登录成功','2024-12-29 16:56:55'),(803,'T2024008','defense.score.submit','::1','提交答辩评分: 1','2024-12-29 16:57:08'),(804,'T2024009','user.login.success','::1','用户 teacher9 登录成功','2024-12-29 16:57:21'),(805,'T2024009','defense.score.submit','::1','提交答辩评分: 1','2024-12-29 16:57:35'),(806,'T2024001','user.login.success','::1','用户 teacher1 登录成功','2024-12-29 16:57:44'),(807,NULL,'trigger.peer_review.debug',NULL,'Trigger called with: stage_type=defense, old_status=in_progress, new_status=completed, student_id=S2024105','2024-12-29 17:06:38'),(808,'T2024001','defense.score.submit','::1','提交答辩评分: 1','2024-12-29 17:06:38'),(809,NULL,'trigger.peer_review.debug',NULL,'Trigger called with: stage_type=defense, old_status=completed, new_status=completed, student_id=S2024105','2024-12-29 17:07:47'),(810,NULL,'trigger.peer_review.debug',NULL,'Trigger called with: stage_type=defense, old_status=completed, new_status=in_progress, student_id=S2024105','2024-12-29 17:08:11'),(811,'T2024001','user.login.success','::1','用户 teacher1 登录成功','2024-12-29 17:08:22'),(812,NULL,'trigger.peer_review.debug',NULL,'Trigger called with: stage_type=defense, old_status=in_progress, new_status=completed, student_id=S2024105','2024-12-29 17:09:22'),(813,'T2024001','defense.score.submit','::1','提交答辩评分: 1','2024-12-29 17:09:22'),(814,'S2024105','user.login.success','::1','用户 student105 登录成功','2024-12-29 17:09:43'),(815,'S2024105','user.login.success','::1','用户 student105 登录成功','2024-12-29 17:26:10'),(816,'SA2024001','user.login.success','::1','用户 刘超管 登录成功','2024-12-29 18:08:09'),(817,'admin_cs_001','user.login.success','::1','用户 csadmin 登录成功','2024-12-29 18:08:40'),(818,'admin_cs_001','stage.list','::1','查询阶段列表','2024-12-29 18:08:42'),(819,'admin_cs_001','stage.list','::1','查询阶段列表','2024-12-29 18:09:09'),(820,'T2024017','user.login.success','::1','用户 teacher17 登录成功','2024-12-29 18:09:19'),(821,'T2024017','thesis.review.list.view','::1','{\"action\":\"查看论文评阅列表\",\"count\":1,\"timestamp\":\"2024-12-29T18:09:22.938Z\"}','2024-12-29 18:09:22'),(822,'T2024017','thesis.list.view','::1','{\"action\":\"查看论文确认列表\",\"count\":1,\"timestamp\":\"2024-12-29T18:48:18.541Z\"}','2024-12-29 18:48:18'),(823,'T2024017','thesis.review.list.view','::1','{\"action\":\"查看论文评阅列表\",\"count\":1,\"timestamp\":\"2024-12-29T18:50:26.800Z\"}','2024-12-29 18:50:26'),(824,'SA2024001','user.login.success','::1','用户 刘超管 登录成功','2024-12-30 02:52:09'),(825,'admin_cs_001','user.login.success','::1','用户 csadmin 登录成功','2024-12-30 02:52:45'),(826,'admin_cs_001','stage.list','::1','查询阶段列表','2024-12-30 02:52:49'),(827,'SA2024001','user.login.success','::1','用户 刘超管 登录成功','2024-12-30 02:54:50'),(828,'SA2024001','user.update','::1','{\"action\":\"user.update\",\"targetUser\":\"admin_ai_001\",\"operator\":\"刘超管\",\"changes\":{}}','2024-12-30 02:55:05'),(829,'SA2024001','user.create','::1','{\"createdBy\":\"SA2024001\",\"newUser\":{\"userId\":\"U1735527859977546\",\"username\":\"sad\",\"role\":\"admin\",\"department\":\"dgkiesh\"}}','2024-12-30 03:04:20'),(830,'SA2024001','user.delete','::1','{\"action\":\"user.delete\",\"targetUser\":{\"userId\":\"U1735527859977546\",\"username\":\"sad\",\"role\":\"admin\"},\"operator\":\"刘超管\",\"timestamp\":\"2024-12-30T03:07:20.763Z\"}','2024-12-30 03:07:20'),(831,'SA2024001','system.database.restore','::1','{\"message\":\"数据库恢复完成\",\"filename\":\"backup-2024-12-29T13-06-52.sql\",\"newDbName\":\"test2\",\"backupPath\":\"D:\\\\VSCODE\\\\Graduation Design Management System\\\\backend\\\\backups\\\\backup-2024-12-29T13-06-52.sql\",\"originalDb\":\"graduation_management\",\"timestamp\":\"2024-12-30T03:08:28.720Z\"}','2024-12-30 03:08:28'),(832,'SA2024001','system.database.restore','::1','{\"message\":\"数据库恢复完成\",\"filename\":\"backup-2024-12-13T06-22-11.sql\",\"newDbName\":\"test3\",\"backupPath\":\"D:\\\\VSCODE\\\\Graduation Design Management System\\\\backend\\\\backups\\\\backup-2024-12-13T06-22-11.sql\",\"originalDb\":\"graduation_management\",\"timestamp\":\"2024-12-30T03:09:38.902Z\"}','2024-12-30 03:09:38'),(833,'admin_cs_001','user.login.success','::1','用户 csadmin 登录成功','2024-12-30 03:11:18'),(834,'admin_cs_001','stage.list','::1','查询阶段列表','2024-12-30 03:11:24'),(835,'T2024017','user.login.success','::1','用户 teacher17 登录成功','2024-12-30 03:12:53'),(836,'T2024017','proposal.list.view','::1','{\"message\":\"教师查看开题报告列表\",\"timestamp\":\"2024-12-30T03:13:07.287Z\"}','2024-12-30 03:13:07'),(837,'T2024017','translation.list.view','::1','{\"message\":\"教师查看外文翻译列表\",\"timestamp\":\"2024-12-30T03:13:15.464Z\"}','2024-12-30 03:13:15'),(838,'T2024017','midterm.list.view','::1','{\"message\":\"教师查看中期检查列表\",\"timestamp\":\"2024-12-30T03:13:16.377Z\"}','2024-12-30 03:13:16'),(839,'T2024017','thesis.list.view','::1','{\"action\":\"查看论文确认列表\",\"count\":1,\"timestamp\":\"2024-12-30T03:13:16.764Z\"}','2024-12-30 03:13:16'),(840,'T2024017','thesis.review.list.view','::1','{\"action\":\"查看论文评阅列表\",\"count\":1,\"timestamp\":\"2024-12-30T03:13:19.175Z\"}','2024-12-30 03:13:19'),(841,'S2024105','user.login.success','::1','用户 student105 登录成功','2024-12-30 03:14:30'),(842,'G0934587486','user.login.success','::1','用户 方可 登录成功','2024-12-30 03:15:07'),(843,'SA2024001','user.login.success','::1','用户 刘超管 登录成功','2024-12-30 04:51:00'),(844,'SA2024001','system.database.backup','::1','{\"message\":\"数据库备份成功\",\"filename\":\"backup-2024-12-30T04-51-04.sql\",\"path\":\"backups\\\\backup-2024-12-30T04-51-04.sql\",\"timestamp\":\"2024-12-30T04:51:04.415Z\"}','2024-12-30 04:51:04'),(845,'G0934587486','user.login.success','::1','用户 方可 登录成功','2024-12-30 04:51:09'),(846,'G0934587486','user.login.success','::1','用户 方可 登录成功','2024-12-30 04:59:05'),(847,'G0934587486','user.login.success','::1','用户 方可 登录成功','2024-12-30 05:20:50'),(848,'SA2024001','user.login.success','::1','用户 刘超管 登录成功','2024-12-30 05:21:54'),(849,'T2024017','user.login.success','::1','用户 teacher17 登录成功','2024-12-30 05:22:02'),(850,'admin_cs_001','user.login.success','::1','用户 csadmin 登录成功','2024-12-30 05:22:15'),(851,'admin_cs_001','user.login.success','::1','用户 csadmin 登录成功','2024-12-30 05:23:30'),(852,'G0934587486','user.login.success','::1','用户 方可 登录成功','2024-12-30 05:23:39'),(853,'G0934587486','user.login.success','::1','用户 方可 登录成功','2024-12-30 05:27:42'),(854,'G0934587486','user.login.success','::1','用户 方可 登录成功','2024-12-30 05:29:29'),(855,'S2024105','user.login.success','::1','用户 student105 登录成功','2024-12-30 05:38:14'),(856,'SA2024001','user.login.success','::1','用户 刘超管 登录成功','2024-12-30 05:38:53'),(857,'G0934587486','user.login.failed','::1','用户 方可 登录失败：密码错误','2024-12-30 05:39:50'),(858,'G0934587486','user.login.success','::1','用户 方可 登录成功','2024-12-30 05:39:53'),(859,'SA2024001','user.login.success','::1','用户 刘超管 登录成功','2024-12-30 05:40:11'),(860,'T2024001','user.login.success','::1','用户 teacher1 登录成功','2024-12-30 05:48:11'),(861,'T2024001','user.login.success','::1','用户 teacher1 登录成功','2024-12-30 05:52:23'),(862,'admin_cs_001','user.login.success','::1','用户 csadmin 登录成功','2024-12-30 06:03:04'),(863,'admin_cs_001','topic.status.update','::1','管理员更新选题状态为rejected','2024-12-30 06:03:19'),(864,'admin_cs_001','topic.status.update','::1','管理员更新选题状态为approved','2024-12-30 06:03:23'),(865,'admin_cs_001','topic.status.update','::1','管理员更新选题状态为approved','2024-12-30 06:22:09'),(866,'S2024010','user.login.success','::1','用户 student10 登录成功','2024-12-30 06:22:58'),(867,'S2024106','user.login.success','::1','用户 student106 登录成功','2024-12-30 06:23:11'),(868,'S2024107','user.login.success','::1','用户 student107 登录成功','2024-12-30 06:26:56'),(869,'S2024107','selection.cancel','::1','{\"selection_id\":\"306\",\"topic_title\":\"智能电网调度平台\",\"message\":\"取消选题申请\"}','2024-12-30 06:27:04'),(870,'S2024107','selection.submit','::1','{\"topic_id\":327,\"reason\":\"1234567890\",\"selection_id\":366,\"previous_selections\":0,\"message\":\"提交选题申请\"}','2024-12-30 06:27:15'),(871,'admin_cs_001','user.login.success','::1','用户 csadmin 登录成功','2024-12-30 06:27:43'),(872,'S2024107','user.login.success','::1','用户 student107 登录成功','2024-12-30 06:28:58'),(873,'T2024001','user.login.success','::1','用户 teacher1 登录成功','2024-12-30 06:29:09'),(874,'T2024001','topic.selection.approve','::1','{\"selection_id\":\"366\",\"action\":\"通过选题申请\"}','2024-12-30 06:29:15'),(875,'admin_cs_001','user.login.success','::1','用户 csadmin 登录成功','2024-12-30 06:29:24'),(876,'admin_cs_001','selection.director.approve.complete','::1','{\"topic_id\":327,\"topic_title\":\"test1\",\"approved_student\":\"赵磊\",\"selection_id\":\"366\",\"action\":\"topic_selected\",\"message\":\"题目被选中并完成最终审批，其他申请已自动处理\"}','2024-12-30 06:29:35'),(877,'admin_cs_001','selection.director.review','::1','{\"selection_id\":\"366\",\"topic_title\":\"test1\",\"student_name\":\"赵磊\",\"status\":\"approved\",\"message\":\"系主任通过选题申请\"}','2024-12-30 06:29:35'),(878,'S2024107','user.login.success','::1','用户 student107 登录成功','2024-12-30 06:29:50'),(879,'T2024001','user.login.success','::1','用户 teacher1 登录成功','2024-12-30 06:30:07'),(880,'T2024001','thesis.review.list.view','::1','{\"action\":\"查看论文评阅列表\",\"count\":1,\"timestamp\":\"2024-12-30T06:30:09.682Z\"}','2024-12-30 06:30:09'),(881,'admin_cs_001','user.login.success','::1','用户 csadmin 登录成功','2024-12-30 06:34:41'),(882,'admin_cs_001','selection.director.approve.complete','::1','{\"topic_id\":327,\"topic_title\":\"test1\",\"approved_student\":\"赵磊\",\"selection_id\":\"366\",\"action\":\"topic_selected\",\"message\":\"题目被选中并完成最终审批，其他申请已自动处理\"}','2024-12-30 06:35:04'),(883,'admin_cs_001','selection.director.review','::1','{\"selection_id\":\"366\",\"topic_title\":\"test1\",\"student_name\":\"赵磊\",\"status\":\"approved\",\"message\":\"系主任通过选题申请\"}','2024-12-30 06:35:04'),(884,'S2024107','user.login.success','::1','用户 student107 登录成功','2024-12-30 06:35:26'),(885,'T2024001','user.login.success','::1','用户 teacher1 登录成功','2024-12-30 06:35:43'),(886,'admin_cs_001','user.login.success','::1','用户 csadmin 登录成功','2024-12-30 06:44:31'),(887,'admin_cs_001','selection.director.approve.complete','::1','{\"topic_id\":327,\"topic_title\":\"test1\",\"approved_student\":\"赵磊\",\"selection_id\":\"366\",\"action\":\"topic_selected\",\"message\":\"题目被选中并完成最终审批，其他申请已自动处理\"}','2024-12-30 06:44:36'),(888,'admin_cs_001','selection.director.review','::1','{\"selection_id\":\"366\",\"topic_title\":\"test1\",\"student_name\":\"赵磊\",\"status\":\"approved\",\"message\":\"系主任通过选题申请\"}','2024-12-30 06:44:36'),(889,'T2024001','user.login.success','::1','用户 teacher1 登录成功','2024-12-30 06:45:03'),(890,'admin_cs_001','user.login.success','::1','用户 csadmin 登录成功','2024-12-30 06:50:13'),(891,'admin_cs_001','selection.director.approve.complete','::1','{\"topic_id\":327,\"topic_title\":\"test1\",\"approved_student\":\"赵磊\",\"selection_id\":\"366\",\"action\":\"topic_selected\",\"message\":\"题目被选中并完成最终审批，其他申请已自动处理\"}','2024-12-30 06:50:17'),(892,'admin_cs_001','selection.director.review','::1','{\"selection_id\":\"366\",\"topic_title\":\"test1\",\"student_name\":\"赵磊\",\"status\":\"approved\",\"message\":\"系主任通过选题申请\"}','2024-12-30 06:50:17'),(893,'T2024001','user.login.success','::1','用户 teacher1 登录成功','2024-12-30 06:51:02'),(894,'S2024107','user.login.success','::1','用户 student107 登录成功','2024-12-30 07:07:48'),(895,'T2024001','user.login.success','::1','用户 teacher1 登录成功','2024-12-30 07:11:17'),(896,'T2024001','user.login.success','::1','用户 teacher1 登录成功','2024-12-30 07:27:38'),(897,NULL,'trigger.peer_review.debug',NULL,'Trigger called with: stage_type=task_book, old_status=not_started, new_status=in_progress, student_id=S2024107','2024-12-30 07:46:10'),(898,NULL,'trigger.peer_review.debug',NULL,'Trigger called with: stage_type=task_book, old_status=in_progress, new_status=not_started, student_id=S2024107','2024-12-30 07:46:21'),(899,NULL,'trigger.peer_review.debug',NULL,'Trigger called with: stage_type=task_book, old_status=not_started, new_status=in_progress, student_id=S2024107','2024-12-30 07:46:25'),(900,'S2024107','user.login.success','::1','用户 student107 登录成功','2024-12-30 07:46:46'),(901,'T2024001','user.login.success','::1','用户 teacher1 登录成功','2024-12-30 07:47:34'),(902,NULL,'trigger.peer_review.debug',NULL,'Trigger called with: stage_type=task_book, old_status=in_progress, new_status=in_progress, student_id=S2024107','2024-12-30 07:47:43'),(903,NULL,'trigger.peer_review.debug',NULL,'Trigger called with: stage_type=task_book, old_status=in_progress, new_status=completed, student_id=S2024107','2024-12-30 07:47:43'),(904,'T2024001','proposal.list.view','::1','{\"message\":\"教师查看开题报告列表\",\"timestamp\":\"2024-12-30T07:48:09.710Z\"}','2024-12-30 07:48:09'),(905,'S2024107','user.login.success','::1','用户 student107 登录成功','2024-12-30 07:48:21'),(906,NULL,'trigger.peer_review.debug',NULL,'Trigger called with: stage_type=literature, old_status=in_progress, new_status=in_progress, student_id=S2024107','2024-12-30 07:48:31'),(907,'S2024107','progress.file.submit','::1','更新literature阶段文件','2024-12-30 07:48:31'),(908,NULL,'trigger.peer_review.debug',NULL,'Trigger called with: stage_type=literature, old_status=in_progress, new_status=reviewing, student_id=S2024107','2024-12-30 07:48:31'),(909,'S2024107','progress.update','::1','更新literature阶段状态为reviewing','2024-12-30 07:48:31'),(910,'T2024001','user.login.success','::1','用户 teacher1 登录成功','2024-12-30 07:49:00'),(911,'T2024001','proposal.list.view','::1','{\"message\":\"教师查看开题报告列表\",\"timestamp\":\"2024-12-30T07:49:04.716Z\"}','2024-12-30 07:49:04'),(912,'T2024001','proposal.detail.view','::1','{\"proposal_id\":\"2\",\"student_name\":\"赵磊\",\"message\":\"教师查看了学生赵磊的开题报告详情\"}','2024-12-30 07:49:33'),(913,'T2024001','proposal.detail.view','::1','{\"proposal_id\":\"2\",\"student_name\":\"赵磊\",\"message\":\"教师查看了学生赵磊的开题报告详情\"}','2024-12-30 07:49:40'),(914,'T2024001','proposal.list.view','::1','{\"message\":\"教师查看开题报告列表\",\"timestamp\":\"2024-12-30T07:49:41.570Z\"}','2024-12-30 07:49:41'),(915,'T2024001','proposal.detail.view','::1','{\"proposal_id\":\"2\",\"student_name\":\"赵磊\",\"message\":\"教师查看了学生赵磊的开题报告详情\"}','2024-12-30 07:49:43'),(916,'T2024001','translation.list.view','::1','{\"message\":\"教师查看外文翻译列表\",\"timestamp\":\"2024-12-30T07:50:46.470Z\"}','2024-12-30 07:50:46'),(917,'T2024001','proposal.list.view','::1','{\"message\":\"教师查看开题报告列表\",\"timestamp\":\"2024-12-30T07:54:40.992Z\"}','2024-12-30 07:54:40'),(918,'T2024001','proposal.detail.view','::1','{\"proposal_id\":\"2\",\"student_name\":\"赵磊\",\"message\":\"教师查看了学生赵磊的开题报告详情\"}','2024-12-30 07:54:42'),(919,'T2024001','translation.list.view','::1','{\"message\":\"教师查看外文翻译列表\",\"timestamp\":\"2024-12-30T07:54:45.948Z\"}','2024-12-30 07:54:45'),(920,'T2024001','midterm.list.view','::1','{\"message\":\"教师查看中期检查列表\",\"timestamp\":\"2024-12-30T07:54:46.845Z\"}','2024-12-30 07:54:46'),(921,'T2024001','thesis.list.view','::1','{\"action\":\"查看论文确认列表\",\"count\":0,\"timestamp\":\"2024-12-30T07:54:47.423Z\"}','2024-12-30 07:54:47'),(922,'T2024001','proposal.list.view','::1','{\"message\":\"教师查看开题报告列表\",\"timestamp\":\"2024-12-30T08:04:42.280Z\"}','2024-12-30 08:04:42'),(923,NULL,'trigger.peer_review.debug',NULL,'Trigger called with: stage_type=literature, old_status=reviewing, new_status=completed, student_id=S2024107','2024-12-30 08:08:14'),(924,'T2024001','literature.review.update','::1','更新文献综述评阅：学生 S2024107, 状态 completed, 总分 83.75','2024-12-30 08:08:14'),(925,'S2024107','user.login.success','::1','用户 student107 登录成功','2024-12-30 08:08:34'),(926,NULL,'trigger.peer_review.debug',NULL,'Trigger called with: stage_type=proposal, old_status=in_progress, new_status=in_progress, student_id=S2024107','2024-12-30 08:08:51'),(927,'S2024107','progress.file.submit','::1','更新proposal阶段文件','2024-12-30 08:08:51'),(928,NULL,'trigger.peer_review.debug',NULL,'Trigger called with: stage_type=proposal, old_status=in_progress, new_status=reviewing, student_id=S2024107','2024-12-30 08:08:51'),(929,'S2024107','progress.update','::1','更新proposal阶段状态为reviewing','2024-12-30 08:08:51'),(930,'T2024001','user.login.success','::1','用户 teacher1 登录成功','2024-12-30 08:09:30'),(931,'T2024001','proposal.list.view','::1','{\"message\":\"教师查看开题报告列表\",\"timestamp\":\"2024-12-30T08:09:46.652Z\"}','2024-12-30 08:09:46'),(932,'T2024001','proposal.list.view','::1','{\"message\":\"教师查看开题报告列表\",\"timestamp\":\"2024-12-30T08:13:34.781Z\"}','2024-12-30 08:13:34'),(933,'T2024001','proposal.list.view','::1','{\"message\":\"教师查看开题报告列表\",\"timestamp\":\"2024-12-30T08:13:39.345Z\"}','2024-12-30 08:13:39'),(934,'T2024001','proposal.list.view','::1','{\"message\":\"教师查看开题报告列表\",\"timestamp\":\"2024-12-30T08:15:57.622Z\"}','2024-12-30 08:15:57'),(935,'T2024001','translation.list.view','::1','{\"message\":\"教师查看外文翻译列表\",\"timestamp\":\"2024-12-30T08:16:12.698Z\"}','2024-12-30 08:16:12'),(936,'T2024001','proposal.list.view','::1','{\"message\":\"教师查看开题报告列表\",\"timestamp\":\"2024-12-30T08:16:58.535Z\"}','2024-12-30 08:16:58'),(937,'T2024001','proposal.list.view','::1','{\"message\":\"教师查看开题报告列表\",\"timestamp\":\"2024-12-30T08:17:07.342Z\"}','2024-12-30 08:17:07'),(938,'T2024001','proposal.list.view','::1','{\"message\":\"教师查看开题报告列表\",\"timestamp\":\"2024-12-30T08:17:27.486Z\"}','2024-12-30 08:17:27'),(939,'T2024001','proposal.detail.view','::1','{\"proposal_id\":\"2\",\"student_name\":\"赵磊\",\"message\":\"教师查看了学生赵磊的开题报告详情\"}','2024-12-30 08:17:30'),(940,'T2024001','proposal.list.view','::1','{\"message\":\"教师查看开题报告列表\",\"timestamp\":\"2024-12-30T08:17:49.020Z\"}','2024-12-30 08:17:49'),(941,'T2024001','translation.list.view','::1','{\"message\":\"教师查看外文翻译列表\",\"timestamp\":\"2024-12-30T08:18:05.854Z\"}','2024-12-30 08:18:05'),(942,'T2024017','user.login.success','::1','用户 teacher17 登录成功','2024-12-30 08:18:12'),(943,'T2024017','proposal.list.view','::1','{\"message\":\"教师查看开题报告列表\",\"timestamp\":\"2024-12-30T08:18:15.307Z\"}','2024-12-30 08:18:15'),(944,'T2024001','user.login.success','::1','用户 teacher1 登录成功','2024-12-30 08:18:28'),(947,NULL,'trigger.peer_review.debug',NULL,'Trigger called with: stage_type=proposal, old_status=reviewing, new_status=reviewing, student_id=S2024107','2024-12-30 08:26:18'),(948,NULL,'trigger.peer_review.debug',NULL,'Trigger called with: stage_type=proposal, old_status=reviewing, new_status=reviewing, student_id=S2024107','2024-12-30 08:28:12'),(949,NULL,'trigger.peer_review.debug',NULL,'Trigger called with: stage_type=proposal, old_status=reviewing, new_status=reviewing, student_id=S2024107','2024-12-30 08:28:28'),(950,NULL,'trigger.peer_review.debug',NULL,'Trigger called with: stage_type=proposal, old_status=reviewing, new_status=reviewing, student_id=S2024107','2024-12-30 08:30:08'),(951,'T2024001','proposal.list.view','::1','{\"message\":\"教师查看开题报告列表\",\"timestamp\":\"2024-12-30T08:30:17.026Z\"}','2024-12-30 08:30:17'),(952,'T2024001','proposal.detail.view','::1','{\"proposal_id\":\"2\",\"student_name\":\"赵磊\",\"message\":\"教师查看了学生赵磊的开题报告详情\"}','2024-12-30 08:30:23'),(953,'T2024001','proposal.review.submit','::1','{\"proposal_id\":\"2\",\"student_name\":\"赵磊\",\"total_score\":90.5,\"status\":\"completed\",\"message\":\"教师完成了学生赵磊的开题报告评审\"}','2024-12-30 08:30:53'),(954,'T2024001','proposal.list.view','::1','{\"message\":\"教师查看开题报告列表\",\"timestamp\":\"2024-12-30T08:30:53.214Z\"}','2024-12-30 08:30:53'),(955,'T2024001','proposal.list.view','::1','{\"message\":\"教师查看开题报告列表\",\"timestamp\":\"2024-12-30T08:35:18.951Z\"}','2024-12-30 08:35:18'),(956,'T2024001','proposal.detail.view','::1','{\"proposal_id\":\"2\",\"student_name\":\"赵磊\",\"message\":\"教师查看了学生赵磊的开题报告详情\"}','2024-12-30 08:35:22'),(957,'T2024001','proposal.detail.view','::1','{\"proposal_id\":\"2\",\"student_name\":\"赵磊\",\"message\":\"教师查看了学生赵磊的开题报告详情\"}','2024-12-30 08:35:27'),(959,NULL,'trigger.peer_review.debug',NULL,'Trigger called with: stage_type=proposal, old_status=reviewing, new_status=reviewing, student_id=S2024107','2024-12-30 08:39:03'),(960,NULL,'trigger.peer_review.debug',NULL,'Trigger called with: stage_type=proposal, old_status=reviewing, new_status=reviewing, student_id=S2024107','2024-12-30 08:39:11'),(961,'T2024001','proposal.list.view','::1','{\"message\":\"教师查看开题报告列表\",\"timestamp\":\"2024-12-30T08:40:21.841Z\"}','2024-12-30 08:40:21'),(962,'T2024001','proposal.list.view','::1','{\"message\":\"教师查看开题报告列表\",\"timestamp\":\"2024-12-30T08:43:13.506Z\"}','2024-12-30 08:43:13'),(963,'T2024001','proposal.review.submit','::1','{\"proposal_id\":\"2\",\"student_name\":\"赵磊\",\"total_score\":\"90.50\",\"status\":\"completed\",\"message\":\"教师完成了学生赵磊的开题报告评审\"}','2024-12-30 08:43:33'),(964,NULL,'trigger.peer_review.debug',NULL,'Trigger called with: stage_type=proposal, old_status=reviewing, new_status=completed, student_id=S2024107','2024-12-30 08:43:33'),(965,'T2024001','proposal.list.view','::1','{\"message\":\"教师查看开题报告列表\",\"timestamp\":\"2024-12-30T08:43:34.012Z\"}','2024-12-30 08:43:34'),(966,'S2024107','user.login.success','::1','用户 student107 登录成功','2024-12-30 08:43:49'),(967,NULL,'trigger.peer_review.debug',NULL,'Trigger called with: stage_type=translation, old_status=in_progress, new_status=in_progress, student_id=S2024107','2024-12-30 08:44:29'),(968,'S2024107','progress.file.submit','::1','更新translation阶段文件','2024-12-30 08:44:29'),(969,NULL,'trigger.peer_review.debug',NULL,'Trigger called with: stage_type=translation, old_status=in_progress, new_status=reviewing, student_id=S2024107','2024-12-30 08:44:29'),(970,'S2024107','progress.update','::1','更新translation阶段状态为reviewing','2024-12-30 08:44:29'),(971,NULL,'trigger.peer_review.debug',NULL,'Trigger called with: stage_type=proposal, old_status=completed, new_status=completed, student_id=S2024107','2024-12-30 08:45:38'),(972,'S2024105','user.login.success','::1','用户 student105 登录成功','2024-12-30 08:46:57'),(973,'S2024107','user.login.success','::1','用户 student107 登录成功','2024-12-30 08:47:15'),(974,NULL,'trigger.peer_review.debug',NULL,'Trigger called with: stage_type=translation, old_status=reviewing, new_status=reviewing, student_id=S2024107','2024-12-30 08:54:31'),(975,NULL,'trigger.peer_review.debug',NULL,'Trigger called with: stage_type=translation, old_status=reviewing, new_status=reviewing, student_id=S2024107','2024-12-30 08:54:39'),(976,'T2024001','user.login.success','::1','用户 teacher1 登录成功','2024-12-30 08:55:01'),(977,'T2024001','proposal.list.view','::1','{\"message\":\"教师查看开题报告列表\",\"timestamp\":\"2024-12-30T08:55:07.322Z\"}','2024-12-30 08:55:07'),(978,'T2024001','translation.list.view','::1','{\"message\":\"教师查看外文翻译列表\",\"timestamp\":\"2024-12-30T08:55:07.709Z\"}','2024-12-30 08:55:07'),(979,'T2024001','translation.list.view','::1','{\"message\":\"教师查看外文翻译列表\",\"timestamp\":\"2024-12-30T08:55:25.577Z\"}','2024-12-30 08:55:25'),(980,'T2024017','user.login.success','::1','用户 teacher17 登录成功','2024-12-30 08:55:40'),(981,'T2024017','translation.list.view','::1','{\"message\":\"教师查看外文翻译列表\",\"timestamp\":\"2024-12-30T08:55:42.871Z\"}','2024-12-30 08:55:42'),(982,'T2024001','user.login.success','::1','用户 teacher1 登录成功','2024-12-30 08:55:50'),(983,'T2024001','proposal.list.view','::1','{\"message\":\"教师查看开题报告列表\",\"timestamp\":\"2024-12-30T08:55:52.781Z\"}','2024-12-30 08:55:52'),(984,'T2024001','translation.list.view','::1','{\"message\":\"教师查看外文翻译列表\",\"timestamp\":\"2024-12-30T08:55:53.339Z\"}','2024-12-30 08:55:53'),(985,'T2024001','translation.list.view','::1','{\"message\":\"教师查看外文翻译列表\",\"timestamp\":\"2024-12-30T08:56:51.349Z\"}','2024-12-30 08:56:51'),(986,'T2024001','translation.list.view','::1','{\"message\":\"教师查看外文翻译列表\",\"timestamp\":\"2024-12-30T08:56:53.632Z\"}','2024-12-30 08:56:53'),(987,'T2024001','translation.list.view','::1','{\"message\":\"教师查看外文翻译列表\",\"timestamp\":\"2024-12-30T08:57:48.395Z\"}','2024-12-30 08:57:48'),(988,'T2024001','translation.list.view','::1','{\"message\":\"教师查看外文翻译列表\",\"timestamp\":\"2024-12-30T09:00:07.725Z\"}','2024-12-30 09:00:07'),(989,NULL,'trigger.peer_review.debug',NULL,'Trigger called with: stage_type=translation, old_status=reviewing, new_status=completed, student_id=S2024107','2024-12-30 09:00:28'),(990,'T2024001','translation.review','::1','{\"translation_id\":\"2\",\"student_name\":\"S2024107\",\"status\":\"completed\",\"total_score\":87,\"message\":\"教师完成了学生S2024107的外文翻译评阅\"}','2024-12-30 09:00:28'),(991,'T2024001','translation.list.view','::1','{\"message\":\"教师查看外文翻译列表\",\"timestamp\":\"2024-12-30T09:00:28.285Z\"}','2024-12-30 09:00:28'),(992,'T2024001','midterm.list.view','::1','{\"message\":\"教师查看中期检查列表\",\"timestamp\":\"2024-12-30T09:00:31.325Z\"}','2024-12-30 09:00:31'),(993,'S2024105','user.login.success','::1','用户 student105 登录成功','2024-12-30 09:00:37'),(994,'S2024107','user.login.success','::1','用户 student107 登录成功','2024-12-30 09:01:05'),(995,NULL,'trigger.peer_review.debug',NULL,'Trigger called with: stage_type=translation, old_status=completed, new_status=completed, student_id=S2024107','2024-12-30 09:01:31'),(996,NULL,'trigger.peer_review.debug',NULL,'Trigger called with: stage_type=translation, old_status=completed, new_status=completed, student_id=S2024107','2024-12-30 09:01:38'),(997,NULL,'trigger.peer_review.debug',NULL,'Trigger called with: stage_type=translation, old_status=completed, new_status=completed, student_id=S2024107','2024-12-30 09:05:47'),(998,NULL,'trigger.peer_review.debug',NULL,'Trigger called with: stage_type=translation, old_status=completed, new_status=completed, student_id=S2024107','2024-12-30 09:06:00'),(999,NULL,'trigger.peer_review.debug',NULL,'Trigger called with: stage_type=midterm, old_status=in_progress, new_status=in_progress, student_id=S2024107','2024-12-30 09:08:24'),(1000,'S2024107','progress.file.submit','::1','更新midterm阶段文件','2024-12-30 09:08:24'),(1001,NULL,'trigger.peer_review.debug',NULL,'Trigger called with: stage_type=midterm, old_status=in_progress, new_status=reviewing, student_id=S2024107','2024-12-30 09:08:24'),(1002,'S2024107','progress.update','::1','更新midterm阶段状态为reviewing','2024-12-30 09:08:24'),(1003,'T2024001','user.login.success','::1','用户 teacher1 登录成功','2024-12-30 09:08:46'),(1004,'T2024001','midterm.list.view','::1','{\"message\":\"教师查看中期检查列表\",\"timestamp\":\"2024-12-30T09:08:49.255Z\"}','2024-12-30 09:08:49'),(1005,'T2024001','midterm.list.view','::1','{\"message\":\"教师查看中期检查列表\",\"timestamp\":\"2024-12-30T09:09:26.883Z\"}','2024-12-30 09:09:26'),(1006,NULL,'trigger.peer_review.debug',NULL,'Trigger called with: stage_type=midterm, old_status=reviewing, new_status=completed, student_id=S2024107','2024-12-30 09:09:43'),(1007,'T2024001','midterm.review','::1','{\"midterm_id\":\"4\",\"student_name\":\"赵磊\",\"student_id\":\"S2024107\",\"status\":\"completed\",\"total_score\":89,\"message\":\"教师完成了中期报告评阅\"}','2024-12-30 09:09:43'),(1008,'T2024001','midterm.list.view','::1','{\"message\":\"教师查看中期检查列表\",\"timestamp\":\"2024-12-30T09:09:44.018Z\"}','2024-12-30 09:09:44'),(1009,'T2024001','thesis.list.view','::1','{\"action\":\"查看论文确认列表\",\"count\":0,\"timestamp\":\"2024-12-30T09:09:49.461Z\"}','2024-12-30 09:09:49'),(1010,'S2024107','user.login.success','::1','用户 student107 登录成功','2024-12-30 09:10:33'),(1011,'T2024001','user.login.success','::1','用户 teacher1 登录成功','2024-12-30 09:15:24'),(1012,'T2024001','thesis.list.view','::1','{\"action\":\"查看论文确认列表\",\"count\":0,\"timestamp\":\"2024-12-30T09:15:27.438Z\"}','2024-12-30 09:15:27'),(1013,'T2024001','thesis.list.view','::1','{\"action\":\"查看论文确认列表\",\"count\":0,\"timestamp\":\"2024-12-30T09:15:28.756Z\"}','2024-12-30 09:15:28'),(1014,'S2024107','user.login.success','::1','用户 student107 登录成功','2024-12-30 09:15:37'),(1016,NULL,'trigger.peer_review.debug',NULL,'Trigger called with: stage_type=thesis_submit, old_status=in_progress, new_status=in_progress, student_id=S2024107','2024-12-30 09:22:16'),(1017,'S2024107','progress.file.submit','::1','更新thesis_submit阶段文件','2024-12-30 09:22:16'),(1018,NULL,'trigger.peer_review.debug',NULL,'Trigger called with: stage_type=thesis_submit, old_status=in_progress, new_status=reviewing, student_id=S2024107','2024-12-30 09:22:16'),(1019,'S2024107','progress.update','::1','更新thesis_submit阶段状态为reviewing','2024-12-30 09:22:16'),(1020,'T2024001','user.login.success','::1','用户 teacher1 登录成功','2024-12-30 09:22:36'),(1021,'T2024001','thesis.list.view','::1','{\"action\":\"查看论文确认列表\",\"count\":2,\"timestamp\":\"2024-12-30T09:22:45.872Z\"}','2024-12-30 09:22:45'),(1022,'S2024107','user.login.success','::1','用户 student107 登录成功','2024-12-30 09:23:13'),(1023,NULL,'trigger.peer_review.debug',NULL,'Trigger called with: stage_type=thesis_submit, old_status=reviewing, new_status=in_progress, student_id=S2024107','2024-12-30 09:23:52'),(1024,'S2024107','progress.file.submit','::1','更新thesis_submit阶段文件','2024-12-30 09:23:52'),(1025,NULL,'trigger.peer_review.debug',NULL,'Trigger called with: stage_type=thesis_submit, old_status=in_progress, new_status=reviewing, student_id=S2024107','2024-12-30 09:23:52'),(1026,'S2024107','progress.update','::1','更新thesis_submit阶段状态为reviewing','2024-12-30 09:23:52'),(1027,NULL,'trigger.peer_review.debug',NULL,'Trigger called with: stage_type=thesis_submit, old_status=reviewing, new_status=in_progress, student_id=S2024107','2024-12-30 09:27:18'),(1028,'S2024107','progress.file.submit','::1','更新thesis_submit阶段文件','2024-12-30 09:27:18'),(1029,NULL,'trigger.peer_review.debug',NULL,'Trigger called with: stage_type=thesis_submit, old_status=in_progress, new_status=reviewing, student_id=S2024107','2024-12-30 09:27:18'),(1030,'S2024107','progress.update','::1','更新thesis_submit阶段状态为reviewing','2024-12-30 09:27:18'),(1031,'T2024001','user.login.success','::1','用户 teacher1 登录成功','2024-12-30 09:28:15'),(1032,'T2024001','thesis.list.view','::1','{\"action\":\"查看论文确认列表\",\"count\":1,\"timestamp\":\"2024-12-30T09:28:17.452Z\"}','2024-12-30 09:28:17'),(1033,NULL,'trigger.peer_review.debug',NULL,'Trigger called with: stage_type=thesis_submit, old_status=reviewing, new_status=completed, student_id=S2024107','2024-12-30 09:28:26'),(1034,'T2024001','thesis.review.update','::1','{\"thesis_id\":\"8\",\"student_id\":\"S2024107\",\"old_status\":\"pending\",\"new_status\":\"approved\",\"timestamp\":\"2024-12-30T09:28:26.969Z\"}','2024-12-30 09:28:26'),(1035,'T2024001','thesis.list.view','::1','{\"action\":\"查看论文确认列表\",\"count\":1,\"timestamp\":\"2024-12-30T09:28:26.986Z\"}','2024-12-30 09:28:26'),(1036,'S2024107','user.login.success','::1','用户 student107 登录成功','2024-12-30 09:28:53'),(1037,'admin_cs_001','user.login.success','::1','用户 csadmin 登录成功','2024-12-30 09:34:01'),(1038,NULL,'trigger.peer_review.debug',NULL,'Trigger called with: stage_type=thesis_submit, old_status=completed, new_status=completed, student_id=S2024107','2024-12-30 11:11:05'),(1039,NULL,'trigger.peer_review.debug',NULL,'Trigger called with: stage_type=thesis_submit, old_status=completed, new_status=completed, student_id=S2024107','2024-12-30 11:11:09'),(1040,NULL,'trigger.peer_review.debug',NULL,'Trigger called with: stage_type=task_book, old_status=completed, new_status=in_progress, student_id=S2024107','2024-12-30 11:14:48'),(1041,NULL,'trigger.peer_review.debug',NULL,'Trigger called with: stage_type=task_book, old_status=in_progress, new_status=completed, student_id=S2024107','2024-12-30 11:15:08'),(1042,NULL,'trigger.peer_review.debug',NULL,'Trigger called with: stage_type=literature, old_status=completed, new_status=in_progress, student_id=S2024107','2024-12-30 11:15:08'),(1043,NULL,'trigger.peer_review.debug',NULL,'Trigger called with: stage_type=literature, old_status=in_progress, new_status=completed, student_id=S2024107','2024-12-30 11:16:45'),(1044,NULL,'trigger.peer_review.debug',NULL,'Trigger called with: stage_type=proposal, old_status=completed, new_status=in_progress, student_id=S2024107','2024-12-30 11:16:46'),(1045,NULL,'trigger.peer_review.debug',NULL,'Trigger called with: stage_type=proposal, old_status=in_progress, new_status=completed, student_id=S2024107','2024-12-30 11:16:51'),(1046,NULL,'trigger.peer_review.debug',NULL,'Trigger called with: stage_type=translation, old_status=completed, new_status=in_progress, student_id=S2024107','2024-12-30 11:16:52'),(1047,NULL,'trigger.peer_review.debug',NULL,'Trigger called with: stage_type=translation, old_status=in_progress, new_status=completed, student_id=S2024107','2024-12-30 11:16:56'),(1048,NULL,'trigger.peer_review.debug',NULL,'Trigger called with: stage_type=midterm, old_status=completed, new_status=in_progress, student_id=S2024107','2024-12-30 11:16:57'),(1049,NULL,'trigger.peer_review.debug',NULL,'Trigger called with: stage_type=midterm, old_status=in_progress, new_status=completed, student_id=S2024107','2024-12-30 11:16:59'),(1050,NULL,'trigger.peer_review.debug',NULL,'Trigger called with: stage_type=thesis_submit, old_status=completed, new_status=in_progress, student_id=S2024107','2024-12-30 11:17:00'),(1051,NULL,'trigger.peer_review.debug',NULL,'Trigger called with: stage_type=thesis_submit, old_status=in_progress, new_status=completed, student_id=S2024107','2024-12-30 11:17:05'),(1052,NULL,'trigger.peer_review.debug',NULL,'Trigger called with: stage_type=advisor_review, old_status=in_progress, new_status=in_progress, student_id=S2024107','2024-12-30 11:17:05'),(1053,NULL,'trigger.peer_review.debug',NULL,'Trigger called with: stage_type=thesis_submit, old_status=completed, new_status=completed, student_id=S2024107','2024-12-30 11:17:24'),(1054,NULL,'trigger.peer_review.debug',NULL,'Trigger called with: stage_type=thesis_submit, old_status=completed, new_status=completed, student_id=S2024107','2024-12-30 11:17:28'),(1055,'admin_cs_001','thesis.assign_reviewers','::1','分配论文评阅人 - 论文ID: 8, 导师评阅: T2024001, 同行评阅: T2024002,T2024008,T2024026','2024-12-30 11:17:53'),(1056,'T2024001','user.login.success','::1','用户 teacher1 登录成功','2024-12-30 11:18:21'),(1057,'T2024001','thesis.review.list.view','::1','{\"action\":\"查看论文评阅列表\",\"count\":2,\"timestamp\":\"2024-12-30T11:18:24.515Z\"}','2024-12-30 11:18:24'),(1058,'T2024001','thesis.review.list.view','::1','{\"action\":\"查看论文评阅列表\",\"count\":2,\"timestamp\":\"2024-12-30T11:18:29.081Z\"}','2024-12-30 11:18:29'),(1059,'T2024001','proposal.list.view','::1','{\"message\":\"教师查看开题报告列表\",\"timestamp\":\"2024-12-30T11:20:38.518Z\"}','2024-12-30 11:20:38'),(1060,'T2024001','proposal.detail.view','::1','{\"proposal_id\":\"2\",\"student_name\":\"赵磊\",\"message\":\"教师查看了学生赵磊的开题报告详情\"}','2024-12-30 11:20:39'),(1061,'T2024001','translation.list.view','::1','{\"message\":\"教师查看外文翻译列表\",\"timestamp\":\"2024-12-30T11:20:41.501Z\"}','2024-12-30 11:20:41'),(1062,'T2024001','midterm.list.view','::1','{\"message\":\"教师查看中期检查列表\",\"timestamp\":\"2024-12-30T11:20:43.489Z\"}','2024-12-30 11:20:43'),(1063,'T2024001','thesis.review.list.view','::1','{\"action\":\"查看论文评阅列表\",\"count\":2,\"timestamp\":\"2024-12-30T11:22:37.388Z\"}','2024-12-30 11:22:37'),(1064,'T2024001','thesis.review.list.view','::1','{\"action\":\"查看论文评阅列表\",\"count\":2,\"timestamp\":\"2024-12-30T11:23:56.361Z\"}','2024-12-30 11:23:56'),(1065,'T2024001','thesis.review.list.view','::1','{\"action\":\"查看论文评阅列表\",\"count\":2,\"timestamp\":\"2024-12-30T11:23:58.897Z\"}','2024-12-30 11:23:58'),(1066,'T2024001','thesis.review.list.view','::1','{\"action\":\"查看论文评阅列表\",\"count\":2,\"timestamp\":\"2024-12-30T11:25:29.443Z\"}','2024-12-30 11:25:29'),(1067,NULL,'trigger.peer_review.debug',NULL,'Trigger called with: stage_type=advisor_review, old_status=in_progress, new_status=completed, student_id=S2024107','2024-12-30 11:27:10'),(1068,'T2024001','thesis.review.submit','::1','{\"action\":\"提交论文评阅\",\"student\":\"赵磊\",\"thesis\":\"论文提交 v1\",\"type\":\"导师评阅\",\"score\":92.25,\"timestamp\":\"2024-12-30T11:27:10.820Z\"}','2024-12-30 11:27:10'),(1069,'T2024001','thesis.review.list.view','::1','{\"action\":\"查看论文评阅列表\",\"count\":2,\"timestamp\":\"2024-12-30T11:27:10.858Z\"}','2024-12-30 11:27:10'),(1070,'T2024001','thesis.review.list.view','::1','{\"action\":\"查看论文评阅列表\",\"count\":2,\"timestamp\":\"2024-12-30T11:28:31.192Z\"}','2024-12-30 11:28:31'),(1071,'T2024001','thesis.review.list.view','::1','{\"action\":\"查看论文评阅列表\",\"count\":2,\"timestamp\":\"2024-12-30T11:28:35.050Z\"}','2024-12-30 11:28:35'),(1072,'T2024001','thesis.review.list.view','::1','{\"action\":\"查看论文评阅列表\",\"count\":2,\"timestamp\":\"2024-12-30T11:30:38.860Z\"}','2024-12-30 11:30:38'),(1073,'T2024001','thesis.review.list.view','::1','{\"action\":\"查看论文评阅列表\",\"count\":2,\"timestamp\":\"2024-12-30T11:31:44.043Z\"}','2024-12-30 11:31:44'),(1074,'T2024001','thesis.review.list.view','::1','{\"action\":\"查看论文评阅列表\",\"count\":2,\"timestamp\":\"2024-12-30T11:35:18.624Z\"}','2024-12-30 11:35:18'),(1075,'T2024001','thesis.review.list.view','::1','{\"action\":\"查看论文评阅列表\",\"count\":2,\"timestamp\":\"2024-12-30T11:36:40.855Z\"}','2024-12-30 11:36:40'),(1076,'T2024001','thesis.review.list.view','::1','{\"action\":\"查看论文评阅列表\",\"count\":2,\"timestamp\":\"2024-12-30T11:37:48.805Z\"}','2024-12-30 11:37:48'),(1077,'T2024001','thesis.review.list.view','::1','{\"action\":\"查看论文评阅列表\",\"count\":2,\"timestamp\":\"2024-12-30T11:37:51.079Z\"}','2024-12-30 11:37:51'),(1078,'T2024001','thesis.review.list.view','::1','{\"action\":\"查看论文评阅列表\",\"count\":2,\"timestamp\":\"2024-12-30T11:38:14.693Z\"}','2024-12-30 11:38:14'),(1079,'T2024001','thesis.review.list.view','::1','{\"action\":\"查看论文评阅列表\",\"count\":2,\"timestamp\":\"2024-12-30T11:40:03.810Z\"}','2024-12-30 11:40:03'),(1080,'T2024001','thesis.review.list.view','::1','{\"action\":\"查看论文评阅列表\",\"count\":2,\"timestamp\":\"2024-12-30T11:40:05.926Z\"}','2024-12-30 11:40:05'),(1081,'T2024002','user.login.failed','::1','用户 teacher2 登录失败：密码错误','2024-12-30 11:40:30'),(1082,'T2024002','user.login.success','::1','用户 teacher2 登录成功','2024-12-30 11:40:33'),(1083,'T2024002','thesis.review.list.view','::1','{\"action\":\"查看论文评阅列表\",\"count\":1,\"timestamp\":\"2024-12-30T11:40:35.564Z\"}','2024-12-30 11:40:35'),(1084,'T2024002','thesis.review.list.view','::1','{\"action\":\"查看论文评阅列表\",\"count\":1,\"timestamp\":\"2024-12-30T11:42:13.031Z\"}','2024-12-30 11:42:13'),(1085,'T2024002','thesis.review.submit','::1','{\"action\":\"提交论文评阅\",\"student\":\"赵磊\",\"thesis\":\"论文提交 v1\",\"type\":\"同行评阅\",\"score\":87.75,\"timestamp\":\"2024-12-30T11:42:30.202Z\"}','2024-12-30 11:42:30'),(1086,'T2024002','thesis.review.list.view','::1','{\"action\":\"查看论文评阅列表\",\"count\":1,\"timestamp\":\"2024-12-30T11:42:30.242Z\"}','2024-12-30 11:42:30'),(1087,'T2024008','user.login.success','::1','用户 teacher8 登录成功','2024-12-30 11:43:09'),(1088,'T2024008','thesis.review.list.view','::1','{\"action\":\"查看论文评阅列表\",\"count\":1,\"timestamp\":\"2024-12-30T11:43:11.098Z\"}','2024-12-30 11:43:11'),(1089,'T2024008','thesis.review.submit','::1','{\"action\":\"提交论文评阅\",\"student\":\"赵磊\",\"thesis\":\"论文提交 v1\",\"type\":\"同行评阅\",\"score\":80.25,\"timestamp\":\"2024-12-30T11:43:23.123Z\"}','2024-12-30 11:43:23'),(1090,'T2024008','thesis.review.list.view','::1','{\"action\":\"查看论文评阅列表\",\"count\":1,\"timestamp\":\"2024-12-30T11:43:23.163Z\"}','2024-12-30 11:43:23'),(1091,'T2024026','user.login.success','::1','用户 teacher26 登录成功','2024-12-30 11:43:36'),(1092,'T2024026','thesis.review.list.view','::1','{\"action\":\"查看论文评阅列表\",\"count\":1,\"timestamp\":\"2024-12-30T11:43:38.298Z\"}','2024-12-30 11:43:38'),(1093,NULL,'trigger.peer_review.debug',NULL,'Trigger called with: stage_type=peer_review, old_status=in_progress, new_status=completed, student_id=S2024107','2024-12-30 11:43:49'),(1094,NULL,'trigger.peer_review.match',NULL,'Conditions matched for student_id: S2024107','2024-12-30 11:43:49'),(1095,NULL,'trigger.peer_review.update',NULL,'Update completed. Rows affected: 1. Student ID: S2024107','2024-12-30 11:43:49'),(1096,'T2024026','thesis.review.submit','::1','{\"action\":\"提交论文评阅\",\"student\":\"赵磊\",\"thesis\":\"论文提交 v1\",\"type\":\"同行评阅\",\"score\":83.25,\"timestamp\":\"2024-12-30T11:43:49.557Z\"}','2024-12-30 11:43:49'),(1097,'T2024026','thesis.review.list.view','::1','{\"action\":\"查看论文评阅列表\",\"count\":1,\"timestamp\":\"2024-12-30T11:43:49.594Z\"}','2024-12-30 11:43:49'),(1098,'S2024107','user.login.success','::1','用户 student107 登录成功','2024-12-30 11:44:12'),(1099,'admin_cs_001','user.login.success','::1','用户 csadmin 登录成功','2024-12-30 11:44:47'),(1100,'S2024107','user.login.success','::1','用户 student107 登录成功','2024-12-30 12:00:14'),(1101,'admin_cs_001','user.login.success','::1','用户 csadmin 登录成功','2024-12-30 12:00:48'),(1102,'admin_cs_001','defense.arrange','::1','创建答辩安排: S2024107','2024-12-30 12:26:22'),(1103,'admin_cs_001','defense.update','::1','更新答辩安排: 2','2024-12-30 12:26:27'),(1104,'G0934587486','user.login.success','::1','用户 方可 登录成功','2024-12-30 12:26:45'),(1105,'S2024107','user.login.success','::1','用户 student107 登录成功','2024-12-30 12:28:02'),(1106,'T2024001','user.login.success','::1','用户 teacher1 登录成功','2024-12-30 12:28:46'),(1107,'T2024001','defense.score.submit','::1','提交答辩评分: 2','2024-12-30 12:29:03'),(1108,'T2024003','user.login.success','::1','用户 teacher3 登录成功','2024-12-30 12:29:15'),(1109,'T2024003','defense.score.submit','::1','提交答辩评分: 2','2024-12-30 12:29:38'),(1110,'T2024006','user.login.success','::1','用户 teacher6 登录成功','2024-12-30 12:29:59'),(1111,'T2024006','defense.score.submit','::1','提交答辩评分: 2','2024-12-30 12:30:16'),(1112,'T2024008','user.login.success','::1','用户 teacher8 登录成功','2024-12-30 12:30:27'),(1113,'T2024008','defense.score.submit','::1','提交答辩评分: 2','2024-12-30 12:30:40'),(1114,'T2024009','user.login.success','::1','用户 teacher9 登录成功','2024-12-30 12:30:47'),(1115,NULL,'trigger.peer_review.debug',NULL,'Trigger called with: stage_type=defense, old_status=in_progress, new_status=revision_needed, student_id=S2024107','2024-12-30 12:31:22'),(1116,'T2024009','defense.score.submit','::1','提交答辩评分: 2','2024-12-30 12:31:22'),(1117,'S2024107','user.login.success','::1','用户 student107 登录成功','2024-12-30 12:31:47'),(1118,'T2024001','user.login.success','::1','用户 teacher1 登录成功','2024-12-30 12:32:16'),(1119,'T2024009','user.login.success','::1','用户 teacher9 登录成功','2024-12-30 12:32:32'),(1120,NULL,'trigger.peer_review.debug',NULL,'Trigger called with: stage_type=defense, old_status=revision_needed, new_status=completed, student_id=S2024107','2024-12-30 12:33:50'),(1121,'T2024009','defense.score.submit','::1','提交答辩评分: 2','2024-12-30 12:33:50'),(1122,'SA2024001','user.login.success','::1','用户 刘超管 登录成功','2024-12-30 12:34:44'),(1123,'T2024001','user.login.success','::1','用户 teacher1 登录成功','2024-12-30 15:53:35'),(1124,'T2024001','thesis.review.list.view','::1','{\"action\":\"查看论文评阅列表\",\"count\":2,\"timestamp\":\"2024-12-30T15:59:55.267Z\"}','2024-12-30 15:59:55'),(1125,'S2024105','user.login.success','::1','用户 student105 登录成功','2024-12-30 16:01:52'),(1126,'admin_cs_001','user.login.success','::1','用户 csadmin 登录成功','2024-12-30 16:06:29'),(1127,'SA2024001','user.login.success','::1','用户 刘超管 登录成功','2024-12-30 16:15:25'),(1128,'G0934587486','user.login.success','::1','用户 方可 登录成功','2024-12-30 16:21:41'),(1129,'G0934587486','user.login.success','::1','用户 方可 登录成功','2024-12-31 02:43:32'),(1130,'admin_cs_001','user.login.success','::1','用户 csadmin 登录成功','2024-12-31 05:00:26'),(1131,'admin_cs_001','user.login.success','::1','用户 csadmin 登录成功','2024-12-31 05:00:40'),(1132,'admin_cs_001','topic.status.update','::1','管理员更新选题状态为approved','2024-12-31 05:02:57'),(1133,'admin_cs_001','topic.status.update','::1','管理员更新选题状态为approved','2024-12-31 05:03:06'),(1134,'G0934587486','user.login.failed','::1','用户 方可 登录失败：密码错误','2024-12-31 05:12:38'),(1135,'G0934587486','user.login.success','::1','用户 方可 登录成功','2024-12-31 05:12:40'),(1136,'T2024017','user.login.success','::1','用户 teacher17 登录成功','2024-12-31 05:12:53'),(1137,'admin_cs_001','user.login.success','::1','用户 csadmin 登录成功','2024-12-31 05:16:08'),(1138,'S2024108','user.login.success','::1','用户 student108 登录成功','2024-12-31 05:20:50'),(1139,'S2024109','user.login.success','::1','用户 student109 登录成功','2024-12-31 05:21:00'),(1140,'S2024114','user.login.success','::1','用户 student114 登录成功','2024-12-31 05:21:29'),(1141,'S2024114','selection.submit','::1','{\"topic_id\":2,\"reason\":\"ragshtrjtkfuik\",\"selection_id\":367,\"previous_selections\":0,\"message\":\"提交选题申请\"}','2024-12-31 05:23:30'),(1142,'T2024013','user.login.success','::1','用户 teacher13 登录成功','2024-12-31 05:24:12'),(1143,'T2024013','topic.selection.approve','::1','{\"selection_id\":\"367\",\"action\":\"通过选题申请\"}','2024-12-31 05:24:17'),(1144,'admin_cs_001','user.login.success','::1','用户 csadmin 登录成功','2024-12-31 05:24:33'),(1145,'admin_cs_001','selection.director.approve.complete','::1','{\"topic_id\":2,\"topic_title\":\"区块链技术在供应链金融中的应用研究\",\"approved_student\":\"周伟\",\"selection_id\":\"367\",\"action\":\"topic_selected\",\"message\":\"题目被选中并完成最终审批，其他申请已自动处理\"}','2024-12-31 05:24:36'),(1146,'admin_cs_001','selection.director.review','::1','{\"selection_id\":\"367\",\"topic_title\":\"区块链技术在供应链金融中的应用研究\",\"student_name\":\"周伟\",\"status\":\"approved\",\"message\":\"系主任通过选题申请\"}','2024-12-31 05:24:36'),(1147,'S2024117','user.login.success','::1','用户 student117 登录成功','2024-12-31 05:24:49'),(1148,'S2024114','user.login.success','::1','用户 student114 登录成功','2024-12-31 05:25:17'),(1149,'T2024013','user.login.success','::1','用户 teacher13 登录成功','2024-12-31 05:25:41'),(1150,NULL,'trigger.peer_review.debug',NULL,'Trigger called with: stage_type=task_book, old_status=not_started, new_status=in_progress, student_id=S2024114','2024-12-31 05:26:01'),(1151,'S2024117','user.login.success','::1','用户 student117 登录成功','2024-12-31 05:26:25'),(1152,'T2024001','user.login.success','::1','用户 teacher1 登录成功','2024-12-31 05:40:36'),(1153,'T2024001','user.login.success','::1','用户 teacher1 登录成功','2024-12-31 05:40:43'),(1154,'admin_cs_001','user.login.success','::1','用户 csadmin 登录成功','2024-12-31 05:41:48'),(1155,'admin_cs_001','topic.status.update','::1','管理员更新选题状态为approved','2024-12-31 05:42:03'),(1156,'T2024001','user.login.success','::1','用户 teacher1 登录成功','2024-12-31 05:42:36'),(1157,'S2024114','user.login.success','::1','用户 student114 登录成功','2024-12-31 05:50:09'),(1158,'S2024115','user.login.failed','::1','用户 student115 登录失败：密码错误','2024-12-31 05:50:30'),(1159,'S2024115','user.login.success','::1','用户 student115 登录成功','2024-12-31 05:50:32'),(1160,'S2024115','selection.cancel','::1','{\"selection_id\":\"314\",\"topic_title\":\"智能排产系统开发\",\"message\":\"取消选题申请\"}','2024-12-31 05:50:37'),(1161,'S2024115','selection.submit','::1','{\"topic_id\":328,\"reason\":\"8888888880\",\"selection_id\":368,\"previous_selections\":0,\"message\":\"提交选题申请\"}','2024-12-31 05:50:46'),(1162,'admin_ee_001','user.login.success','::1','用户 eeadmin 登录成功','2024-12-31 05:50:57'),(1163,'T2024001','user.login.success','::1','用户 teacher1 登录成功','2024-12-31 05:51:07'),(1164,'T2024001','topic.selection.approve','::1','{\"selection_id\":\"368\",\"action\":\"通过选题申请\"}','2024-12-31 05:51:09'),(1165,'admin_ee_001','user.login.success','::1','用户 eeadmin 登录成功','2024-12-31 05:51:17'),(1166,'admin_ee_001','selection.director.approve.complete','::1','{\"topic_id\":328,\"topic_title\":\"test3\",\"approved_student\":\"赵娜\",\"selection_id\":\"368\",\"action\":\"topic_selected\",\"message\":\"题目被选中并完成最终审批，其他申请已自动处理\"}','2024-12-31 05:51:22'),(1167,'admin_ee_001','selection.director.review','::1','{\"selection_id\":\"368\",\"topic_title\":\"test3\",\"student_name\":\"赵娜\",\"status\":\"approved\",\"message\":\"系主任通过选题申请\"}','2024-12-31 05:51:22'),(1168,'S2024115','user.login.success','::1','用户 student115 登录成功','2024-12-31 05:52:02'),(1169,'T2024001','user.login.success','::1','用户 teacher1 登录成功','2024-12-31 05:53:00'),(1170,NULL,'trigger.peer_review.debug',NULL,'Trigger called with: stage_type=task_book, old_status=not_started, new_status=in_progress, student_id=S2024115','2024-12-31 05:53:43'),(1171,NULL,'trigger.peer_review.debug',NULL,'Trigger called with: stage_type=task_book, old_status=in_progress, new_status=in_progress, student_id=S2024115','2024-12-31 05:53:51'),(1172,NULL,'trigger.peer_review.debug',NULL,'Trigger called with: stage_type=task_book, old_status=in_progress, new_status=completed, student_id=S2024115','2024-12-31 05:53:51'),(1173,'S2024115','user.login.success','::1','用户 student115 登录成功','2024-12-31 05:53:58'),(1174,'S2024115','user.login.success','::1','用户 student115 登录成功','2024-12-31 05:54:33'),(1175,'T2024001','user.login.success','::1','用户 teacher1 登录成功','2024-12-31 05:55:01'),(1176,NULL,'trigger.peer_review.debug',NULL,'Trigger called with: stage_type=literature, old_status=in_progress, new_status=in_progress, student_id=S2024115','2024-12-31 05:55:21'),(1177,'S2024115','progress.file.submit','::1','更新literature阶段文件','2024-12-31 05:55:21'),(1178,NULL,'trigger.peer_review.debug',NULL,'Trigger called with: stage_type=literature, old_status=in_progress, new_status=reviewing, student_id=S2024115','2024-12-31 05:55:21'),(1179,'S2024115','progress.update','::1','更新literature阶段状态为reviewing','2024-12-31 05:55:21'),(1180,NULL,'trigger.peer_review.debug',NULL,'Trigger called with: stage_type=literature, old_status=reviewing, new_status=completed, student_id=S2024115','2024-12-31 05:55:42'),(1181,'T2024001','literature.review.update','::1','更新文献综述评阅：学生 S2024115, 状态 completed, 总分 80.5','2024-12-31 05:55:42'),(1182,NULL,'trigger.peer_review.debug',NULL,'Trigger called with: stage_type=proposal, old_status=in_progress, new_status=in_progress, student_id=S2024115','2024-12-31 05:56:40'),(1183,'S2024115','progress.file.submit','::1','更新proposal阶段文件','2024-12-31 05:56:40'),(1184,NULL,'trigger.peer_review.debug',NULL,'Trigger called with: stage_type=proposal, old_status=in_progress, new_status=reviewing, student_id=S2024115','2024-12-31 05:56:40'),(1185,'S2024115','progress.update','::1','更新proposal阶段状态为reviewing','2024-12-31 05:56:40'),(1186,'T2024001','proposal.list.view','::1','{\"message\":\"教师查看开题报告列表\",\"timestamp\":\"2024-12-31T05:57:15.093Z\"}','2024-12-31 05:57:15'),(1187,'T2024001','proposal.detail.view','::1','{\"proposal_id\":\"6\",\"student_name\":\"赵娜\",\"message\":\"教师查看了学生赵娜的开题报告详情\"}','2024-12-31 05:57:23'),(1188,NULL,'trigger.peer_review.debug',NULL,'Trigger called with: stage_type=proposal, old_status=reviewing, new_status=reviewing, student_id=S2024115','2024-12-31 05:58:24'),(1189,'T2024001','proposal.list.view','::1','{\"message\":\"教师查看开题报告列表\",\"timestamp\":\"2024-12-31T05:58:49.702Z\"}','2024-12-31 05:58:49'),(1190,NULL,'trigger.peer_review.debug',NULL,'Trigger called with: stage_type=proposal, old_status=reviewing, new_status=reviewing, student_id=S2024115','2024-12-31 05:59:11'),(1191,'T2024001','proposal.review.submit','::1','{\"proposal_id\":\"6\",\"student_name\":\"赵娜\",\"total_score\":87.25,\"status\":\"completed\",\"message\":\"教师完成了学生赵娜的开题报告评审\"}','2024-12-31 06:00:03'),(1192,NULL,'trigger.peer_review.debug',NULL,'Trigger called with: stage_type=proposal, old_status=reviewing, new_status=completed, student_id=S2024115','2024-12-31 06:00:03'),(1193,'T2024001','proposal.list.view','::1','{\"message\":\"教师查看开题报告列表\",\"timestamp\":\"2024-12-31T06:00:04.013Z\"}','2024-12-31 06:00:04'),(1194,'T2024001','proposal.detail.view','::1','{\"proposal_id\":\"6\",\"student_name\":\"赵娜\",\"message\":\"教师查看了学生赵娜的开题报告详情\"}','2024-12-31 06:00:06'),(1195,'T2024001','proposal.list.view','::1','{\"message\":\"教师查看开题报告列表\",\"timestamp\":\"2024-12-31T06:00:09.645Z\"}','2024-12-31 06:00:09'),(1196,'T2024001','proposal.detail.view','::1','{\"proposal_id\":\"6\",\"student_name\":\"赵娜\",\"message\":\"教师查看了学生赵娜的开题报告详情\"}','2024-12-31 06:00:10'),(1197,NULL,'trigger.peer_review.debug',NULL,'Trigger called with: stage_type=translation, old_status=in_progress, new_status=in_progress, student_id=S2024115','2024-12-31 06:01:25'),(1198,'S2024115','progress.file.submit','::1','更新translation阶段文件','2024-12-31 06:01:25'),(1199,NULL,'trigger.peer_review.debug',NULL,'Trigger called with: stage_type=translation, old_status=in_progress, new_status=reviewing, student_id=S2024115','2024-12-31 06:01:25'),(1200,'S2024115','progress.update','::1','更新translation阶段状态为reviewing','2024-12-31 06:01:25'),(1201,'T2024001','translation.list.view','::1','{\"message\":\"教师查看外文翻译列表\",\"timestamp\":\"2024-12-31T06:01:39.466Z\"}','2024-12-31 06:01:39'),(1202,NULL,'trigger.peer_review.debug',NULL,'Trigger called with: stage_type=translation, old_status=reviewing, new_status=completed, student_id=S2024115','2024-12-31 06:02:01'),(1203,'T2024001','translation.review','::1','{\"translation_id\":\"3\",\"student_name\":\"S2024115\",\"status\":\"completed\",\"total_score\":87.67,\"message\":\"教师完成了学生S2024115的外文翻译评阅\"}','2024-12-31 06:02:01'),(1204,'T2024001','translation.list.view','::1','{\"message\":\"教师查看外文翻译列表\",\"timestamp\":\"2024-12-31T06:02:01.286Z\"}','2024-12-31 06:02:01'),(1205,'T2024001','midterm.list.view','::1','{\"message\":\"教师查看中期检查列表\",\"timestamp\":\"2024-12-31T06:02:06.948Z\"}','2024-12-31 06:02:06'),(1206,NULL,'trigger.peer_review.debug',NULL,'Trigger called with: stage_type=midterm, old_status=in_progress, new_status=in_progress, student_id=S2024115','2024-12-31 06:02:28'),(1207,'S2024115','progress.file.submit','::1','更新midterm阶段文件','2024-12-31 06:02:28'),(1208,NULL,'trigger.peer_review.debug',NULL,'Trigger called with: stage_type=midterm, old_status=in_progress, new_status=reviewing, student_id=S2024115','2024-12-31 06:02:28'),(1209,'S2024115','progress.update','::1','更新midterm阶段状态为reviewing','2024-12-31 06:02:28'),(1210,'T2024001','midterm.list.view','::1','{\"message\":\"教师查看中期检查列表\",\"timestamp\":\"2024-12-31T06:03:04.442Z\"}','2024-12-31 06:03:04'),(1211,NULL,'trigger.peer_review.debug',NULL,'Trigger called with: stage_type=midterm, old_status=reviewing, new_status=completed, student_id=S2024115','2024-12-31 06:03:21'),(1212,'T2024001','midterm.review','::1','{\"midterm_id\":\"5\",\"student_name\":\"赵娜\",\"student_id\":\"S2024115\",\"status\":\"completed\",\"total_score\":90,\"message\":\"教师完成了中期报告评阅\"}','2024-12-31 06:03:21'),(1213,'T2024001','midterm.list.view','::1','{\"message\":\"教师查看中期检查列表\",\"timestamp\":\"2024-12-31T06:03:21.392Z\"}','2024-12-31 06:03:21'),(1214,'T2024001','thesis.list.view','::1','{\"action\":\"查看论文确认列表\",\"count\":1,\"timestamp\":\"2024-12-31T06:03:23.755Z\"}','2024-12-31 06:03:23'),(1215,NULL,'trigger.peer_review.debug',NULL,'Trigger called with: stage_type=thesis_submit, old_status=in_progress, new_status=in_progress, student_id=S2024115','2024-12-31 06:03:52'),(1216,'S2024115','progress.file.submit','::1','更新thesis_submit阶段文件','2024-12-31 06:03:52'),(1217,NULL,'trigger.peer_review.debug',NULL,'Trigger called with: stage_type=thesis_submit, old_status=in_progress, new_status=reviewing, student_id=S2024115','2024-12-31 06:03:52'),(1218,'S2024115','progress.update','::1','更新thesis_submit阶段状态为reviewing','2024-12-31 06:03:52'),(1219,'T2024001','thesis.list.view','::1','{\"action\":\"查看论文确认列表\",\"count\":3,\"timestamp\":\"2024-12-31T06:04:59.384Z\"}','2024-12-31 06:04:59'),(1220,NULL,'trigger.peer_review.debug',NULL,'Trigger called with: stage_type=thesis_submit, old_status=reviewing, new_status=in_progress, student_id=S2024115','2024-12-31 06:11:11'),(1221,'S2024115','progress.file.submit','::1','更新thesis_submit阶段文件','2024-12-31 06:11:11'),(1222,NULL,'trigger.peer_review.debug',NULL,'Trigger called with: stage_type=thesis_submit, old_status=in_progress, new_status=reviewing, student_id=S2024115','2024-12-31 06:11:11'),(1223,'S2024115','progress.update','::1','更新thesis_submit阶段状态为reviewing','2024-12-31 06:11:11'),(1224,'T2024001','thesis.list.view','::1','{\"action\":\"查看论文确认列表\",\"count\":3,\"timestamp\":\"2024-12-31T06:11:38.276Z\"}','2024-12-31 06:11:38'),(1225,NULL,'trigger.peer_review.debug',NULL,'Trigger called with: stage_type=thesis_submit, old_status=reviewing, new_status=in_progress, student_id=S2024115','2024-12-31 06:12:12'),(1226,'S2024115','progress.file.submit','::1','更新thesis_submit阶段文件','2024-12-31 06:12:12'),(1227,NULL,'trigger.peer_review.debug',NULL,'Trigger called with: stage_type=thesis_submit, old_status=in_progress, new_status=reviewing, student_id=S2024115','2024-12-31 06:12:12'),(1228,'S2024115','progress.update','::1','更新thesis_submit阶段状态为reviewing','2024-12-31 06:12:12'),(1229,NULL,'trigger.peer_review.debug',NULL,'Trigger called with: stage_type=thesis_submit, old_status=reviewing, new_status=in_progress, student_id=S2024115','2024-12-31 06:12:23'),(1230,'S2024115','progress.file.submit','::1','更新thesis_submit阶段文件','2024-12-31 06:12:23'),(1231,NULL,'trigger.peer_review.debug',NULL,'Trigger called with: stage_type=thesis_submit, old_status=in_progress, new_status=reviewing, student_id=S2024115','2024-12-31 06:12:23'),(1232,'S2024115','progress.update','::1','更新thesis_submit阶段状态为reviewing','2024-12-31 06:12:23'),(1233,NULL,'trigger.peer_review.debug',NULL,'Trigger called with: stage_type=thesis_submit, old_status=reviewing, new_status=in_progress, student_id=S2024115','2024-12-31 06:14:08'),(1234,'S2024115','progress.file.submit','::1','更新thesis_submit阶段文件','2024-12-31 06:14:08'),(1235,NULL,'trigger.peer_review.debug',NULL,'Trigger called with: stage_type=thesis_submit, old_status=in_progress, new_status=reviewing, student_id=S2024115','2024-12-31 06:14:08'),(1236,'S2024115','progress.update','::1','更新thesis_submit阶段状态为reviewing','2024-12-31 06:14:08'),(1237,NULL,'trigger.peer_review.debug',NULL,'Trigger called with: stage_type=thesis_submit, old_status=reviewing, new_status=in_progress, student_id=S2024115','2024-12-31 06:14:18'),(1238,'S2024115','progress.file.submit','::1','更新thesis_submit阶段文件','2024-12-31 06:14:18'),(1239,NULL,'trigger.peer_review.debug',NULL,'Trigger called with: stage_type=thesis_submit, old_status=in_progress, new_status=reviewing, student_id=S2024115','2024-12-31 06:14:18'),(1240,'S2024115','progress.update','::1','更新thesis_submit阶段状态为reviewing','2024-12-31 06:14:18'),(1241,NULL,'trigger.peer_review.debug',NULL,'Trigger called with: stage_type=thesis_submit, old_status=reviewing, new_status=in_progress, student_id=S2024115','2024-12-31 06:16:33'),(1242,'S2024115','progress.file.submit','::1','更新thesis_submit阶段文件','2024-12-31 06:16:33'),(1243,NULL,'trigger.peer_review.debug',NULL,'Trigger called with: stage_type=thesis_submit, old_status=in_progress, new_status=reviewing, student_id=S2024115','2024-12-31 06:16:33'),(1244,'S2024115','progress.update','::1','更新thesis_submit阶段状态为reviewing','2024-12-31 06:16:33'),(1245,NULL,'trigger.peer_review.debug',NULL,'Trigger called with: stage_type=thesis_submit, old_status=reviewing, new_status=in_progress, student_id=S2024115','2024-12-31 06:16:45'),(1246,'S2024115','progress.file.submit','::1','更新thesis_submit阶段文件','2024-12-31 06:16:45'),(1247,NULL,'trigger.peer_review.debug',NULL,'Trigger called with: stage_type=thesis_submit, old_status=in_progress, new_status=reviewing, student_id=S2024115','2024-12-31 06:16:45'),(1248,'S2024115','progress.update','::1','更新thesis_submit阶段状态为reviewing','2024-12-31 06:16:45'),(1249,NULL,'trigger.peer_review.debug',NULL,'Trigger called with: stage_type=thesis_submit, old_status=reviewing, new_status=in_progress, student_id=S2024115','2024-12-31 06:18:56'),(1250,'S2024115','progress.file.submit','::1','更新thesis_submit阶段文件','2024-12-31 06:18:56'),(1251,NULL,'trigger.peer_review.debug',NULL,'Trigger called with: stage_type=thesis_submit, old_status=in_progress, new_status=reviewing, student_id=S2024115','2024-12-31 06:18:56'),(1252,'S2024115','progress.update','::1','更新thesis_submit阶段状态为reviewing','2024-12-31 06:18:56'),(1253,NULL,'trigger.peer_review.debug',NULL,'Trigger called with: stage_type=thesis_submit, old_status=reviewing, new_status=in_progress, student_id=S2024115','2024-12-31 06:19:16'),(1254,'S2024115','progress.file.submit','::1','更新thesis_submit阶段文件','2024-12-31 06:19:16'),(1255,NULL,'trigger.peer_review.debug',NULL,'Trigger called with: stage_type=thesis_submit, old_status=in_progress, new_status=reviewing, student_id=S2024115','2024-12-31 06:19:16'),(1256,'S2024115','progress.update','::1','更新thesis_submit阶段状态为reviewing','2024-12-31 06:19:16'),(1257,'T2024001','thesis.list.view','::1','{\"action\":\"查看论文确认列表\",\"count\":2,\"timestamp\":\"2024-12-31T06:20:28.350Z\"}','2024-12-31 06:20:28'),(1258,NULL,'trigger.peer_review.debug',NULL,'Trigger called with: stage_type=thesis_submit, old_status=reviewing, new_status=completed, student_id=S2024115','2024-12-31 06:20:44'),(1259,'T2024001','thesis.review.update','::1','{\"thesis_id\":\"20\",\"student_id\":\"S2024115\",\"old_status\":\"pending\",\"new_status\":\"approved\",\"timestamp\":\"2024-12-31T06:20:44.118Z\"}','2024-12-31 06:20:44'),(1260,'T2024001','thesis.list.view','::1','{\"action\":\"查看论文确认列表\",\"count\":2,\"timestamp\":\"2024-12-31T06:20:44.137Z\"}','2024-12-31 06:20:44'),(1261,'admin_ee_001','user.login.success','::1','用户 eeadmin 登录成功','2024-12-31 06:22:06'),(1262,'admin_cs_001','user.login.success','::1','用户 csadmin 登录成功','2024-12-31 06:22:36'),(1263,'G0934587486','user.login.success','::1','用户 方可 登录成功','2024-12-31 06:23:59'),(1264,'SA2024001','user.login.success','::1','用户 刘超管 登录成功','2024-12-31 07:56:43'),(1265,'S2024105','user.login.success','::1','用户 student105 登录成功','2024-12-31 07:57:29'),(1266,'T2024017','user.login.success','::1','用户 teacher17 登录成功','2024-12-31 07:57:47'),(1267,'T2024017','proposal.list.view','::1','{\"message\":\"教师查看开题报告列表\",\"timestamp\":\"2024-12-31T07:57:51.918Z\"}','2024-12-31 07:57:51'),(1268,'T2024017','translation.list.view','::1','{\"message\":\"教师查看外文翻译列表\",\"timestamp\":\"2024-12-31T07:57:52.683Z\"}','2024-12-31 07:57:52'),(1269,'T2024017','midterm.list.view','::1','{\"message\":\"教师查看中期检查列表\",\"timestamp\":\"2024-12-31T07:57:53.258Z\"}','2024-12-31 07:57:53'),(1270,'T2024017','thesis.list.view','::1','{\"action\":\"查看论文确认列表\",\"count\":1,\"timestamp\":\"2024-12-31T07:57:53.946Z\"}','2024-12-31 07:57:53'),(1271,'T2024017','thesis.review.list.view','::1','{\"action\":\"查看论文评阅列表\",\"count\":1,\"timestamp\":\"2024-12-31T07:57:55.608Z\"}','2024-12-31 07:57:55'),(1272,'admin_cs_001','user.login.success','::1','用户 csadmin 登录成功','2024-12-31 07:58:12'),(1273,'S2024105','user.login.success','::1','用户 student105 登录成功','2024-12-31 08:25:15'),(1274,'S2024084','user.login.success','::1','用户 student84 登录成功','2024-12-31 08:28:32'),(1275,'admin_cs_001','user.login.success','::1','用户 csadmin 登录成功','2024-12-31 08:28:50'),(1276,'admin_cs_001','selection.director.review','::1','{\"selection_id\":\"283\",\"topic_title\":\"迁移学习应用研究\",\"student_name\":\"王芳\",\"status\":\"rejected\",\"message\":\"系主任拒绝选题申请\"}','2024-12-31 08:29:59'),(1277,'S2024084','user.login.success','::1','用户 student84 登录成功','2024-12-31 08:30:13'),(1278,'S2024084','selection.submit','::1','{\"topic_id\":6,\"reason\":\"1234567890\",\"selection_id\":369,\"previous_selections\":0,\"message\":\"提交选题申请\"}','2024-12-31 08:30:25'),(1279,'S2024084','selection.cancel','::1','{\"selection_id\":\"369\",\"topic_title\":\"分布式系统性能优化研究\",\"message\":\"取消选题申请\"}','2024-12-31 08:30:30'),(1280,'S2024084','user.login.failed','::1','用户 student84 登录失败：密码错误','2024-12-31 09:06:12'),(1281,'S2024084','user.login.success','::1','用户 student84 登录成功','2024-12-31 09:06:14'),(1282,'S2024084','selection.submit','::1','{\"topic_id\":6,\"reason\":\"1234567890\",\"selection_id\":370,\"previous_selections\":0,\"message\":\"提交选题申请\"}','2024-12-31 09:07:17'),(1283,'T2024008','user.login.success','::1','用户 teacher8 登录成功','2024-12-31 09:07:57'),(1284,'T2024008','topic.selection.approve','::1','{\"selection_id\":\"370\",\"action\":\"通过选题申请\"}','2024-12-31 09:08:10'),(1285,'admin_cs_001','user.login.success','::1','用户 csadmin 登录成功','2024-12-31 09:08:24'),(1286,'T2024001','user.login.success','::1','用户 teacher1 登录成功','2024-12-31 09:12:49'),(1287,'admin_cs_001','user.login.success','::1','用户 csadmin 登录成功','2024-12-31 09:14:59'),(1288,'admin_cs_001','topic.status.update','::1','管理员更新选题状态为approved','2024-12-31 09:15:10'),(1289,'S2024084','selection.submit','::1','{\"topic_id\":329,\"reason\":\"1234567890\",\"selection_id\":371,\"previous_selections\":0,\"message\":\"提交选题申请\"}','2024-12-31 09:15:57'),(1290,'T2024001','user.login.success','::1','用户 teacher1 登录成功','2024-12-31 09:16:06'),(1291,'T2024001','topic.selection.approve','::1','{\"selection_id\":\"371\",\"action\":\"通过选题申请\"}','2024-12-31 09:16:10'),(1292,'admin_cs_001','user.login.success','::1','用户 csadmin 登录成功','2024-12-31 09:16:16'),(1293,'admin_cs_001','selection.director.approve.complete','::1','{\"topic_id\":329,\"topic_title\":\"test4\",\"approved_student\":\"王芳\",\"selection_id\":\"371\",\"action\":\"topic_selected\",\"message\":\"题目被选中并完成最终审批，其他申请已自动处理\"}','2024-12-31 09:20:09'),(1294,'admin_cs_001','selection.director.review','::1','{\"selection_id\":\"371\",\"topic_title\":\"test4\",\"student_name\":\"王芳\",\"status\":\"approved\",\"message\":\"系主任通过选题申请\"}','2024-12-31 09:20:09'),(1295,'T2024001','user.login.success','::1','用户 teacher1 登录成功','2024-12-31 09:22:14'),(1296,NULL,'trigger.peer_review.debug',NULL,'Trigger called with: stage_type=task_book, old_status=completed, new_status=in_progress, student_id=S2024107','2024-12-31 09:22:58'),(1297,NULL,'trigger.peer_review.debug',NULL,'Trigger called with: stage_type=task_book, old_status=in_progress, new_status=completed, student_id=S2024107','2024-12-31 09:22:58'),(1298,NULL,'trigger.peer_review.debug',NULL,'Trigger called with: stage_type=literature, old_status=completed, new_status=in_progress, student_id=S2024107','2024-12-31 09:22:59'),(1299,NULL,'trigger.peer_review.debug',NULL,'Trigger called with: stage_type=task_book, old_status=not_started, new_status=in_progress, student_id=S2024084','2024-12-31 09:23:21'),(1300,NULL,'trigger.peer_review.debug',NULL,'Trigger called with: stage_type=task_book, old_status=in_progress, new_status=in_progress, student_id=S2024084','2024-12-31 09:23:29'),(1301,NULL,'trigger.peer_review.debug',NULL,'Trigger called with: stage_type=task_book, old_status=in_progress, new_status=completed, student_id=S2024084','2024-12-31 09:23:29'),(1302,'S2024084','user.login.success','::1','用户 student84 登录成功','2024-12-31 09:23:45'),(1303,'S2024084','user.login.success','::1','用户 student84 登录成功','2024-12-31 09:24:20'),(1304,'T2024001','user.login.success','::1','用户 teacher1 登录成功','2024-12-31 09:26:00'),(1305,NULL,'trigger.peer_review.debug',NULL,'Trigger called with: stage_type=literature, old_status=in_progress, new_status=in_progress, student_id=S2024084','2024-12-31 09:27:05'),(1306,'S2024084','progress.file.submit','::1','更新literature阶段文件','2024-12-31 09:27:05'),(1307,NULL,'trigger.peer_review.debug',NULL,'Trigger called with: stage_type=literature, old_status=in_progress, new_status=reviewing, student_id=S2024084','2024-12-31 09:27:05'),(1308,'S2024084','progress.update','::1','更新literature阶段状态为reviewing','2024-12-31 09:27:05'),(1309,NULL,'trigger.peer_review.debug',NULL,'Trigger called with: stage_type=literature, old_status=reviewing, new_status=in_progress, student_id=S2024084','2024-12-31 09:27:52'),(1310,'S2024084','progress.file.submit','::1','更新literature阶段文件','2024-12-31 09:27:52'),(1311,NULL,'trigger.peer_review.debug',NULL,'Trigger called with: stage_type=literature, old_status=in_progress, new_status=reviewing, student_id=S2024084','2024-12-31 09:27:52'),(1312,'S2024084','progress.update','::1','更新literature阶段状态为reviewing','2024-12-31 09:27:52'),(1313,NULL,'trigger.peer_review.debug',NULL,'Trigger called with: stage_type=literature, old_status=reviewing, new_status=completed, student_id=S2024084','2024-12-31 09:28:40'),(1314,'T2024001','literature.review.update','::1','更新文献综述评阅：学生 S2024084, 状态 completed, 总分 88','2024-12-31 09:28:40'),(1315,'T2024001','user.login.success','::1','用户 teacher1 登录成功','2024-12-31 09:28:52'),(1316,NULL,'trigger.peer_review.debug',NULL,'Trigger called with: stage_type=proposal, old_status=in_progress, new_status=in_progress, student_id=S2024084','2024-12-31 09:29:14'),(1317,'S2024084','progress.file.submit','::1','更新proposal阶段文件','2024-12-31 09:29:14'),(1318,NULL,'trigger.peer_review.debug',NULL,'Trigger called with: stage_type=proposal, old_status=in_progress, new_status=reviewing, student_id=S2024084','2024-12-31 09:29:14'),(1319,'S2024084','progress.update','::1','更新proposal阶段状态为reviewing','2024-12-31 09:29:14'),(1320,'T2024001','proposal.list.view','::1','{\"message\":\"教师查看开题报告列表\",\"timestamp\":\"2024-12-31T09:29:30.374Z\"}','2024-12-31 09:29:30'),(1321,'T2024001','proposal.review.submit','::1','{\"proposal_id\":\"7\",\"student_name\":\"王芳\",\"total_score\":83.25,\"status\":\"completed\",\"message\":\"教师完成了学生王芳的开题报告评审\"}','2024-12-31 09:29:48'),(1322,NULL,'trigger.peer_review.debug',NULL,'Trigger called with: stage_type=proposal, old_status=reviewing, new_status=completed, student_id=S2024084','2024-12-31 09:29:48'),(1323,'T2024001','proposal.list.view','::1','{\"message\":\"教师查看开题报告列表\",\"timestamp\":\"2024-12-31T09:29:48.479Z\"}','2024-12-31 09:29:48'),(1324,NULL,'trigger.peer_review.debug',NULL,'Trigger called with: stage_type=translation, old_status=in_progress, new_status=in_progress, student_id=S2024084','2024-12-31 09:30:04'),(1325,'S2024084','progress.file.submit','::1','更新translation阶段文件','2024-12-31 09:30:04'),(1326,NULL,'trigger.peer_review.debug',NULL,'Trigger called with: stage_type=translation, old_status=in_progress, new_status=reviewing, student_id=S2024084','2024-12-31 09:30:04'),(1327,'S2024084','progress.update','::1','更新translation阶段状态为reviewing','2024-12-31 09:30:04'),(1328,'T2024001','translation.list.view','::1','{\"message\":\"教师查看外文翻译列表\",\"timestamp\":\"2024-12-31T09:30:28.223Z\"}','2024-12-31 09:30:28'),(1329,NULL,'trigger.peer_review.debug',NULL,'Trigger called with: stage_type=translation, old_status=reviewing, new_status=completed, student_id=S2024084','2024-12-31 09:30:48'),(1330,'T2024001','translation.review','::1','{\"translation_id\":\"4\",\"student_name\":\"S2024084\",\"status\":\"completed\",\"total_score\":92,\"message\":\"教师完成了学生S2024084的外文翻译评阅\"}','2024-12-31 09:30:48'),(1331,'T2024001','translation.list.view','::1','{\"message\":\"教师查看外文翻译列表\",\"timestamp\":\"2024-12-31T09:30:48.651Z\"}','2024-12-31 09:30:48'),(1332,'T2024001','midterm.list.view','::1','{\"message\":\"教师查看中期检查列表\",\"timestamp\":\"2024-12-31T09:31:31.417Z\"}','2024-12-31 09:31:31'),(1333,NULL,'trigger.peer_review.debug',NULL,'Trigger called with: stage_type=midterm, old_status=in_progress, new_status=in_progress, student_id=S2024084','2024-12-31 09:31:38'),(1334,'S2024084','progress.file.submit','::1','更新midterm阶段文件','2024-12-31 09:31:38'),(1335,NULL,'trigger.peer_review.debug',NULL,'Trigger called with: stage_type=midterm, old_status=in_progress, new_status=reviewing, student_id=S2024084','2024-12-31 09:31:38'),(1336,'S2024084','progress.update','::1','更新midterm阶段状态为reviewing','2024-12-31 09:31:38'),(1337,'T2024001','midterm.list.view','::1','{\"message\":\"教师查看中期检查列表\",\"timestamp\":\"2024-12-31T09:31:49.531Z\"}','2024-12-31 09:31:49'),(1338,NULL,'trigger.peer_review.debug',NULL,'Trigger called with: stage_type=midterm, old_status=reviewing, new_status=completed, student_id=S2024084','2024-12-31 09:32:24'),(1339,'T2024001','midterm.review','::1','{\"midterm_id\":\"6\",\"student_name\":\"王芳\",\"student_id\":\"S2024084\",\"status\":\"completed\",\"total_score\":85,\"message\":\"教师完成了中期报告评阅\"}','2024-12-31 09:32:24'),(1340,'T2024001','midterm.list.view','::1','{\"message\":\"教师查看中期检查列表\",\"timestamp\":\"2024-12-31T09:32:24.829Z\"}','2024-12-31 09:32:24'),(1341,NULL,'trigger.peer_review.debug',NULL,'Trigger called with: stage_type=thesis_submit, old_status=in_progress, new_status=in_progress, student_id=S2024084','2024-12-31 09:32:41'),(1342,'S2024084','progress.file.submit','::1','更新thesis_submit阶段文件','2024-12-31 09:32:41'),(1343,NULL,'trigger.peer_review.debug',NULL,'Trigger called with: stage_type=thesis_submit, old_status=in_progress, new_status=reviewing, student_id=S2024084','2024-12-31 09:32:41'),(1344,'S2024084','progress.update','::1','更新thesis_submit阶段状态为reviewing','2024-12-31 09:32:41'),(1345,'T2024001','thesis.list.view','::1','{\"action\":\"查看论文确认列表\",\"count\":4,\"timestamp\":\"2024-12-31T09:32:56.042Z\"}','2024-12-31 09:32:56'),(1346,'T2024001','thesis.list.view','::1','{\"action\":\"查看论文确认列表\",\"count\":4,\"timestamp\":\"2024-12-31T09:54:15.441Z\"}','2024-12-31 09:54:15'),(1347,'T2024001','thesis.list.view','::1','{\"action\":\"查看论文确认列表\",\"count\":4,\"timestamp\":\"2025-01-01T04:38:47.964Z\"}','2025-01-01 04:38:47'),(1348,'T2024001','thesis.list.view','::1','{\"action\":\"查看论文确认列表\",\"count\":4,\"timestamp\":\"2025-01-01T04:39:22.661Z\"}','2025-01-01 04:39:22'),(1350,NULL,'trigger.peer_review.debug',NULL,'Trigger called with: stage_type=thesis_submit, old_status=reviewing, new_status=in_progress, student_id=S2024084','2025-01-01 05:08:06'),(1351,'S2024084','progress.file.submit','::1','更新thesis_submit阶段文件','2025-01-01 05:08:06'),(1352,NULL,'trigger.peer_review.debug',NULL,'Trigger called with: stage_type=thesis_submit, old_status=in_progress, new_status=reviewing, student_id=S2024084','2025-01-01 05:08:06'),(1353,'S2024084','progress.update','::1','更新thesis_submit阶段状态为reviewing','2025-01-01 05:08:06'),(1354,NULL,'trigger.peer_review.debug',NULL,'Trigger called with: stage_type=thesis_submit, old_status=reviewing, new_status=in_progress, student_id=S2024084','2025-01-01 05:26:33'),(1355,'S2024084','progress.file.submit','::1','更新thesis_submit阶段文件','2025-01-01 05:26:33'),(1356,NULL,'trigger.peer_review.debug',NULL,'Trigger called with: stage_type=thesis_submit, old_status=in_progress, new_status=reviewing, student_id=S2024084','2025-01-01 05:26:33'),(1357,'S2024084','progress.update','::1','更新thesis_submit阶段状态为reviewing','2025-01-01 05:26:33'),(1358,NULL,'trigger.peer_review.debug',NULL,'Trigger called with: stage_type=thesis_submit, old_status=reviewing, new_status=in_progress, student_id=S2024084','2025-01-01 05:27:02'),(1359,'S2024084','progress.file.submit','::1','更新thesis_submit阶段文件','2025-01-01 05:27:02'),(1360,NULL,'trigger.peer_review.debug',NULL,'Trigger called with: stage_type=thesis_submit, old_status=in_progress, new_status=reviewing, student_id=S2024084','2025-01-01 05:27:02'),(1361,'S2024084','progress.update','::1','更新thesis_submit阶段状态为reviewing','2025-01-01 05:27:02'),(1362,NULL,'trigger.peer_review.debug',NULL,'Trigger called with: stage_type=thesis_submit, old_status=reviewing, new_status=in_progress, student_id=S2024084','2025-01-01 05:27:19'),(1363,'S2024084','progress.file.submit','::1','更新thesis_submit阶段文件','2025-01-01 05:27:19'),(1364,NULL,'trigger.peer_review.debug',NULL,'Trigger called with: stage_type=thesis_submit, old_status=in_progress, new_status=reviewing, student_id=S2024084','2025-01-01 05:27:19'),(1365,'S2024084','progress.update','::1','更新thesis_submit阶段状态为reviewing','2025-01-01 05:27:19'),(1366,NULL,'trigger.peer_review.debug',NULL,'Trigger called with: stage_type=thesis_submit, old_status=reviewing, new_status=in_progress, student_id=S2024084','2025-01-01 05:29:40'),(1367,'S2024084','progress.file.submit','::1','更新thesis_submit阶段文件','2025-01-01 05:29:40'),(1368,NULL,'trigger.peer_review.debug',NULL,'Trigger called with: stage_type=thesis_submit, old_status=in_progress, new_status=reviewing, student_id=S2024084','2025-01-01 05:29:40'),(1369,'S2024084','progress.update','::1','更新thesis_submit阶段状态为reviewing','2025-01-01 05:29:40'),(1370,'T2024001','thesis.list.view','::1','{\"action\":\"查看论文确认列表\",\"count\":3,\"timestamp\":\"2025-01-01T05:31:26.726Z\"}','2025-01-01 05:31:26'),(1371,NULL,'trigger.peer_review.debug',NULL,'Trigger called with: stage_type=thesis_submit, old_status=reviewing, new_status=completed, student_id=S2024084','2025-01-01 05:31:49'),(1372,'T2024001','thesis.review.update','::1','{\"thesis_id\":\"30\",\"student_id\":\"S2024084\",\"old_status\":\"pending\",\"new_status\":\"approved\",\"timestamp\":\"2025-01-01T05:31:49.932Z\"}','2025-01-01 05:31:49'),(1373,'T2024001','thesis.list.view','::1','{\"action\":\"查看论文确认列表\",\"count\":3,\"timestamp\":\"2025-01-01T05:31:49.943Z\"}','2025-01-01 05:31:49'),(1374,'admin_cs_001','user.login.success','::1','用户 csadmin 登录成功','2025-01-01 05:32:10'),(1375,'admin_cs_001','thesis.assign_reviewers','::1','分配论文评阅人 - 论文ID: 30, 导师评阅: T2024001, 同行评阅: T2024013,T2024008,T2024019','2025-01-01 05:32:30'),(1376,'T2024001','user.login.success','::1','用户 teacher1 登录成功','2025-01-01 05:32:38'),(1377,'T2024001','thesis.review.list.view','::1','{\"action\":\"查看论文评阅列表\",\"count\":3,\"timestamp\":\"2025-01-01T05:32:52.810Z\"}','2025-01-01 05:32:52'),(1378,NULL,'trigger.peer_review.debug',NULL,'Trigger called with: stage_type=advisor_review, old_status=in_progress, new_status=completed, student_id=S2024084','2025-01-01 05:33:00'),(1379,'T2024001','thesis.review.submit','::1','{\"action\":\"提交论文评阅\",\"student\":\"王芳\",\"thesis\":\"论文提交 v1\",\"type\":\"导师评阅\",\"score\":80.5,\"timestamp\":\"2025-01-01T05:33:00.814Z\"}','2025-01-01 05:33:00'),(1380,'T2024001','thesis.review.list.view','::1','{\"action\":\"查看论文评阅列表\",\"count\":3,\"timestamp\":\"2025-01-01T05:33:00.854Z\"}','2025-01-01 05:33:00'),(1381,'T2024013','user.login.success','::1','用户 teacher13 登录成功','2025-01-01 05:33:23'),(1382,'T2024013','thesis.review.list.view','::1','{\"action\":\"查看论文评阅列表\",\"count\":2,\"timestamp\":\"2025-01-01T05:33:27.110Z\"}','2025-01-01 05:33:27'),(1383,'T2024013','thesis.review.submit','::1','{\"action\":\"提交论文评阅\",\"student\":\"王芳\",\"thesis\":\"论文提交 v1\",\"type\":\"同行评阅\",\"score\":78.25,\"timestamp\":\"2025-01-01T05:33:37.185Z\"}','2025-01-01 05:33:37'),(1384,'T2024013','thesis.review.list.view','::1','{\"action\":\"查看论文评阅列表\",\"count\":2,\"timestamp\":\"2025-01-01T05:33:37.222Z\"}','2025-01-01 05:33:37'),(1385,'T2024008','user.login.success','::1','用户 teacher8 登录成功','2025-01-01 05:36:38'),(1386,'T2024008','thesis.review.list.view','::1','{\"action\":\"查看论文评阅列表\",\"count\":2,\"timestamp\":\"2025-01-01T05:36:40.599Z\"}','2025-01-01 05:36:40'),(1387,'T2024008','thesis.review.submit','::1','{\"action\":\"提交论文评阅\",\"student\":\"王芳\",\"thesis\":\"论文提交 v1\",\"type\":\"同行评阅\",\"score\":78,\"timestamp\":\"2025-01-01T05:36:46.540Z\"}','2025-01-01 05:36:46'),(1388,'T2024008','thesis.review.list.view','::1','{\"action\":\"查看论文评阅列表\",\"count\":2,\"timestamp\":\"2025-01-01T05:36:46.579Z\"}','2025-01-01 05:36:46'),(1389,'T2024019','user.login.success','::1','用户 teacher19 登录成功','2025-01-01 05:37:02'),(1390,'T2024019','thesis.review.list.view','::1','{\"action\":\"查看论文评阅列表\",\"count\":2,\"timestamp\":\"2025-01-01T05:37:04.081Z\"}','2025-01-01 05:37:04'),(1391,NULL,'trigger.peer_review.debug',NULL,'Trigger called with: stage_type=peer_review, old_status=in_progress, new_status=completed, student_id=S2024084','2025-01-01 05:37:14'),(1392,NULL,'trigger.peer_review.match',NULL,'Conditions matched for student_id: S2024084','2025-01-01 05:37:14'),(1393,NULL,'trigger.peer_review.update',NULL,'Update completed. Rows affected: 1. Student ID: S2024084','2025-01-01 05:37:14'),(1394,'T2024019','thesis.review.submit','::1','{\"action\":\"提交论文评阅\",\"student\":\"王芳\",\"thesis\":\"论文提交 v1\",\"type\":\"同行评阅\",\"score\":83.25,\"timestamp\":\"2025-01-01T05:37:14.584Z\"}','2025-01-01 05:37:14'),(1395,'T2024019','thesis.review.list.view','::1','{\"action\":\"查看论文评阅列表\",\"count\":2,\"timestamp\":\"2025-01-01T05:37:14.628Z\"}','2025-01-01 05:37:14'),(1396,'admin_cs_001','user.login.success','::1','用户 csadmin 登录成功','2025-01-01 05:38:08'),(1397,'admin_cs_001','defense.arrange','::1','创建答辩安排: S2024084','2025-01-01 05:38:47'),(1398,'admin_cs_001','defense.update','::1','更新答辩安排: 3','2025-01-01 05:38:55'),(1399,'T2024001','user.login.success','::1','用户 teacher1 登录成功','2025-01-01 05:42:00'),(1400,'T2024001','thesis.review.list.view','::1','{\"action\":\"查看论文评阅列表\",\"count\":3,\"timestamp\":\"2025-01-01T05:42:02.325Z\"}','2025-01-01 05:42:02'),(1401,'T2024001','defense.score.submit','::1','提交答辩评分: 3','2025-01-01 05:42:18'),(1402,'T2024003','user.login.success','::1','用户 teacher3 登录成功','2025-01-01 05:42:29'),(1403,'T2024003','defense.score.submit','::1','提交答辩评分: 3','2025-01-01 05:42:44'),(1404,'T2024006','user.login.success','::1','用户 teacher6 登录成功','2025-01-01 05:42:51'),(1405,'T2024006','defense.score.submit','::1','提交答辩评分: 3','2025-01-01 05:43:04'),(1406,'T2024008','user.login.success','::1','用户 teacher8 登录成功','2025-01-01 05:44:36'),(1407,'T2024008','defense.score.submit','::1','提交答辩评分: 3','2025-01-01 05:44:49'),(1408,'T2024009','user.login.success','::1','用户 teacher9 登录成功','2025-01-01 05:45:13'),(1409,NULL,'trigger.peer_review.debug',NULL,'Trigger called with: stage_type=defense, old_status=in_progress, new_status=completed, student_id=S2024084','2025-01-01 05:46:35'),(1410,'T2024009','defense.score.submit','::1','提交答辩评分: 3','2025-01-01 05:46:35'),(1411,'S2024084','user.login.success','::1','用户 student84 登录成功','2025-01-01 05:46:44'),(1412,'admin_cs_001','user.login.success','::1','用户 csadmin 登录成功','2025-01-01 05:47:25'),(1413,'admin_ee_001','user.login.success','::1','用户 eeadmin 登录成功','2025-01-01 05:48:11'),(1414,'admin_ee_001','defense.committee.create','::1','创建答辩委员会: 电子信息工程学院答辩委员会','2025-01-01 05:51:41'),(1415,'admin_cs_001','defense.committee.update','::1','更新答辩委员会: 4','2025-01-01 05:52:36'),(1416,'S2024105','user.login.success','::1','用户 student105 登录成功','2025-01-01 06:02:16'),(1417,'G0934587486','user.login.success','::1','用户 方可 登录成功','2025-01-01 06:02:26'),(1418,'S2024105','user.login.success','::1','用户 student105 登录成功','2025-01-01 06:02:42'),(1419,'S2024105','user.login.failed','::1','用户 student105 登录失败：密码错误','2025-01-01 06:04:39'),(1420,'S2024105','user.login.success','::1','用户 student105 登录成功','2025-01-01 06:04:42'),(1421,'S2024105','user.login.success','::1','用户 student105 登录成功','2025-01-01 06:06:24'),(1422,'S2024105','user.login.success','::1','用户 student105 登录成功','2025-01-01 06:10:21'),(1423,'S2024105','user.login.success','::1','用户 student105 登录成功','2025-01-01 06:12:43'),(1424,'S2024105','user.login.success','::1','用户 student105 登录成功','2025-01-01 06:12:54'),(1425,'S2024105','user.login.success','::1','用户 student105 登录成功','2025-01-01 06:13:03'),(1426,'G0934587486','user.login.success','::1','用户 方可 登录成功','2025-01-01 06:13:13'),(1427,'T2024001','user.login.success','::1','用户 teacher1 登录成功','2025-01-01 06:13:29'),(1428,'SA2024001','user.login.success','::1','用户 刘超管 登录成功','2025-01-01 06:20:06'),(1429,'admin_cs_001','user.login.success','::1','用户 csadmin 登录成功','2025-01-01 06:25:49'),(1430,'admin_cs_001','user.login.success','::1','用户 csadmin 登录成功','2025-01-01 06:25:59'),(1431,'G0934587486','user.login.success','::1','用户 方可 登录成功','2025-01-01 09:02:53'),(1432,'G0934587486','user.login.success','::1','用户 方可 登录成功','2025-01-01 09:02:57'),(1433,'SA2024001','user.login.success','::1','用户 刘超管 登录成功','2025-01-01 09:06:05'),(1434,'SA2024001','system.database.backup','::1','{\"message\":\"数据库备份成功\",\"filename\":\"backup-2025-01-01T09-06-08.sql\",\"path\":\"backups\\\\backup-2025-01-01T09-06-08.sql\",\"timestamp\":\"2025-01-01T09:06:09.334Z\"}','2025-01-01 09:06:09'),(1435,'SA2024001','system.database.restore','::1','{\"message\":\"数据库恢复完成\",\"filename\":\"backup-2025-01-01T09-06-08.sql\",\"newDbName\":\"test_graduation_management\",\"backupPath\":\"D:\\\\VSCODE\\\\Graduation Design Management System\\\\backend\\\\backups\\\\backup-2025-01-01T09-06-08.sql\",\"originalDb\":\"graduation_management\",\"timestamp\":\"2025-01-01T09:06:35.367Z\"}','2025-01-01 09:06:35'),(1436,'admin_cs_001','user.login.success','::1','用户 csadmin 登录成功','2025-01-01 09:49:54'),(1437,'S2024117','user.login.success','::1','用户 student117 登录成功','2025-01-01 14:55:18'),(1438,'S2024117','selection.cancel','::1','{\"selection_id\":\"316\",\"topic_title\":\"智能配电房系统\",\"message\":\"取消选题申请\"}','2025-01-01 14:55:24'),(1439,'T2024001','user.login.success','::1','用户 teacher1 登录成功','2025-01-01 16:26:00'),(1440,'admin_cs_001','user.login.success','::1','用户 csadmin 登录成功','2025-01-01 16:26:35'),(1441,'admin_cs_001','user.login.success','::1','用户 csadmin 登录成功','2025-01-01 16:26:44'),(1442,'T2024001','user.login.success','::1','用户 teacher1 登录成功','2025-01-01 16:27:15'),(1443,'admin_cs_001','user.login.success','::1','用户 csadmin 登录成功','2025-01-01 16:27:42'),(1444,'admin_cs_001','topic.status.update','::1','管理员更新选题状态为approved','2025-01-01 16:27:49'),(1445,'S2024117','user.login.success','::1','用户 student117 登录成功','2025-01-01 16:28:01'),(1446,'S2024117','selection.submit','::1','{\"topic_id\":330,\"reason\":\"8888888888\",\"selection_id\":372,\"previous_selections\":0,\"message\":\"提交选题申请\"}','2025-01-01 16:28:19'),(1447,'T2024001','user.login.success','::1','用户 teacher1 登录成功','2025-01-01 16:28:27'),(1448,'T2024001','user.login.success','::1','用户 teacher1 登录成功','2025-01-01 16:28:34'),(1449,'T2024001','topic.selection.approve','::1','{\"selection_id\":\"372\",\"action\":\"通过选题申请\"}','2025-01-01 16:28:39'),(1450,'admin_cs_001','user.login.success','::1','用户 csadmin 登录成功','2025-01-01 16:28:51'),(1451,'admin_cs_001','selection.director.approve.complete','::1','{\"topic_id\":330,\"topic_title\":\"test5\",\"approved_student\":\"李伟\",\"selection_id\":\"372\",\"action\":\"topic_selected\",\"message\":\"题目被选中并完成最终审批，其他申请已自动处理\"}','2025-01-01 16:28:55'),(1452,'admin_cs_001','selection.director.review','::1','{\"selection_id\":\"372\",\"topic_title\":\"test5\",\"student_name\":\"李伟\",\"status\":\"approved\",\"message\":\"系主任通过选题申请\"}','2025-01-01 16:28:55'),(1453,'S2024117','user.login.success','::1','用户 student117 登录成功','2025-01-01 16:29:07'),(1454,'T2024001','user.login.success','::1','用户 teacher1 登录成功','2025-01-01 16:29:52'),(1455,NULL,'trigger.peer_review.debug',NULL,'Trigger called with: stage_type=task_book, old_status=not_started, new_status=in_progress, student_id=S2024117','2025-01-01 16:30:20'),(1456,NULL,'trigger.peer_review.debug',NULL,'Trigger called with: stage_type=task_book, old_status=in_progress, new_status=in_progress, student_id=S2024117','2025-01-01 16:30:25'),(1457,NULL,'trigger.peer_review.debug',NULL,'Trigger called with: stage_type=task_book, old_status=in_progress, new_status=completed, student_id=S2024117','2025-01-01 16:30:25'),(1458,NULL,'trigger.peer_review.debug',NULL,'Trigger called with: stage_type=literature, old_status=in_progress, new_status=in_progress, student_id=S2024117','2025-01-01 16:30:44'),(1459,'S2024117','progress.file.submit','::1','更新literature阶段文件','2025-01-01 16:30:44'),(1460,NULL,'trigger.peer_review.debug',NULL,'Trigger called with: stage_type=literature, old_status=in_progress, new_status=reviewing, student_id=S2024117','2025-01-01 16:30:44'),(1461,'S2024117','progress.update','::1','更新literature阶段状态为reviewing','2025-01-01 16:30:44'),(1462,NULL,'trigger.peer_review.debug',NULL,'Trigger called with: stage_type=literature, old_status=in_progress, new_status=in_progress, student_id=S2024107','2025-01-01 16:31:12'),(1463,'T2024001','literature.review.update','::1','更新文献综述评阅：学生 S2024107, 状态 in_progress, 总分 null','2025-01-01 16:31:12'),(1464,NULL,'trigger.peer_review.debug',NULL,'Trigger called with: stage_type=literature, old_status=in_progress, new_status=completed, student_id=S2024107','2025-01-01 16:31:17'),(1465,'T2024001','literature.review.update','::1','更新文献综述评阅：学生 S2024107, 状态 completed, 总分 null','2025-01-01 16:31:17'),(1466,NULL,'trigger.peer_review.debug',NULL,'Trigger called with: stage_type=proposal, old_status=completed, new_status=in_progress, student_id=S2024107','2025-01-01 16:31:18'),(1467,NULL,'trigger.peer_review.debug',NULL,'Trigger called with: stage_type=literature, old_status=reviewing, new_status=completed, student_id=S2024117','2025-01-01 16:31:31'),(1468,'T2024001','literature.review.update','::1','更新文献综述评阅：学生 S2024117, 状态 completed, 总分 85.75','2025-01-01 16:31:31'),(1469,NULL,'trigger.peer_review.debug',NULL,'Trigger called with: stage_type=literature, old_status=completed, new_status=completed, student_id=S2024107','2025-01-01 16:31:42'),(1470,'T2024001','literature.review.update','::1','更新文献综述评阅：学生 S2024107, 状态 completed, 总分 87.5','2025-01-01 16:31:42'),(1471,NULL,'trigger.peer_review.debug',NULL,'Trigger called with: stage_type=proposal, old_status=in_progress, new_status=in_progress, student_id=S2024117','2025-01-01 16:32:02'),(1472,'S2024117','progress.file.submit','::1','更新proposal阶段文件','2025-01-01 16:32:02'),(1473,NULL,'trigger.peer_review.debug',NULL,'Trigger called with: stage_type=proposal, old_status=in_progress, new_status=reviewing, student_id=S2024117','2025-01-01 16:32:02'),(1474,'S2024117','progress.update','::1','更新proposal阶段状态为reviewing','2025-01-01 16:32:02'),(1475,'T2024001','proposal.list.view','::1','{\"message\":\"教师查看开题报告列表\",\"timestamp\":\"2025-01-01T16:32:15.041Z\"}','2025-01-01 16:32:15'),(1476,'T2024001','proposal.review.submit','::1','{\"proposal_id\":\"8\",\"student_name\":\"李伟\",\"total_score\":83.25,\"status\":\"completed\",\"message\":\"教师完成了学生李伟的开题报告评审\"}','2025-01-01 16:32:32'),(1477,NULL,'trigger.peer_review.debug',NULL,'Trigger called with: stage_type=proposal, old_status=reviewing, new_status=completed, student_id=S2024117','2025-01-01 16:32:32'),(1478,'T2024001','proposal.list.view','::1','{\"message\":\"教师查看开题报告列表\",\"timestamp\":\"2025-01-01T16:32:32.246Z\"}','2025-01-01 16:32:32'),(1479,'T2024001','proposal.review.submit','::1','{\"proposal_id\":\"2\",\"student_name\":\"赵磊\",\"total_score\":\"90.50\",\"status\":\"completed\",\"message\":\"教师完成了学生赵磊的开题报告评审\"}','2025-01-01 16:32:42'),(1480,NULL,'trigger.peer_review.debug',NULL,'Trigger called with: stage_type=proposal, old_status=in_progress, new_status=completed, student_id=S2024107','2025-01-01 16:32:42'),(1481,'T2024001','proposal.list.view','::1','{\"message\":\"教师查看开题报告列表\",\"timestamp\":\"2025-01-01T16:32:42.094Z\"}','2025-01-01 16:32:42'),(1482,NULL,'trigger.peer_review.debug',NULL,'Trigger called with: stage_type=translation, old_status=completed, new_status=in_progress, student_id=S2024107','2025-01-01 16:32:42'),(1483,'T2024001','translation.list.view','::1','{\"message\":\"教师查看外文翻译列表\",\"timestamp\":\"2025-01-01T16:32:54.038Z\"}','2025-01-01 16:32:54'),(1484,NULL,'trigger.peer_review.debug',NULL,'Trigger called with: stage_type=translation, old_status=in_progress, new_status=in_progress, student_id=S2024117','2025-01-01 16:33:18'),(1485,'S2024117','progress.file.submit','::1','更新translation阶段文件','2025-01-01 16:33:18'),(1486,NULL,'trigger.peer_review.debug',NULL,'Trigger called with: stage_type=translation, old_status=in_progress, new_status=reviewing, student_id=S2024117','2025-01-01 16:33:19'),(1487,'S2024117','progress.update','::1','更新translation阶段状态为reviewing','2025-01-01 16:33:19'),(1488,'T2024001','translation.list.view','::1','{\"message\":\"教师查看外文翻译列表\",\"timestamp\":\"2025-01-01T16:33:27.289Z\"}','2025-01-01 16:33:27'),(1489,NULL,'trigger.peer_review.debug',NULL,'Trigger called with: stage_type=translation, old_status=reviewing, new_status=completed, student_id=S2024117','2025-01-01 16:33:43'),(1490,'T2024001','translation.review','::1','{\"translation_id\":\"5\",\"student_name\":\"S2024117\",\"status\":\"completed\",\"total_score\":84.67,\"message\":\"教师完成了学生S2024117的外文翻译评阅\"}','2025-01-01 16:33:43'),(1491,'T2024001','translation.list.view','::1','{\"message\":\"教师查看外文翻译列表\",\"timestamp\":\"2025-01-01T16:33:44.345Z\"}','2025-01-01 16:33:44'),(1492,'T2024001','proposal.list.view','::1','{\"message\":\"教师查看开题报告列表\",\"timestamp\":\"2025-01-01T16:33:51.352Z\"}','2025-01-01 16:33:51'),(1493,'T2024001','proposal.detail.view','::1','{\"proposal_id\":\"2\",\"student_name\":\"赵磊\",\"message\":\"教师查看了学生赵磊的开题报告详情\"}','2025-01-01 16:33:52'),(1494,'T2024001','proposal.detail.view','::1','{\"proposal_id\":\"8\",\"student_name\":\"李伟\",\"message\":\"教师查看了学生李伟的开题报告详情\"}','2025-01-01 16:34:01'),(1495,'T2024001','translation.list.view','::1','{\"message\":\"教师查看外文翻译列表\",\"timestamp\":\"2025-01-01T16:34:22.319Z\"}','2025-01-01 16:34:22'),(1496,'T2024001','midterm.list.view','::1','{\"message\":\"教师查看中期检查列表\",\"timestamp\":\"2025-01-01T16:34:26.329Z\"}','2025-01-01 16:34:26'),(1497,NULL,'trigger.peer_review.debug',NULL,'Trigger called with: stage_type=translation, old_status=completed, new_status=in_progress, student_id=S2024117','2025-01-01 16:34:37'),(1498,'S2024117','progress.file.submit','::1','更新translation阶段文件','2025-01-01 16:34:37'),(1499,NULL,'trigger.peer_review.debug',NULL,'Trigger called with: stage_type=translation, old_status=in_progress, new_status=reviewing, student_id=S2024117','2025-01-01 16:34:37'),(1500,'S2024117','progress.update','::1','更新translation阶段状态为reviewing','2025-01-01 16:34:37'),(1501,'T2024001','translation.list.view','::1','{\"message\":\"教师查看外文翻译列表\",\"timestamp\":\"2025-01-01T16:34:50.056Z\"}','2025-01-01 16:34:50'),(1502,'T2024001','midterm.list.view','::1','{\"message\":\"教师查看中期检查列表\",\"timestamp\":\"2025-01-01T16:35:16.020Z\"}','2025-01-01 16:35:16'),(1503,'T2024001','translation.list.view','::1','{\"message\":\"教师查看外文翻译列表\",\"timestamp\":\"2025-01-01T16:35:18.058Z\"}','2025-01-01 16:35:18'),(1504,NULL,'trigger.peer_review.debug',NULL,'Trigger called with: stage_type=translation, old_status=reviewing, new_status=completed, student_id=S2024117','2025-01-01 16:35:31'),(1505,'T2024001','translation.review','::1','{\"translation_id\":\"5\",\"student_name\":\"S2024117\",\"status\":\"completed\",\"total_score\":78.33,\"message\":\"教师完成了学生S2024117的外文翻译评阅\"}','2025-01-01 16:35:31'),(1506,NULL,'trigger.peer_review.debug',NULL,'Trigger called with: stage_type=midterm, old_status=in_progress, new_status=in_progress, student_id=S2024117','2025-01-01 16:35:31'),(1507,'T2024001','translation.list.view','::1','{\"message\":\"教师查看外文翻译列表\",\"timestamp\":\"2025-01-01T16:35:31.941Z\"}','2025-01-01 16:35:31'),(1508,NULL,'trigger.peer_review.debug',NULL,'Trigger called with: stage_type=midterm, old_status=in_progress, new_status=in_progress, student_id=S2024117','2025-01-01 16:35:48'),(1509,'S2024117','progress.file.submit','::1','更新midterm阶段文件','2025-01-01 16:35:48'),(1510,NULL,'trigger.peer_review.debug',NULL,'Trigger called with: stage_type=midterm, old_status=in_progress, new_status=reviewing, student_id=S2024117','2025-01-01 16:35:48'),(1511,'S2024117','progress.update','::1','更新midterm阶段状态为reviewing','2025-01-01 16:35:48'),(1512,'T2024001','translation.list.view','::1','{\"message\":\"教师查看外文翻译列表\",\"timestamp\":\"2025-01-01T16:35:53.628Z\"}','2025-01-01 16:35:53'),(1513,'T2024001','midterm.list.view','::1','{\"message\":\"教师查看中期检查列表\",\"timestamp\":\"2025-01-01T16:35:55.763Z\"}','2025-01-01 16:35:55'),(1514,NULL,'trigger.peer_review.debug',NULL,'Trigger called with: stage_type=midterm, old_status=reviewing, new_status=in_progress, student_id=S2024117','2025-01-01 16:36:23'),(1515,'S2024117','progress.file.submit','::1','更新midterm阶段文件','2025-01-01 16:36:23'),(1516,NULL,'trigger.peer_review.debug',NULL,'Trigger called with: stage_type=midterm, old_status=in_progress, new_status=reviewing, student_id=S2024117','2025-01-01 16:36:23'),(1517,'S2024117','progress.update','::1','更新midterm阶段状态为reviewing','2025-01-01 16:36:23'),(1518,'T2024001','midterm.list.view','::1','{\"message\":\"教师查看中期检查列表\",\"timestamp\":\"2025-01-01T16:36:32.591Z\"}','2025-01-01 16:36:32'),(1519,NULL,'trigger.peer_review.debug',NULL,'Trigger called with: stage_type=midterm, old_status=reviewing, new_status=completed, student_id=S2024117','2025-01-01 16:37:08'),(1520,'T2024001','midterm.review','::1','{\"midterm_id\":\"7\",\"student_name\":\"李伟\",\"student_id\":\"S2024117\",\"status\":\"completed\",\"total_score\":84.67,\"message\":\"教师完成了中期报告评阅\"}','2025-01-01 16:37:08'),(1521,'T2024001','midterm.list.view','::1','{\"message\":\"教师查看中期检查列表\",\"timestamp\":\"2025-01-01T16:37:08.633Z\"}','2025-01-01 16:37:08'),(1522,'T2024001','midterm.list.view','::1','{\"message\":\"教师查看中期检查列表\",\"timestamp\":\"2025-01-01T16:37:10.953Z\"}','2025-01-01 16:37:10'),(1523,'T2024001','thesis.list.view','::1','{\"action\":\"查看论文确认列表\",\"count\":3,\"timestamp\":\"2025-01-01T16:37:19.927Z\"}','2025-01-01 16:37:19'),(1524,NULL,'trigger.peer_review.debug',NULL,'Trigger called with: stage_type=thesis_submit, old_status=in_progress, new_status=in_progress, student_id=S2024117','2025-01-01 16:37:38'),(1525,'S2024117','progress.file.submit','::1','更新thesis_submit阶段文件','2025-01-01 16:37:38'),(1526,NULL,'trigger.peer_review.debug',NULL,'Trigger called with: stage_type=thesis_submit, old_status=in_progress, new_status=reviewing, student_id=S2024117','2025-01-01 16:37:38'),(1527,'S2024117','progress.update','::1','更新thesis_submit阶段状态为reviewing','2025-01-01 16:37:38'),(1528,'T2024001','thesis.list.view','::1','{\"action\":\"查看论文确认列表\",\"count\":4,\"timestamp\":\"2025-01-01T16:37:54.324Z\"}','2025-01-01 16:37:54'),(1529,NULL,'trigger.peer_review.debug',NULL,'Trigger called with: stage_type=thesis_submit, old_status=reviewing, new_status=completed, student_id=S2024117','2025-01-01 16:38:03'),(1530,'T2024001','thesis.review.update','::1','{\"thesis_id\":\"31\",\"student_id\":\"S2024117\",\"old_status\":\"pending\",\"new_status\":\"approved\",\"timestamp\":\"2025-01-01T16:38:03.354Z\"}','2025-01-01 16:38:03'),(1531,'T2024001','thesis.list.view','::1','{\"action\":\"查看论文确认列表\",\"count\":4,\"timestamp\":\"2025-01-01T16:38:03.372Z\"}','2025-01-01 16:38:03'),(1532,'T2024001','thesis.list.view','::1','{\"action\":\"查看论文确认列表\",\"count\":4,\"timestamp\":\"2025-01-01T16:38:10.920Z\"}','2025-01-01 16:38:10'),(1533,'admin_cs_001','user.login.success','::1','用户 csadmin 登录成功','2025-01-01 16:38:18'),(1534,'admin_cs_001','thesis.assign_reviewers','::1','分配论文评阅人 - 论文ID: 31, 导师评阅: T2024001, 同行评阅: T2024013,T2024019,T2024008','2025-01-01 16:38:32'),(1535,'T2024001','user.login.success','::1','用户 teacher1 登录成功','2025-01-01 16:39:11'),(1536,'T2024001','thesis.review.list.view','::1','{\"action\":\"查看论文评阅列表\",\"count\":4,\"timestamp\":\"2025-01-01T16:39:33.399Z\"}','2025-01-01 16:39:33'),(1537,NULL,'trigger.peer_review.debug',NULL,'Trigger called with: stage_type=advisor_review, old_status=in_progress, new_status=completed, student_id=S2024117','2025-01-01 16:39:40'),(1538,'T2024001','thesis.review.submit','::1','{\"action\":\"提交论文评阅\",\"student\":\"李伟\",\"thesis\":\"论文提交 v1\",\"type\":\"导师评阅\",\"score\":80.5,\"timestamp\":\"2025-01-01T16:39:40.558Z\"}','2025-01-01 16:39:40'),(1539,'T2024001','thesis.review.list.view','::1','{\"action\":\"查看论文评阅列表\",\"count\":4,\"timestamp\":\"2025-01-01T16:39:40.596Z\"}','2025-01-01 16:39:40'),(1540,'T2024003','user.login.success','::1','用户 teacher3 登录成功','2025-01-01 16:39:53'),(1541,'T2024003','thesis.review.list.view','::1','{\"action\":\"查看论文评阅列表\",\"count\":0,\"timestamp\":\"2025-01-01T16:39:59.755Z\"}','2025-01-01 16:39:59'),(1542,'T2024008','user.login.success','::1','用户 teacher8 登录成功','2025-01-01 16:40:13'),(1543,'T2024008','user.login.success','::1','用户 teacher8 登录成功','2025-01-01 16:40:20'),(1544,'T2024008','user.login.success','::1','用户 teacher8 登录成功','2025-01-01 16:40:26'),(1545,'T2024008','thesis.review.list.view','::1','{\"action\":\"查看论文评阅列表\",\"count\":3,\"timestamp\":\"2025-01-01T16:40:29.690Z\"}','2025-01-01 16:40:29'),(1546,'T2024008','thesis.review.submit','::1','{\"action\":\"提交论文评阅\",\"student\":\"李伟\",\"thesis\":\"论文提交 v1\",\"type\":\"同行评阅\",\"score\":83.25,\"timestamp\":\"2025-01-01T16:40:39.977Z\"}','2025-01-01 16:40:39'),(1547,'T2024008','thesis.review.list.view','::1','{\"action\":\"查看论文评阅列表\",\"count\":3,\"timestamp\":\"2025-01-01T16:40:40.017Z\"}','2025-01-01 16:40:40'),(1548,'T2024013','user.login.success','::1','用户 teacher13 登录成功','2025-01-01 16:40:52'),(1549,'T2024013','thesis.review.list.view','::1','{\"action\":\"查看论文评阅列表\",\"count\":3,\"timestamp\":\"2025-01-01T16:40:54.734Z\"}','2025-01-01 16:40:54'),(1550,'T2024013','thesis.review.submit','::1','{\"action\":\"提交论文评阅\",\"student\":\"李伟\",\"thesis\":\"论文提交 v1\",\"type\":\"同行评阅\",\"score\":88.5,\"timestamp\":\"2025-01-01T16:41:03.189Z\"}','2025-01-01 16:41:03'),(1551,'T2024013','thesis.review.list.view','::1','{\"action\":\"查看论文评阅列表\",\"count\":3,\"timestamp\":\"2025-01-01T16:41:03.224Z\"}','2025-01-01 16:41:03'),(1552,'T2024019','user.login.success','::1','用户 teacher19 登录成功','2025-01-01 16:41:11'),(1553,'T2024019','thesis.review.list.view','::1','{\"action\":\"查看论文评阅列表\",\"count\":3,\"timestamp\":\"2025-01-01T16:41:13.141Z\"}','2025-01-01 16:41:13'),(1554,NULL,'trigger.peer_review.debug',NULL,'Trigger called with: stage_type=peer_review, old_status=in_progress, new_status=completed, student_id=S2024117','2025-01-01 16:41:22'),(1555,NULL,'trigger.peer_review.match',NULL,'Conditions matched for student_id: S2024117','2025-01-01 16:41:22'),(1556,NULL,'trigger.peer_review.update',NULL,'Update completed. Rows affected: 1. Student ID: S2024117','2025-01-01 16:41:22'),(1557,'T2024019','thesis.review.submit','::1','{\"action\":\"提交论文评阅\",\"student\":\"李伟\",\"thesis\":\"论文提交 v1\",\"type\":\"同行评阅\",\"score\":83.25,\"timestamp\":\"2025-01-01T16:41:22.422Z\"}','2025-01-01 16:41:22'),(1558,'T2024019','thesis.review.list.view','::1','{\"action\":\"查看论文评阅列表\",\"count\":3,\"timestamp\":\"2025-01-01T16:41:22.457Z\"}','2025-01-01 16:41:22'),(1559,'admin_cs_001','user.login.success','::1','用户 csadmin 登录成功','2025-01-01 16:41:49'),(1560,'admin_cs_001','defense.arrange','::1','创建答辩安排: S2024117','2025-01-01 16:42:19'),(1561,'admin_cs_001','defense.update','::1','更新答辩安排: 4','2025-01-01 16:42:23'),(1562,'T2024001','user.login.success','::1','用户 teacher1 登录成功','2025-01-01 16:43:14'),(1563,'T2024001','defense.score.submit','::1','提交答辩评分: 4','2025-01-01 16:43:26'),(1564,'T2024003','user.login.success','::1','用户 teacher3 登录成功','2025-01-01 16:43:40'),(1565,'T2024003','defense.score.submit','::1','提交答辩评分: 4','2025-01-01 16:43:58'),(1566,'T2024006','user.login.success','::1','用户 teacher6 登录成功','2025-01-01 16:44:08'),(1567,'T2024006','defense.score.submit','::1','提交答辩评分: 4','2025-01-01 16:44:20'),(1568,'T2024008','user.login.success','::1','用户 teacher8 登录成功','2025-01-01 16:44:34'),(1569,'T2024008','defense.score.submit','::1','提交答辩评分: 4','2025-01-01 16:44:48'),(1570,'T2024009','user.login.success','::1','用户 teacher9 登录成功','2025-01-01 16:44:57'),(1571,NULL,'trigger.peer_review.debug',NULL,'Trigger called with: stage_type=defense, old_status=in_progress, new_status=completed, student_id=S2024117','2025-01-01 16:45:10'),(1572,'T2024009','defense.score.submit','::1','提交答辩评分: 4','2025-01-01 16:45:10'),(1573,'G0934587486','user.login.success','::1','用户 方可 登录成功','2025-01-01 16:45:54'),(1574,'T2024001','user.login.success','::1','用户 teacher1 登录成功','2025-01-01 16:46:47'),(1575,'T2024001','user.login.success','::1','用户 teacher1 登录成功','2025-01-01 16:46:54'),(1576,'T2024001','topic.selection.approve','::1','{\"selection_id\":\"225\",\"action\":\"通过选题申请\"}','2025-01-01 16:47:01'),(1577,'T2024001','topic.selection.reject','::1','{\"selection_id\":\"253\",\"reason\":\"123456890\",\"action\":\"拒绝选题申请\"}','2025-01-01 16:47:07'),(1578,'T2024001','thesis.list.view','::1','{\"action\":\"查看论文确认列表\",\"count\":4,\"timestamp\":\"2025-01-01T16:48:24.249Z\"}','2025-01-01 16:48:24'),(1579,'T2024001','thesis.review.list.view','::1','{\"action\":\"查看论文评阅列表\",\"count\":4,\"timestamp\":\"2025-01-01T16:48:26.341Z\"}','2025-01-01 16:48:26'),(1580,'admin_cs_001','user.login.success','::1','用户 csadmin 登录成功','2025-01-01 16:48:51'),(1581,'admin_cs_001','topic.status.update','::1','管理员更新选题状态为approved','2025-01-02 00:08:26'),(1582,'admin_cs_001','user.delete','::1','{\"action\":\"user.delete\",\"targetUser\":{\"userId\":\"S2024225\",\"username\":\"student225\",\"role\":\"student\"},\"operator\":\"csadmin\",\"timestamp\":\"2025-01-02T00:21:17.873Z\"}','2025-01-02 00:21:17'),(1583,'admin_cs_001','user.create','::1','{\"createdBy\":\"admin_cs_001\",\"newUser\":{\"userId\":\"U17357773284066\",\"username\":\"asukfyh\",\"role\":\"guest\",\"department\":\"计算机科学与技术学院\"}}','2025-01-02 00:22:08'),(1584,'admin_cs_001','user.update','::1','{\"action\":\"user.update\",\"targetUser\":\"S2024222\",\"operator\":\"csadmin\",\"changes\":{}}','2025-01-02 00:22:48'),(1585,'admin_cs_001','user.update','::1','{\"action\":\"user.update\",\"targetUser\":\"S2024221\",\"operator\":\"csadmin\",\"changes\":{\"phone\":\"13965915250 -> 13965915251\"}}','2025-01-02 00:23:00'),(1586,'SA2024001','user.login.success','::1','用户 刘超管 登录成功','2025-01-02 00:23:40'),(1587,'SA2024001','user.delete','::1','{\"action\":\"user.delete\",\"targetUser\":{\"userId\":\"A2024006\",\"username\":\"manager6\",\"role\":\"admin\"},\"operator\":\"刘超管\",\"timestamp\":\"2025-01-02T00:24:17.116Z\"}','2025-01-02 00:24:17'),(1588,'SA2024001','system.data.export.start','::1','{\"tables\":[\"defense_arrangements\",\"defense_scores\"],\"format\":\"sql\",\"timestamp\":\"2025-01-02T00:24:51.557Z\",\"status\":\"started\"}','2025-01-02 00:24:51'),(1589,'SA2024001','system.data.export.success','::1','{\"tables\":[\"defense_arrangements\",\"defense_scores\"],\"format\":\"sql\",\"timestamp\":\"2025-01-02T00:24:51.821Z\",\"status\":\"completed\",\"fileSize\":10874,\"tablesCount\":2}','2025-01-02 00:24:51'),(1590,'SA2024001','system.data.export.start','::1','{\"tables\":[\"defense_arrangements\",\"defense_scores\"],\"format\":\"xlsx\",\"timestamp\":\"2025-01-02T00:24:58.785Z\",\"status\":\"started\"}','2025-01-02 00:24:58'),(1591,'SA2024001','system.data.export.success','::1','{\"tables\":[\"defense_arrangements\",\"defense_scores\"],\"format\":\"xlsx\",\"timestamp\":\"2025-01-02T00:24:58.809Z\",\"status\":\"completed\",\"fileSize\":28801,\"tablesCount\":2}','2025-01-02 00:24:58'),(1592,'admin_cs_001','user.login.success','::1','用户 csadmin 登录成功','2025-01-02 00:39:21'),(1593,'admin_cs_001','selection.director.review','::1','{\"selection_id\":\"256\",\"topic_title\":\"智能配电自动化系统\",\"student_name\":\"杨秀英\",\"status\":\"rejected\",\"message\":\"系主任拒绝选题申请\"}','2025-01-02 00:39:31'),(1594,'S2024020','user.login.success','::1','用户 student20 登录成功','2025-01-02 00:40:15'),(1595,'T2024001','user.login.success','::1','用户 teacher1 登录成功','2025-01-02 00:40:37'),(1596,'admin_cs_001','user.login.success','::1','用户 csadmin 登录成功','2025-01-02 00:41:16'),(1597,'admin_cs_001','user.login.success','::1','用户 csadmin 登录成功','2025-01-02 00:41:22'),(1598,'admin_cs_001','topic.status.update','::1','管理员更新选题状态为approved','2025-01-02 00:41:35'),(1599,'admin_cs_001','user.login.failed','::1','用户 csadmin 登录失败：密码错误','2025-01-02 00:41:47'),(1600,'admin_cs_001','user.login.success','::1','用户 csadmin 登录成功','2025-01-02 00:41:57'),(1601,'S2024020','selection.cancel','::1','{\"selection_id\":\"220\",\"topic_title\":\"区块链智能合约安全性分析\",\"message\":\"取消选题申请\"}','2025-01-02 00:42:14'),(1602,'S2024020','selection.submit','::1','{\"topic_id\":331,\"reason\":\"aergbkaligjarae\",\"selection_id\":373,\"previous_selections\":0,\"message\":\"提交选题申请\"}','2025-01-02 00:42:20'),(1603,'T2024001','user.login.success','::1','用户 teacher1 登录成功','2025-01-02 00:42:34'),(1604,'T2024001','topic.selection.approve','::1','{\"selection_id\":\"373\",\"action\":\"通过选题申请\"}','2025-01-02 00:42:37'),(1605,'admin_cs_001','user.login.success','::1','用户 csadmin 登录成功','2025-01-02 00:42:43'),(1606,'admin_cs_001','selection.director.approve.complete','::1','{\"topic_id\":331,\"topic_title\":\"test5\",\"approved_student\":\"张伟\",\"selection_id\":\"373\",\"action\":\"topic_selected\",\"message\":\"题目被选中并完成最终审批，其他申请已自动处理\"}','2025-01-02 00:42:46'),(1607,'admin_cs_001','selection.director.review','::1','{\"selection_id\":\"373\",\"topic_title\":\"test5\",\"student_name\":\"张伟\",\"status\":\"approved\",\"message\":\"系主任通过选题申请\"}','2025-01-02 00:42:46'),(1608,'T2024001','user.login.success','::1','用户 teacher1 登录成功','2025-01-02 00:42:55'),(1609,NULL,'trigger.peer_review.debug',NULL,'Trigger called with: stage_type=task_book, old_status=not_started, new_status=in_progress, student_id=S2024020','2025-01-02 00:43:32'),(1610,NULL,'trigger.peer_review.debug',NULL,'Trigger called with: stage_type=task_book, old_status=in_progress, new_status=in_progress, student_id=S2024020','2025-01-02 00:43:38'),(1611,NULL,'trigger.peer_review.debug',NULL,'Trigger called with: stage_type=task_book, old_status=in_progress, new_status=completed, student_id=S2024020','2025-01-02 00:43:38'),(1612,NULL,'trigger.peer_review.debug',NULL,'Trigger called with: stage_type=literature, old_status=in_progress, new_status=in_progress, student_id=S2024020','2025-01-02 00:44:47'),(1613,'S2024020','progress.file.submit','::1','更新literature阶段文件','2025-01-02 00:44:47'),(1614,NULL,'trigger.peer_review.debug',NULL,'Trigger called with: stage_type=literature, old_status=in_progress, new_status=reviewing, student_id=S2024020','2025-01-02 00:44:47'),(1615,'S2024020','progress.update','::1','更新literature阶段状态为reviewing','2025-01-02 00:44:47'),(1616,NULL,'trigger.peer_review.debug',NULL,'Trigger called with: stage_type=literature, old_status=reviewing, new_status=completed, student_id=S2024020','2025-01-02 00:45:39'),(1617,'T2024001','literature.review.update','::1','更新文献综述评阅：学生 S2024020, 状态 completed, 总分 91','2025-01-02 00:45:39'),(1618,NULL,'trigger.peer_review.debug',NULL,'Trigger called with: stage_type=literature, old_status=completed, new_status=completed, student_id=S2024020','2025-01-02 00:46:21'),(1619,'T2024001','literature.review.update','::1','更新文献综述评阅：学生 S2024020, 状态 completed, 总分 null','2025-01-02 00:46:21'),(1620,NULL,'trigger.peer_review.debug',NULL,'Trigger called with: stage_type=literature, old_status=completed, new_status=completed, student_id=S2024020','2025-01-02 00:46:38'),(1621,'T2024001','literature.review.update','::1','更新文献综述评阅：学生 S2024020, 状态 completed, 总分 86.5','2025-01-02 00:46:38'),(1622,NULL,'trigger.peer_review.debug',NULL,'Trigger called with: stage_type=proposal, old_status=in_progress, new_status=in_progress, student_id=S2024020','2025-01-02 00:49:06'),(1623,'S2024020','progress.file.submit','::1','更新proposal阶段文件','2025-01-02 00:49:06'),(1624,NULL,'trigger.peer_review.debug',NULL,'Trigger called with: stage_type=proposal, old_status=in_progress, new_status=reviewing, student_id=S2024020','2025-01-02 00:49:06'),(1625,'S2024020','progress.update','::1','更新proposal阶段状态为reviewing','2025-01-02 00:49:06'),(1626,'T2024001','proposal.list.view','::1','{\"message\":\"教师查看开题报告列表\",\"timestamp\":\"2025-01-02T00:49:19.372Z\"}','2025-01-02 00:49:19'),(1627,'T2024001','proposal.detail.view','::1','{\"proposal_id\":\"9\",\"student_name\":\"张伟\",\"message\":\"教师查看了学生张伟的开题报告详情\"}','2025-01-02 00:49:22'),(1628,NULL,'trigger.peer_review.debug',NULL,'Trigger called with: stage_type=proposal, old_status=reviewing, new_status=in_progress, student_id=S2024020','2025-01-02 00:52:26'),(1629,'S2024020','progress.file.submit','::1','更新proposal阶段文件','2025-01-02 00:52:26'),(1630,NULL,'trigger.peer_review.debug',NULL,'Trigger called with: stage_type=proposal, old_status=in_progress, new_status=reviewing, student_id=S2024020','2025-01-02 00:52:26'),(1631,'S2024020','progress.update','::1','更新proposal阶段状态为reviewing','2025-01-02 00:52:26'),(1632,'T2024001','proposal.list.view','::1','{\"message\":\"教师查看开题报告列表\",\"timestamp\":\"2025-01-02T00:52:32.134Z\"}','2025-01-02 00:52:32'),(1633,NULL,'trigger.peer_review.debug',NULL,'Trigger called with: stage_type=proposal, old_status=reviewing, new_status=reviewing, student_id=S2024020','2025-01-02 00:53:30'),(1634,NULL,'trigger.peer_review.debug',NULL,'Trigger called with: stage_type=proposal, old_status=reviewing, new_status=in_progress, student_id=S2024020','2025-01-02 00:53:46'),(1635,'S2024020','progress.file.submit','::1','更新proposal阶段文件','2025-01-02 00:53:46'),(1636,NULL,'trigger.peer_review.debug',NULL,'Trigger called with: stage_type=proposal, old_status=in_progress, new_status=reviewing, student_id=S2024020','2025-01-02 00:53:46'),(1637,'S2024020','progress.update','::1','更新proposal阶段状态为reviewing','2025-01-02 00:53:46'),(1638,'T2024001','proposal.list.view','::1','{\"message\":\"教师查看开题报告列表\",\"timestamp\":\"2025-01-02T00:54:03.460Z\"}','2025-01-02 00:54:03'),(1639,'T2024001','proposal.detail.view','::1','{\"proposal_id\":\"9\",\"student_name\":\"张伟\",\"message\":\"教师查看了学生张伟的开题报告详情\"}','2025-01-02 00:54:07'),(1640,'T2024001','proposal.review.submit','::1','{\"proposal_id\":\"9\",\"student_name\":\"张伟\",\"total_score\":80.5,\"status\":\"completed\",\"message\":\"教师完成了学生张伟的开题报告评审\"}','2025-01-02 00:54:23'),(1641,NULL,'trigger.peer_review.debug',NULL,'Trigger called with: stage_type=proposal, old_status=reviewing, new_status=completed, student_id=S2024020','2025-01-02 00:54:23'),(1642,'T2024001','proposal.list.view','::1','{\"message\":\"教师查看开题报告列表\",\"timestamp\":\"2025-01-02T00:54:23.073Z\"}','2025-01-02 00:54:23'),(1643,NULL,'trigger.peer_review.debug',NULL,'Trigger called with: stage_type=translation, old_status=in_progress, new_status=in_progress, student_id=S2024020','2025-01-02 00:54:50'),(1644,'S2024020','progress.file.submit','::1','更新translation阶段文件','2025-01-02 00:54:50'),(1645,NULL,'trigger.peer_review.debug',NULL,'Trigger called with: stage_type=translation, old_status=in_progress, new_status=reviewing, student_id=S2024020','2025-01-02 00:54:50'),(1646,'S2024020','progress.update','::1','更新translation阶段状态为reviewing','2025-01-02 00:54:50'),(1647,'T2024001','translation.list.view','::1','{\"message\":\"教师查看外文翻译列表\",\"timestamp\":\"2025-01-02T00:55:00.424Z\"}','2025-01-02 00:55:00'),(1648,NULL,'trigger.peer_review.debug',NULL,'Trigger called with: stage_type=translation, old_status=reviewing, new_status=completed, student_id=S2024020','2025-01-02 00:55:17'),(1649,'T2024001','translation.review','::1','{\"translation_id\":\"6\",\"student_name\":\"S2024020\",\"status\":\"completed\",\"total_score\":78.33,\"message\":\"教师完成了学生S2024020的外文翻译评阅\"}','2025-01-02 00:55:17'),(1650,'T2024001','translation.list.view','::1','{\"message\":\"教师查看外文翻译列表\",\"timestamp\":\"2025-01-02T00:55:18.429Z\"}','2025-01-02 00:55:18'),(1651,NULL,'trigger.peer_review.debug',NULL,'Trigger called with: stage_type=translation, old_status=completed, new_status=in_progress, student_id=S2024020','2025-01-02 00:55:34'),(1652,'S2024020','progress.file.submit','::1','更新translation阶段文件','2025-01-02 00:55:34'),(1653,NULL,'trigger.peer_review.debug',NULL,'Trigger called with: stage_type=translation, old_status=in_progress, new_status=reviewing, student_id=S2024020','2025-01-02 00:55:34'),(1654,'S2024020','progress.update','::1','更新translation阶段状态为reviewing','2025-01-02 00:55:34'),(1655,'T2024001','translation.list.view','::1','{\"message\":\"教师查看外文翻译列表\",\"timestamp\":\"2025-01-02T00:56:29.760Z\"}','2025-01-02 00:56:29'),(1656,'T2024001','translation.list.view','::1','{\"message\":\"教师查看外文翻译列表\",\"timestamp\":\"2025-01-02T01:03:07.121Z\"}','2025-01-02 01:03:07'),(1657,NULL,'trigger.peer_review.debug',NULL,'Trigger called with: stage_type=translation, old_status=reviewing, new_status=completed, student_id=S2024020','2025-01-02 01:03:18'),(1658,NULL,'trigger.peer_review.debug',NULL,'Trigger called with: stage_type=midterm, old_status=in_progress, new_status=in_progress, student_id=S2024020','2025-01-02 01:03:18'),(1659,'T2024001','translation.list.view','::1','{\"message\":\"教师查看外文翻译列表\",\"timestamp\":\"2025-01-02T01:03:18.777Z\"}','2025-01-02 01:03:18'),(1660,'T2024001','translation.list.view','::1','{\"message\":\"教师查看外文翻译列表\",\"timestamp\":\"2025-01-02T01:03:28.416Z\"}','2025-01-02 01:03:28'),(1661,'T2024001','midterm.list.view','::1','{\"message\":\"教师查看中期检查列表\",\"timestamp\":\"2025-01-02T01:04:13.384Z\"}','2025-01-02 01:04:13'),(1662,NULL,'trigger.peer_review.debug',NULL,'Trigger called with: stage_type=midterm, old_status=in_progress, new_status=in_progress, student_id=S2024020','2025-01-02 01:06:42'),(1663,'S2024020','progress.file.submit','::1','更新midterm阶段文件','2025-01-02 01:06:42'),(1664,NULL,'trigger.peer_review.debug',NULL,'Trigger called with: stage_type=midterm, old_status=in_progress, new_status=reviewing, student_id=S2024020','2025-01-02 01:06:42'),(1665,'S2024020','progress.update','::1','更新midterm阶段状态为reviewing','2025-01-02 01:06:42'),(1666,'T2024001','midterm.list.view','::1','{\"message\":\"教师查看中期检查列表\",\"timestamp\":\"2025-01-02T01:07:00.936Z\"}','2025-01-02 01:07:00'),(1667,NULL,'trigger.peer_review.debug',NULL,'Trigger called with: stage_type=midterm, old_status=reviewing, new_status=completed, student_id=S2024020','2025-01-02 01:07:25'),(1668,'T2024001','midterm.review','::1','{\"midterm_id\":\"8\",\"student_name\":\"张伟\",\"student_id\":\"S2024020\",\"status\":\"completed\",\"total_score\":81.67,\"message\":\"教师完成了中期报告评阅\"}','2025-01-02 01:07:25'),(1669,'T2024001','midterm.list.view','::1','{\"message\":\"教师查看中期检查列表\",\"timestamp\":\"2025-01-02T01:07:25.282Z\"}','2025-01-02 01:07:25'),(1670,NULL,'trigger.peer_review.debug',NULL,'Trigger called with: stage_type=thesis_submit, old_status=in_progress, new_status=in_progress, student_id=S2024020','2025-01-02 01:07:41'),(1671,'S2024020','progress.file.submit','::1','更新thesis_submit阶段文件','2025-01-02 01:07:41'),(1672,NULL,'trigger.peer_review.debug',NULL,'Trigger called with: stage_type=thesis_submit, old_status=in_progress, new_status=reviewing, student_id=S2024020','2025-01-02 01:07:41'),(1673,'S2024020','progress.update','::1','更新thesis_submit阶段状态为reviewing','2025-01-02 01:07:41'),(1674,'T2024001','thesis.list.view','::1','{\"action\":\"查看论文确认列表\",\"count\":5,\"timestamp\":\"2025-01-02T01:08:06.216Z\"}','2025-01-02 01:08:06'),(1675,NULL,'trigger.peer_review.debug',NULL,'Trigger called with: stage_type=thesis_submit, old_status=reviewing, new_status=completed, student_id=S2024020','2025-01-02 01:08:13'),(1676,'T2024001','thesis.review.update','::1','{\"thesis_id\":\"32\",\"student_id\":\"S2024020\",\"old_status\":\"pending\",\"new_status\":\"approved\",\"timestamp\":\"2025-01-02T01:08:13.811Z\"}','2025-01-02 01:08:13'),(1677,'T2024001','thesis.list.view','::1','{\"action\":\"查看论文确认列表\",\"count\":5,\"timestamp\":\"2025-01-02T01:08:13.823Z\"}','2025-01-02 01:08:13'),(1678,'admin_cs_001','user.login.success','::1','用户 csadmin 登录成功','2025-01-02 01:08:33'),(1679,'admin_cs_001','thesis.assign_reviewers','::1','分配论文评阅人 - 论文ID: 32, 导师评阅: T2024001, 同行评阅: T2024019,T2024013,T2024020','2025-01-02 01:08:47'),(1680,'T2024001','user.login.success','::1','用户 teacher1 登录成功','2025-01-02 01:08:59'),(1681,'T2024001','thesis.review.list.view','::1','{\"action\":\"查看论文评阅列表\",\"count\":5,\"timestamp\":\"2025-01-02T01:09:24.546Z\"}','2025-01-02 01:09:24'),(1682,NULL,'trigger.peer_review.debug',NULL,'Trigger called with: stage_type=advisor_review, old_status=in_progress, new_status=completed, student_id=S2024020','2025-01-02 01:09:35'),(1683,'T2024001','thesis.review.submit','::1','{\"action\":\"提交论文评阅\",\"student\":\"张伟\",\"thesis\":\"论文提交 v1\",\"type\":\"导师评阅\",\"score\":82,\"timestamp\":\"2025-01-02T01:09:35.882Z\"}','2025-01-02 01:09:35'),(1684,'T2024001','thesis.review.list.view','::1','{\"action\":\"查看论文评阅列表\",\"count\":5,\"timestamp\":\"2025-01-02T01:09:35.917Z\"}','2025-01-02 01:09:35'),(1685,'S2024020','user.login.success','::1','用户 student20 登录成功','2025-01-02 01:11:22'),(1686,'T2024013','user.login.success','::1','用户 teacher13 登录成功','2025-01-02 01:11:42'),(1687,'T2024013','thesis.review.list.view','::1','{\"action\":\"查看论文评阅列表\",\"count\":4,\"timestamp\":\"2025-01-02T01:11:45.861Z\"}','2025-01-02 01:11:45'),(1688,'T2024013','thesis.review.submit','::1','{\"action\":\"提交论文评阅\",\"student\":\"张伟\",\"thesis\":\"论文提交 v1\",\"type\":\"同行评阅\",\"score\":80.75,\"timestamp\":\"2025-01-02T01:11:54.202Z\"}','2025-01-02 01:11:54'),(1689,'T2024013','thesis.review.list.view','::1','{\"action\":\"查看论文评阅列表\",\"count\":4,\"timestamp\":\"2025-01-02T01:11:54.249Z\"}','2025-01-02 01:11:54'),(1690,'T2024019','user.login.success','::1','用户 teacher19 登录成功','2025-01-02 01:12:05'),(1691,'T2024019','thesis.review.list.view','::1','{\"action\":\"查看论文评阅列表\",\"count\":4,\"timestamp\":\"2025-01-02T01:12:08.653Z\"}','2025-01-02 01:12:08'),(1692,'T2024019','thesis.review.submit','::1','{\"action\":\"提交论文评阅\",\"student\":\"张伟\",\"thesis\":\"论文提交 v1\",\"type\":\"同行评阅\",\"score\":80,\"timestamp\":\"2025-01-02T01:13:29.984Z\"}','2025-01-02 01:13:29'),(1693,'T2024019','thesis.review.list.view','::1','{\"action\":\"查看论文评阅列表\",\"count\":4,\"timestamp\":\"2025-01-02T01:13:30.021Z\"}','2025-01-02 01:13:30'),(1694,'T2024020','user.login.success','::1','用户 teacher20 登录成功','2025-01-02 01:13:40'),(1695,'T2024020','thesis.review.list.view','::1','{\"action\":\"查看论文评阅列表\",\"count\":1,\"timestamp\":\"2025-01-02T01:14:00.270Z\"}','2025-01-02 01:14:00'),(1696,NULL,'trigger.peer_review.debug',NULL,'Trigger called with: stage_type=peer_review, old_status=in_progress, new_status=completed, student_id=S2024020','2025-01-02 01:14:07'),(1697,NULL,'trigger.peer_review.match',NULL,'Conditions matched for student_id: S2024020','2025-01-02 01:14:07'),(1698,NULL,'trigger.peer_review.update',NULL,'Update completed. Rows affected: 1. Student ID: S2024020','2025-01-02 01:14:07'),(1699,'T2024020','thesis.review.submit','::1','{\"action\":\"提交论文评阅\",\"student\":\"张伟\",\"thesis\":\"论文提交 v1\",\"type\":\"同行评阅\",\"score\":83,\"timestamp\":\"2025-01-02T01:14:07.561Z\"}','2025-01-02 01:14:07'),(1700,'T2024020','thesis.review.list.view','::1','{\"action\":\"查看论文评阅列表\",\"count\":1,\"timestamp\":\"2025-01-02T01:14:07.593Z\"}','2025-01-02 01:14:07'),(1701,'admin_cs_001','user.login.success','::1','用户 csadmin 登录成功','2025-01-02 01:16:43'),(1702,'admin_cs_001','defense.arrange','::1','创建答辩安排: S2024020','2025-01-02 01:17:42'),(1703,'admin_cs_001','defense.update','::1','更新答辩安排: 5','2025-01-02 01:17:45'),(1704,'T2024001','user.login.success','::1','用户 teacher1 登录成功','2025-01-02 01:18:27'),(1705,'T2024001','thesis.review.list.view','::1','{\"action\":\"查看论文评阅列表\",\"count\":5,\"timestamp\":\"2025-01-02T01:18:41.215Z\"}','2025-01-02 01:18:41'),(1706,'T2024001','defense.score.submit','::1','提交答辩评分: 5','2025-01-02 01:22:29'),(1707,'T2024003','user.login.success','::1','用户 teacher3 登录成功','2025-01-02 01:22:46'),(1708,'T2024003','thesis.review.list.view','::1','{\"action\":\"查看论文评阅列表\",\"count\":0,\"timestamp\":\"2025-01-02T01:22:48.740Z\"}','2025-01-02 01:22:48'),(1709,'T2024003','defense.score.submit','::1','提交答辩评分: 5','2025-01-02 01:23:12'),(1710,'T2024006','user.login.success','::1','用户 teacher6 登录成功','2025-01-02 01:23:26'),(1711,'T2024006','defense.score.submit','::1','提交答辩评分: 5','2025-01-02 01:24:22'),(1712,'T2024008','user.login.success','::1','用户 teacher8 登录成功','2025-01-02 01:24:59'),(1713,'T2024008','defense.score.submit','::1','提交答辩评分: 5','2025-01-02 01:25:17'),(1714,'T2024009','user.login.failed','::1','用户 teacher9 登录失败：密码错误','2025-01-02 01:25:35'),(1715,'T2024009','user.login.success','::1','用户 teacher9 登录成功','2025-01-02 01:25:43'),(1716,NULL,'trigger.peer_review.debug',NULL,'Trigger called with: stage_type=defense, old_status=in_progress, new_status=completed, student_id=S2024020','2025-01-02 01:25:58'),(1717,'T2024009','defense.score.submit','::1','提交答辩评分: 5','2025-01-02 01:25:58'),(1718,'T2024001','user.login.failed','::1','用户 teacher1 登录失败：密码错误','2025-01-02 01:28:00'),(1719,'T2024001','user.login.success','::1','用户 teacher1 登录成功','2025-01-02 01:28:09'),(1720,'S2024127','user.login.success','::1','用户 student127 登录成功','2025-01-02 01:37:49'),(1721,'S2024127','selection.cancel','::1','{\"selection_id\":\"326\",\"topic_title\":\"智能变电站系统\",\"message\":\"取消选题申请\"}','2025-01-02 01:38:36'),(1722,'S2024127','selection.submit','::1','{\"topic_id\":6,\"reason\":\"1234589000\",\"selection_id\":374,\"previous_selections\":0,\"message\":\"提交选题申请\"}','2025-01-02 01:38:46'),(1723,'T2024008','user.login.success','::1','用户 teacher8 登录成功','2025-01-02 01:39:13'),(1724,'T2024008','topic.selection.approve','::1','{\"selection_id\":\"374\",\"action\":\"通过选题申请\"}','2025-01-02 01:39:36'),(1725,'admin_cs_001','user.login.success','::1','用户 csadmin 登录成功','2025-01-02 01:39:49'),(1726,'admin_cs_001','selection.director.approve.complete','::1','{\"topic_id\":6,\"topic_title\":\"分布式系统性能优化研究\",\"approved_student\":\"王秀英\",\"selection_id\":\"374\",\"action\":\"topic_selected\",\"message\":\"题目被选中并完成最终审批，其他申请已自动处理\"}','2025-01-02 01:39:55'),(1727,'admin_cs_001','selection.director.review','::1','{\"selection_id\":\"374\",\"topic_title\":\"分布式系统性能优化研究\",\"student_name\":\"王秀英\",\"status\":\"approved\",\"message\":\"系主任通过选题申请\"}','2025-01-02 01:39:55'),(1728,'T2024008','user.login.success','::1','用户 teacher8 登录成功','2025-01-02 01:40:13'),(1729,NULL,'trigger.peer_review.debug',NULL,'Trigger called with: stage_type=task_book, old_status=not_started, new_status=in_progress, student_id=S2024127','2025-01-02 01:40:32'),(1730,NULL,'trigger.peer_review.debug',NULL,'Trigger called with: stage_type=task_book, old_status=in_progress, new_status=in_progress, student_id=S2024127','2025-01-02 01:40:38'),(1731,NULL,'trigger.peer_review.debug',NULL,'Trigger called with: stage_type=task_book, old_status=in_progress, new_status=completed, student_id=S2024127','2025-01-02 01:40:38'),(1732,NULL,'trigger.peer_review.debug',NULL,'Trigger called with: stage_type=literature, old_status=in_progress, new_status=in_progress, student_id=S2024127','2025-01-02 01:41:16'),(1733,'S2024127','progress.file.submit','::1','更新literature阶段文件','2025-01-02 01:41:16'),(1734,NULL,'trigger.peer_review.debug',NULL,'Trigger called with: stage_type=literature, old_status=in_progress, new_status=reviewing, student_id=S2024127','2025-01-02 01:41:16'),(1735,'S2024127','progress.update','::1','更新literature阶段状态为reviewing','2025-01-02 01:41:16'),(1736,NULL,'trigger.peer_review.debug',NULL,'Trigger called with: stage_type=literature, old_status=reviewing, new_status=completed, student_id=S2024127','2025-01-02 01:41:51'),(1737,'T2024008','literature.review.update','::1','更新文献综述评阅：学生 S2024127, 状态 completed, 总分 85.5','2025-01-02 01:41:51'),(1738,NULL,'trigger.peer_review.debug',NULL,'Trigger called with: stage_type=proposal, old_status=in_progress, new_status=in_progress, student_id=S2024127','2025-01-02 01:42:32'),(1739,'S2024127','progress.file.submit','::1','更新proposal阶段文件','2025-01-02 01:42:32'),(1740,NULL,'trigger.peer_review.debug',NULL,'Trigger called with: stage_type=proposal, old_status=in_progress, new_status=reviewing, student_id=S2024127','2025-01-02 01:42:32'),(1741,'S2024127','progress.update','::1','更新proposal阶段状态为reviewing','2025-01-02 01:42:32'),(1742,'T2024008','proposal.list.view','::1','{\"message\":\"教师查看开题报告列表\",\"timestamp\":\"2025-01-02T01:43:10.320Z\"}','2025-01-02 01:43:10'),(1743,'T2024001','user.login.success','::1','用户 teacher1 登录成功','2025-01-02 01:45:06'),(1744,'S2024107','user.login.success','::1','用户 student107 登录成功','2025-01-02 01:45:22'),(1745,'T2024001','translation.list.view','::1','{\"message\":\"教师查看外文翻译列表\",\"timestamp\":\"2025-01-02T01:45:47.774Z\"}','2025-01-02 01:45:47'),(1746,'S2024104','user.login.success','::1','用户 student104 登录成功','2025-01-02 01:46:22'),(1747,'T2024008','user.login.success','::1','用户 teacher8 登录成功','2025-01-02 01:46:57'),(1748,'T2024008','thesis.review.list.view','::1','{\"action\":\"查看论文评阅列表\",\"count\":3,\"timestamp\":\"2025-01-02T01:47:04.282Z\"}','2025-01-02 01:47:04'),(1749,'S2024127','user.login.success','::1','用户 student127 登录成功','2025-01-02 01:47:17'),(1750,NULL,'trigger.peer_review.debug',NULL,'Trigger called with: stage_type=proposal, old_status=reviewing, new_status=in_progress, student_id=S2024127','2025-01-02 01:47:27'),(1751,'S2024127','progress.file.submit','::1','更新proposal阶段文件','2025-01-02 01:47:27'),(1752,NULL,'trigger.peer_review.debug',NULL,'Trigger called with: stage_type=proposal, old_status=in_progress, new_status=reviewing, student_id=S2024127','2025-01-02 01:47:27'),(1753,'S2024127','progress.update','::1','更新proposal阶段状态为reviewing','2025-01-02 01:47:27'),(1754,'T2024008','proposal.list.view','::1','{\"message\":\"教师查看开题报告列表\",\"timestamp\":\"2025-01-02T01:47:30.957Z\"}','2025-01-02 01:47:30'),(1755,'T2024008','proposal.review.submit','::1','{\"proposal_id\":\"10\",\"student_name\":\"王秀英\",\"total_score\":85.25,\"status\":\"completed\",\"message\":\"教师完成了学生王秀英的开题报告评审\"}','2025-01-02 01:47:49'),(1756,NULL,'trigger.peer_review.debug',NULL,'Trigger called with: stage_type=proposal, old_status=reviewing, new_status=completed, student_id=S2024127','2025-01-02 01:47:49'),(1757,'T2024008','proposal.list.view','::1','{\"message\":\"教师查看开题报告列表\",\"timestamp\":\"2025-01-02T01:47:49.622Z\"}','2025-01-02 01:47:49'),(1758,NULL,'trigger.peer_review.debug',NULL,'Trigger called with: stage_type=translation, old_status=in_progress, new_status=in_progress, student_id=S2024127','2025-01-02 01:48:01'),(1759,'S2024127','progress.file.submit','::1','更新translation阶段文件','2025-01-02 01:48:01'),(1760,NULL,'trigger.peer_review.debug',NULL,'Trigger called with: stage_type=translation, old_status=in_progress, new_status=reviewing, student_id=S2024127','2025-01-02 01:48:01'),(1761,'S2024127','progress.update','::1','更新translation阶段状态为reviewing','2025-01-02 01:48:01'),(1762,'T2024008','translation.list.view','::1','{\"message\":\"教师查看外文翻译列表\",\"timestamp\":\"2025-01-02T01:48:04.527Z\"}','2025-01-02 01:48:04'),(1763,'T2024008','translation.list.view','::1','{\"message\":\"教师查看外文翻译列表\",\"timestamp\":\"2025-01-02T01:48:09.534Z\"}','2025-01-02 01:48:09'),(1764,NULL,'trigger.peer_review.debug',NULL,'Trigger called with: stage_type=translation, old_status=reviewing, new_status=completed, student_id=S2024127','2025-01-02 01:48:20'),(1765,'T2024008','translation.list.view','::1','{\"message\":\"教师查看外文翻译列表\",\"timestamp\":\"2025-01-02T01:48:20.836Z\"}','2025-01-02 01:48:20'),(1766,NULL,'trigger.peer_review.debug',NULL,'Trigger called with: stage_type=midterm, old_status=in_progress, new_status=in_progress, student_id=S2024127','2025-01-02 01:48:28'),(1767,'S2024127','progress.file.submit','::1','更新midterm阶段文件','2025-01-02 01:48:28'),(1768,NULL,'trigger.peer_review.debug',NULL,'Trigger called with: stage_type=midterm, old_status=in_progress, new_status=reviewing, student_id=S2024127','2025-01-02 01:48:28'),(1769,'S2024127','progress.update','::1','更新midterm阶段状态为reviewing','2025-01-02 01:48:28'),(1770,'T2024008','midterm.list.view','::1','{\"message\":\"教师查看中期检查列表\",\"timestamp\":\"2025-01-02T01:48:31.304Z\"}','2025-01-02 01:48:31'),(1771,NULL,'trigger.peer_review.debug',NULL,'Trigger called with: stage_type=midterm, old_status=reviewing, new_status=completed, student_id=S2024127','2025-01-02 01:48:45'),(1772,'T2024008','midterm.review','::1','{\"midterm_id\":\"9\",\"student_name\":\"王秀英\",\"student_id\":\"S2024127\",\"status\":\"completed\",\"total_score\":81.67,\"message\":\"教师完成了中期报告评阅\"}','2025-01-02 01:48:45'),(1773,'T2024008','midterm.list.view','::1','{\"message\":\"教师查看中期检查列表\",\"timestamp\":\"2025-01-02T01:48:45.640Z\"}','2025-01-02 01:48:45'),(1774,NULL,'trigger.peer_review.debug',NULL,'Trigger called with: stage_type=thesis_submit, old_status=in_progress, new_status=in_progress, student_id=S2024127','2025-01-02 01:48:54'),(1775,'S2024127','progress.file.submit','::1','更新thesis_submit阶段文件','2025-01-02 01:48:54'),(1776,NULL,'trigger.peer_review.debug',NULL,'Trigger called with: stage_type=thesis_submit, old_status=in_progress, new_status=reviewing, student_id=S2024127','2025-01-02 01:48:54'),(1777,'S2024127','progress.update','::1','更新thesis_submit阶段状态为reviewing','2025-01-02 01:48:54'),(1778,'T2024008','thesis.list.view','::1','{\"action\":\"查看论文确认列表\",\"count\":1,\"timestamp\":\"2025-01-02T01:48:57.716Z\"}','2025-01-02 01:48:57'),(1779,NULL,'trigger.peer_review.debug',NULL,'Trigger called with: stage_type=thesis_submit, old_status=reviewing, new_status=completed, student_id=S2024127','2025-01-02 01:49:01'),(1780,'T2024008','thesis.review.update','::1','{\"thesis_id\":\"33\",\"student_id\":\"S2024127\",\"old_status\":\"pending\",\"new_status\":\"approved\",\"timestamp\":\"2025-01-02T01:49:01.625Z\"}','2025-01-02 01:49:01'),(1781,'T2024008','thesis.list.view','::1','{\"action\":\"查看论文确认列表\",\"count\":1,\"timestamp\":\"2025-01-02T01:49:01.643Z\"}','2025-01-02 01:49:01'),(1782,'admin_cs_001','user.login.success','::1','用户 csadmin 登录成功','2025-01-02 01:49:21'),(1783,'admin_cs_001','thesis.assign_reviewers','::1','分配论文评阅人 - 论文ID: 33, 导师评阅: T2024008, 同行评阅: T2024001,T2024013,T2024019','2025-01-02 01:49:46'),(1784,'T2024008','user.login.failed','::1','用户 teacher8 登录失败：密码错误','2025-01-02 01:50:10'),(1785,'T2024008','user.login.success','::1','用户 teacher8 登录成功','2025-01-02 01:50:16'),(1786,'T2024008','thesis.review.list.view','::1','{\"action\":\"查看论文评阅列表\",\"count\":4,\"timestamp\":\"2025-01-02T01:50:19.482Z\"}','2025-01-02 01:50:19'),(1787,'T2024001','user.login.success','::1','用户 teacher1 登录成功','2025-01-02 01:50:43'),(1788,'T2024001','thesis.review.list.view','::1','{\"action\":\"查看论文评阅列表\",\"count\":6,\"timestamp\":\"2025-01-02T01:50:45.400Z\"}','2025-01-02 01:50:45'),(1789,NULL,'trigger.peer_review.debug',NULL,'Trigger called with: stage_type=advisor_review, old_status=in_progress, new_status=completed, student_id=S2024127','2025-01-02 01:50:59'),(1790,'T2024008','thesis.review.submit','::1','{\"action\":\"提交论文评阅\",\"student\":\"王秀英\",\"thesis\":\"论文提交 v1\",\"type\":\"导师评阅\",\"score\":85.75,\"timestamp\":\"2025-01-02T01:50:59.121Z\"}','2025-01-02 01:50:59'),(1791,'T2024008','thesis.review.list.view','::1','{\"action\":\"查看论文评阅列表\",\"count\":4,\"timestamp\":\"2025-01-02T01:50:59.162Z\"}','2025-01-02 01:50:59'),(1792,'T2024001','thesis.review.list.view','::1','{\"action\":\"查看论文评阅列表\",\"count\":6,\"timestamp\":\"2025-01-02T01:51:02.659Z\"}','2025-01-02 01:51:02'),(1793,'T2024001','thesis.review.submit','::1','{\"action\":\"提交论文评阅\",\"student\":\"王秀英\",\"thesis\":\"论文提交 v1\",\"type\":\"同行评阅\",\"score\":80.5,\"timestamp\":\"2025-01-02T01:51:18.438Z\"}','2025-01-02 01:51:18'),(1794,'T2024001','thesis.review.list.view','::1','{\"action\":\"查看论文评阅列表\",\"count\":6,\"timestamp\":\"2025-01-02T01:51:18.479Z\"}','2025-01-02 01:51:18'),(1795,'T2024013','user.login.success','::1','用户 teacher13 登录成功','2025-01-02 01:51:27'),(1796,'T2024013','thesis.review.list.view','::1','{\"action\":\"查看论文评阅列表\",\"count\":5,\"timestamp\":\"2025-01-02T01:51:30.266Z\"}','2025-01-02 01:51:30'),(1797,'T2024013','thesis.review.submit','::1','{\"action\":\"提交论文评阅\",\"student\":\"王秀英\",\"thesis\":\"论文提交 v1\",\"type\":\"同行评阅\",\"score\":88.75,\"timestamp\":\"2025-01-02T01:51:37.181Z\"}','2025-01-02 01:51:37'),(1798,'T2024013','thesis.review.list.view','::1','{\"action\":\"查看论文评阅列表\",\"count\":5,\"timestamp\":\"2025-01-02T01:51:37.217Z\"}','2025-01-02 01:51:37'),(1799,'T2024019','user.login.success','::1','用户 teacher19 登录成功','2025-01-02 01:51:45'),(1800,'T2024019','thesis.review.list.view','::1','{\"action\":\"查看论文评阅列表\",\"count\":5,\"timestamp\":\"2025-01-02T01:51:47.559Z\"}','2025-01-02 01:51:47'),(1801,NULL,'trigger.peer_review.debug',NULL,'Trigger called with: stage_type=peer_review, old_status=in_progress, new_status=completed, student_id=S2024127','2025-01-02 01:51:52'),(1802,NULL,'trigger.peer_review.match',NULL,'Conditions matched for student_id: S2024127','2025-01-02 01:51:52'),(1803,NULL,'trigger.peer_review.update',NULL,'Update completed. Rows affected: 1. Student ID: S2024127','2025-01-02 01:51:52'),(1804,'T2024019','thesis.review.submit','::1','{\"action\":\"提交论文评阅\",\"student\":\"王秀英\",\"thesis\":\"论文提交 v1\",\"type\":\"同行评阅\",\"score\":87.75,\"timestamp\":\"2025-01-02T01:51:52.669Z\"}','2025-01-02 01:51:52'),(1805,'T2024019','thesis.review.list.view','::1','{\"action\":\"查看论文评阅列表\",\"count\":5,\"timestamp\":\"2025-01-02T01:51:52.710Z\"}','2025-01-02 01:51:52'),(1806,'S2024127','user.login.success','::1','用户 student127 登录成功','2025-01-02 01:52:01'),(1807,'admin_cs_001','user.login.success','::1','用户 csadmin 登录成功','2025-01-02 01:52:38'),(1808,'admin_cs_001','defense.arrange','::1','创建答辩安排: S2024127','2025-01-02 01:53:26'),(1809,'T2024001','user.login.failed','::1','用户 teacher1 登录失败：密码错误','2025-01-02 01:54:08'),(1810,'T2024001','user.login.success','::1','用户 teacher1 登录成功','2025-01-02 01:54:14'),(1811,'T2024003','user.login.success','::1','用户 teacher3 登录成功','2025-01-02 01:55:13'),(1812,'SA2024001','user.login.success','::1','用户 刘超管 登录成功','2025-01-02 01:56:38'),(1813,'SA2024001','user.delete','::1','{\"action\":\"user.delete\",\"targetUser\":{\"userId\":\"A2024004\",\"username\":\"manager4\",\"role\":\"admin\"},\"operator\":\"刘超管\",\"timestamp\":\"2025-01-02T01:56:59.818Z\"}','2025-01-02 01:56:59'),(1814,'SA2024001','user.update','::1','{\"action\":\"user.update\",\"targetUser\":\"A2024005\",\"operator\":\"刘超管\",\"changes\":{\"phone\":\"13988752689 -> 13988752688\"}}','2025-01-02 01:57:07');
/*!40000 ALTER TABLE `system_logs` ENABLE KEYS */;
UNLOCK TABLES;
DROP TABLE IF EXISTS `system_messages`;
/*!40101 SET @saved_cs_client     = @@character_set_client */;
/*!50503 SET character_set_client = utf8mb4 */;
CREATE TABLE `system_messages` (
  `message_id` int NOT NULL AUTO_INCREMENT,
  `title` varchar(100) NOT NULL,
  `content` text NOT NULL,
  `type` enum('notice','warning','error') DEFAULT 'notice',
  `status` enum('active','archived') DEFAULT 'active',
  `created_at` timestamp NULL DEFAULT CURRENT_TIMESTAMP,
  `created_by` varchar(20) DEFAULT NULL,
  `priority` enum('low','medium','high') DEFAULT 'medium',
  `expires_at` timestamp NULL DEFAULT NULL,
  PRIMARY KEY (`message_id`),
  KEY `created_by` (`created_by`),
  KEY `idx_message_status_priority` (`status`,`priority`),
  CONSTRAINT `system_messages_ibfk_1` FOREIGN KEY (`created_by`) REFERENCES `users` (`user_id`)
) ENGINE=InnoDB AUTO_INCREMENT=14 DEFAULT CHARSET=utf8mb4 COLLATE=utf8mb4_0900_ai_ci;
/*!40101 SET character_set_client = @saved_cs_client */;

LOCK TABLES `system_messages` WRITE;
/*!40000 ALTER TABLE `system_messages` DISABLE KEYS */;
INSERT INTO `system_messages` VALUES (1,'系统升级通知','系统将于今晚进行升级维护','notice','active','2024-12-10 03:49:24','SA2024001','medium',NULL),(2,'安全警告','发现异常登录尝试','warning','active','2024-12-10 03:49:24','SA2024001','medium',NULL),(3,'系统错误','数据库连接异常','error','active','2024-12-10 03:49:24','SA2024001','medium',NULL),(4,'功能更新','新增论文查重功能','notice','active','2024-12-10 03:49:24','SA2024001','medium',NULL),(11,'系统更新通知','系统将于今晚进行维护更新','notice','active','2024-12-10 03:55:10','SA2024001','medium',NULL),(12,'安全提醒','请注意账号安全','warning','active','2024-12-10 03:55:10','SA2024001','medium',NULL),(13,'功能更新','新增论文查重功能','notice','active','2024-12-10 03:55:10','SA2024001','medium',NULL);
/*!40000 ALTER TABLE `system_messages` ENABLE KEYS */;
UNLOCK TABLES;
DROP TABLE IF EXISTS `task_assignments`;
/*!40101 SET @saved_cs_client     = @@character_set_client */;
/*!50503 SET character_set_client = utf8mb4 */;
CREATE TABLE `task_assignments` (
  `task_id` int NOT NULL AUTO_INCREMENT,
  `teacher_id` varchar(20) NOT NULL,
  `student_id` varchar(20) NOT NULL,
  `topic_id` int DEFAULT NULL,
  `selection_id` int DEFAULT NULL,
  `title` varchar(200) NOT NULL,
  `content` text NOT NULL,
  `requirements` text,
  `deadline` datetime DEFAULT NULL,
  `status` enum('draft','published','completed') DEFAULT 'draft',
  `created_at` datetime DEFAULT CURRENT_TIMESTAMP,
  `updated_at` datetime DEFAULT CURRENT_TIMESTAMP ON UPDATE CURRENT_TIMESTAMP,
  PRIMARY KEY (`task_id`),
  KEY `teacher_id` (`teacher_id`),
  KEY `student_id` (`student_id`),
  KEY `topic_id` (`topic_id`),
  KEY `selection_id` (`selection_id`),
  CONSTRAINT `task_assignments_ibfk_1` FOREIGN KEY (`teacher_id`) REFERENCES `users` (`user_id`),
  CONSTRAINT `task_assignments_ibfk_2` FOREIGN KEY (`student_id`) REFERENCES `users` (`user_id`),
  CONSTRAINT `task_assignments_ibfk_3` FOREIGN KEY (`topic_id`) REFERENCES `topics` (`topic_id`),
  CONSTRAINT `task_assignments_ibfk_4` FOREIGN KEY (`selection_id`) REFERENCES `topic_selections` (`selection_id`)
) ENGINE=InnoDB AUTO_INCREMENT=35 DEFAULT CHARSET=utf8mb4 COLLATE=utf8mb4_0900_ai_ci;
/*!40101 SET character_set_client = @saved_cs_client */;

LOCK TABLES `task_assignments` WRITE;
/*!40000 ALTER TABLE `task_assignments` DISABLE KEYS */;
INSERT INTO `task_assignments` VALUES (6,'T2024012','S2024005',3,205,'智能物联网家居系统开发','1. 研究背景和意义分析\n2. 关键技术研究与实现\n3. 智能物联网家居系统开发的设计与开发\n4. 系统测试与性能优化','1. 按时完成各阶段任务\n2. 撰写规范的开发文档\n3. 定期汇报项目进度\n4. 完成系统的部署与测试','2024-06-30 23:59:59','draft','2024-12-16 15:09:52','2024-12-16 15:09:52'),(7,'T2024015','S2024016',8,216,'大数据分析平台设计与实现','1. 研究背景和意义分析\n2. 关键技术研究与实现\n3. 大数据分析平台设计与实现的设计与开发\n4. 系统测试与性能优化','1. 按时完成各阶段任务\n2. 撰写规范的开发文档\n3. 定期汇报项目进度\n4. 完成系统的部署与测试','2024-06-30 23:59:59','draft','2024-12-16 15:09:52','2024-12-16 15:09:52'),(8,'T2024020','S2024022',11,221,'移动边缘计算研究与应用','1. 研究背景和意义分析\n2. 关键技术研究与实现\n3. 移动边缘计算研究与应用的设计与开发\n4. 系统测试与性能优化','1. 按时完成各阶段任务\n2. 撰写规范的开发文档\n3. 定期汇报项目进度\n4. 完成系统的部署与测试','2024-06-30 23:59:59','draft','2024-12-16 15:09:52','2024-12-16 15:09:52'),(9,'T2024006','S2024046',23,245,'智能家居语音交互系统','1. 研究背景和意义分析\n2. 关键技术研究与实现\n3. 智能家居语音交互系统的设计与开发\n4. 系统测试与性能优化','1. 按时完成各阶段任务\n2. 撰写规范的开发文档\n3. 定期汇报项目进度\n4. 完成系统的部署与测试','2024-06-30 07:59:59','draft','2024-12-16 15:09:52','2024-12-16 15:13:22'),(10,'T2024012','S2024051',201,250,'智慧社区服务系统','1. 研究背景和意义分析\n2. 关键技术研究与实现\n3. 智慧社区服务系统的设计与开发\n4. 系统测试与性能优化','1. 按时完成各阶段任务\n2. 撰写规范的开发文档\n3. 定期汇报项目进度\n4. 完成系统的部署与测试','2024-06-30 23:59:59','draft','2024-12-16 15:09:52','2024-12-16 15:09:52'),(11,'T2024006','S2024200',311,350,'5G通信中的人工智能应用研究','1. 研究背景和意义分析\n2. 关键技术研究与实现\n3. 5G通信中的人工智能应用研究的设计与开发\n4. 系统测试与性能优化','1. 按时完成各阶段任务\n2. 撰写规范的开发文档\n3. 定期汇报项目进度\n4. 完成系统的部署与测试','2024-06-30 23:59:59','draft','2024-12-16 15:09:52','2024-12-16 15:09:52'),(12,'T2024006','S2024201',302,363,'基于深度学习的图像识别系统设计与实现','1. 研究背景和意义分析\n2. 关键技术研究与实现\n3. 基于深度学习的图像识别系统设计与实现的设计与开发\n4. 系统测试与性能优化','1. 按时完成各阶段任务\n2. 撰写规范的开发文档\n3. 定期汇报项目进度\n4. 完成系统的部署与测试','2024-06-30 23:59:59','draft','2024-12-16 15:09:52','2024-12-16 15:09:52'),(13,'T2024006','S2024104',239,365,'智能招聘系统开发','1. 研究背景和意义分析\n2. 关键技术研究与实现\n3. 智能招聘系统开发的设计与开发\n4. 系统测试与性能优化','1. 按时完成各阶段任务\n2. 撰写规范的开发文档\n3. 定期汇报项目进度\n4. 完成系统的部署与测试','2024-06-30 23:59:59','published','2024-12-16 15:09:52','2024-12-16 15:30:15'),(22,'T2024017','S2024105',255,304,'test2','shaoduvnauavae','fsadhuiaf','2024-03-20 23:59:59','completed','2024-12-16 17:16:25','2024-12-30 14:39:02'),(27,'T2024001','S2024107',327,366,'test1任务书书','01234567899','12345678900','2025-01-06 14:50:17','completed','2024-12-30 14:50:17','2024-12-31 17:22:58'),(29,'T2024013','S2024114',2,367,'毕业设计任务书','请填写任务书内容','请按要求完成任务书','2025-01-07 13:24:36','published','2024-12-31 13:24:36','2024-12-31 13:26:01'),(30,'T2024001','S2024115',328,368,'毕业设计任务书_test3','1234567890','1111111111','2025-01-07 13:51:22','completed','2024-12-31 13:51:22','2024-12-31 13:53:51'),(31,'T2024001','S2024084',329,371,'毕业设计任务书_test3','99999999999','argliarahuligoRG','2025-01-07 17:20:09','completed','2024-12-31 17:20:09','2024-12-31 17:23:29'),(32,'T2024001','S2024117',330,372,'毕业设计任务书_test5','1234568790','请按要求完成任务书1234567980','2025-01-09 00:28:55','completed','2025-01-02 00:28:55','2025-01-02 00:30:25'),(33,'T2024001','S2024020',331,373,'毕业设计任务书_test5','请填写任务书内容123','请按要求完成任务书456','2025-01-09 08:42:46','completed','2025-01-02 08:42:46','2025-01-02 08:43:38'),(34,'T2024008','S2024127',6,374,'毕业设计任务书_分布式','请填写任务书内容123','请按要求完成任务书456','2025-01-09 09:39:55','completed','2025-01-02 09:39:55','2025-01-02 09:40:38');
/*!40000 ALTER TABLE `task_assignments` ENABLE KEYS */;
UNLOCK TABLES;
/*!50003 SET @saved_cs_client      = @@character_set_client */ ;
/*!50003 SET @saved_cs_results     = @@character_set_results */ ;
/*!50003 SET @saved_col_connection = @@collation_connection */ ;
/*!50003 SET character_set_client  = utf8mb4 */ ;
/*!50003 SET character_set_results = utf8mb4 */ ;
/*!50003 SET collation_connection  = utf8mb4_0900_ai_ci */ ;
/*!50003 SET @saved_sql_mode       = @@sql_mode */ ;
/*!50003 SET sql_mode              = 'ONLY_FULL_GROUP_BY,STRICT_TRANS_TABLES,NO_ZERO_IN_DATE,NO_ZERO_DATE,ERROR_FOR_DIVISION_BY_ZERO,NO_ENGINE_SUBSTITUTION' */ ;
DELIMITER ;;
/*!50003 CREATE*/ /*!50017 DEFINER=`root`@`localhost`*/ /*!50003 TRIGGER `update_progress_on_task_update` AFTER UPDATE ON `task_assignments` FOR EACH ROW BEGIN
    -- 当任务书被更新时（不需要检查具体字段）
    IF NEW.updated_at != OLD.updated_at THEN
        -- 只更新对应的进度记录状态为 in_progress
        UPDATE progress_records
        SET status = 'in_progress',
            deadline = NEW.deadline,
            updated_at = NOW()
        WHERE student_id = NEW.student_id
        AND stage_type = 'task_book';
    END IF;
END */;;
DELIMITER ;
/*!50003 SET sql_mode              = @saved_sql_mode */ ;
/*!50003 SET character_set_client  = @saved_cs_client */ ;
/*!50003 SET character_set_results = @saved_cs_results */ ;
/*!50003 SET collation_connection  = @saved_col_connection */ ;
DROP TABLE IF EXISTS `thesis_review_details`;
/*!40101 SET @saved_cs_client     = @@character_set_client */;
/*!50503 SET character_set_client = utf8mb4 */;
CREATE TABLE `thesis_review_details` (
  `id` int NOT NULL AUTO_INCREMENT,
  `assignment_id` int NOT NULL COMMENT '关联thesis_reviews_assignment表的ID',
  `score_innovation` decimal(5,2) DEFAULT NULL COMMENT '创新性评分',
  `score_quality` decimal(5,2) DEFAULT NULL COMMENT '质量评分',
  `score_workload` decimal(5,2) DEFAULT NULL COMMENT '工作量评分',
  `score_writing` decimal(5,2) DEFAULT NULL COMMENT '写作水平评分',
  `total_score` decimal(5,2) DEFAULT NULL COMMENT '总评分',
  `review_comments` text COMMENT '评阅意见',
  `review_time` datetime DEFAULT NULL COMMENT '评阅时间',
  `created_at` datetime DEFAULT CURRENT_TIMESTAMP,
  `updated_at` datetime DEFAULT CURRENT_TIMESTAMP ON UPDATE CURRENT_TIMESTAMP,
  PRIMARY KEY (`id`),
  KEY `assignment_id` (`assignment_id`),
  CONSTRAINT `thesis_review_details_ibfk_1` FOREIGN KEY (`assignment_id`) REFERENCES `thesis_reviews_assignment` (`id`) ON DELETE CASCADE
) ENGINE=InnoDB AUTO_INCREMENT=33 DEFAULT CHARSET=utf8mb4 COLLATE=utf8mb4_0900_ai_ci COMMENT='论文评阅详情表';
/*!40101 SET character_set_client = @saved_cs_client */;

LOCK TABLES `thesis_review_details` WRITE;
/*!40000 ALTER TABLE `thesis_review_details` DISABLE KEYS */;
INSERT INTO `thesis_review_details` VALUES (9,9,58.00,100.00,56.00,89.00,75.75,'gdhfjgkhjhgdtxhck','2024-12-29 20:38:18','2024-12-29 20:38:18','2024-12-29 20:38:18'),(10,10,85.00,54.00,35.00,86.00,65.00,'代发染色体答复看过，j','2024-12-29 20:47:36','2024-12-29 20:47:36','2024-12-29 20:47:36'),(11,11,45.00,56.00,78.00,54.00,58.25,'sglnsjtgkstrj','2024-12-29 20:48:20','2024-12-29 20:48:20','2024-12-29 20:48:20'),(12,12,78.00,56.00,78.00,65.00,69.25,'6451615sdkagusinhl','2024-12-29 20:48:46','2024-12-29 20:48:46','2024-12-29 20:48:46'),(13,13,98.00,95.00,90.00,86.00,92.25,'1234568790','2024-12-30 19:27:10','2024-12-30 19:27:10','2024-12-30 19:27:10'),(14,14,89.00,98.00,78.00,86.00,87.75,'9999999990','2024-12-30 19:42:30','2024-12-30 19:42:30','2024-12-30 19:42:30'),(15,15,89.00,78.00,65.00,89.00,80.25,'8888888800','2024-12-30 19:43:23','2024-12-30 19:43:23','2024-12-30 19:43:23'),(16,16,89.00,78.00,86.00,80.00,83.25,'7777777770','2024-12-30 19:43:49','2024-12-30 19:43:49','2024-12-30 19:43:49'),(17,17,78.00,98.00,68.00,78.00,80.50,'ssgdligluialiae','2025-01-01 13:33:00','2025-01-01 13:33:00','2025-01-01 13:33:00'),(18,18,68.00,89.00,78.00,78.00,78.25,'gljkgshiagruiaruia','2025-01-01 13:33:37','2025-01-01 13:33:37','2025-01-01 13:33:37'),(19,19,98.00,68.00,78.00,68.00,78.00,'sfkhafhreluieleg','2025-01-01 13:36:46','2025-01-01 13:36:46','2025-01-01 13:36:46'),(20,20,87.00,100.00,78.00,68.00,83.25,'dslsgdhlseloeargre','2025-01-01 13:37:14','2025-01-01 13:37:14','2025-01-01 13:37:14'),(21,21,89.00,87.00,68.00,78.00,80.50,'rlihafhlairfgwagjae','2025-01-02 00:39:40','2025-01-02 00:39:40','2025-01-02 00:39:40'),(22,24,89.00,78.00,68.00,98.00,83.25,'1234567890','2025-01-02 00:40:39','2025-01-02 00:40:39','2025-01-02 00:40:39'),(23,22,78.00,98.00,100.00,78.00,88.50,'96sfkjlsauliglearg','2025-01-02 00:41:03','2025-01-02 00:41:03','2025-01-02 00:41:03'),(24,23,78.00,100.00,87.00,68.00,83.25,'fishahriguialejlage','2025-01-02 00:41:22','2025-01-02 00:41:22','2025-01-02 00:41:22'),(25,25,78.00,98.00,66.00,86.00,82.00,'adkghlaerlgaerjogieagj','2025-01-02 09:09:35','2025-01-02 09:09:35','2025-01-02 09:09:35'),(26,27,78.00,68.00,99.00,78.00,80.75,'dfrkgiaghljaeigiae','2025-01-02 09:11:54','2025-01-02 09:11:54','2025-01-02 09:11:54'),(27,26,89.00,88.00,66.00,77.00,80.00,'frkygahgoliaejgr','2025-01-02 09:13:29','2025-01-02 09:13:29','2025-01-02 09:13:29'),(28,28,88.00,77.00,89.00,78.00,83.00,'glhieguaejglaoi','2025-01-02 09:14:07','2025-01-02 09:14:07','2025-01-02 09:14:07'),(29,29,78.00,87.00,100.00,78.00,85.75,'rfliarlfargjoare','2025-01-02 09:50:59','2025-01-02 09:50:59','2025-01-02 09:50:59'),(30,30,78.00,98.00,78.00,68.00,80.50,'fgralhigaraglralg','2025-01-02 09:51:18','2025-01-02 09:51:18','2025-01-02 09:51:18'),(31,31,89.00,78.00,88.00,100.00,88.75,'frahligareog','2025-01-02 09:51:37','2025-01-02 09:51:37','2025-01-02 09:51:37'),(32,32,88.00,99.00,78.00,86.00,87.75,'fkarulghaeoaeitglre','2025-01-02 09:51:52','2025-01-02 09:51:52','2025-01-02 09:51:52');
/*!40000 ALTER TABLE `thesis_review_details` ENABLE KEYS */;
UNLOCK TABLES;
DROP TABLE IF EXISTS `thesis_reviews_assignment`;
/*!40101 SET @saved_cs_client     = @@character_set_client */;
/*!50503 SET character_set_client = utf8mb4 */;
CREATE TABLE `thesis_reviews_assignment` (
  `id` int NOT NULL AUTO_INCREMENT,
  `student_id` varchar(50) NOT NULL COMMENT '学生ID',
  `reviewer_id` varchar(20) NOT NULL COMMENT '评阅人ID',
  `review_type` enum('advisor','peer') NOT NULL COMMENT '评阅类型：导师评阅/同行评阅',
  `status` enum('pending','completed') DEFAULT 'pending' COMMENT '评阅状态',
  `assigned_at` datetime DEFAULT CURRENT_TIMESTAMP COMMENT '分配时间',
  `completed_at` datetime DEFAULT NULL COMMENT '完成时间',
  `created_at` datetime DEFAULT CURRENT_TIMESTAMP,
  `updated_at` datetime DEFAULT CURRENT_TIMESTAMP ON UPDATE CURRENT_TIMESTAMP,
  PRIMARY KEY (`id`),
  KEY `student_id` (`student_id`),
  KEY `reviewer_id` (`reviewer_id`),
  CONSTRAINT `thesis_reviews_assignment_ibfk_1` FOREIGN KEY (`student_id`) REFERENCES `students` (`student_id`) ON DELETE CASCADE,
  CONSTRAINT `thesis_reviews_assignment_ibfk_2` FOREIGN KEY (`reviewer_id`) REFERENCES `users` (`user_id`)
) ENGINE=InnoDB AUTO_INCREMENT=33 DEFAULT CHARSET=utf8mb4 COLLATE=utf8mb4_0900_ai_ci COMMENT='论文评阅分配表';
/*!40101 SET character_set_client = @saved_cs_client */;

LOCK TABLES `thesis_reviews_assignment` WRITE;
/*!40000 ALTER TABLE `thesis_reviews_assignment` DISABLE KEYS */;
INSERT INTO `thesis_reviews_assignment` VALUES (9,'S2024105','T2024017','advisor','completed','2024-12-29 17:03:44','2024-12-29 20:38:18','2024-12-29 17:03:44','2024-12-29 20:38:18'),(10,'S2024105','T2024001','peer','completed','2024-12-29 17:03:44','2024-12-29 20:47:36','2024-12-29 17:03:44','2024-12-29 20:47:36'),(11,'S2024105','T2024013','peer','completed','2024-12-29 17:03:44','2024-12-29 20:48:20','2024-12-29 17:03:44','2024-12-29 20:48:20'),(12,'S2024105','T2024019','peer','completed','2024-12-29 17:03:44','2024-12-29 20:48:46','2024-12-29 17:03:44','2024-12-29 20:48:46'),(13,'S2024107','T2024001','advisor','completed','2024-12-30 19:17:53','2024-12-30 19:27:10','2024-12-30 19:17:53','2024-12-30 19:27:10'),(14,'S2024107','T2024002','peer','completed','2024-12-30 19:17:53','2024-12-30 19:42:30','2024-12-30 19:17:53','2024-12-30 19:42:30'),(15,'S2024107','T2024008','peer','completed','2024-12-30 19:17:53','2024-12-30 19:43:23','2024-12-30 19:17:53','2024-12-30 19:43:23'),(16,'S2024107','T2024026','peer','completed','2024-12-30 19:17:53','2024-12-30 19:43:49','2024-12-30 19:17:53','2024-12-30 19:43:49'),(17,'S2024084','T2024001','advisor','completed','2025-01-01 13:32:30','2025-01-01 13:33:00','2025-01-01 13:32:30','2025-01-01 13:33:00'),(18,'S2024084','T2024013','peer','completed','2025-01-01 13:32:30','2025-01-01 13:33:37','2025-01-01 13:32:30','2025-01-01 13:33:37'),(19,'S2024084','T2024008','peer','completed','2025-01-01 13:32:30','2025-01-01 13:36:46','2025-01-01 13:32:30','2025-01-01 13:36:46'),(20,'S2024084','T2024019','peer','completed','2025-01-01 13:32:30','2025-01-01 13:37:14','2025-01-01 13:32:30','2025-01-01 13:37:14'),(21,'S2024117','T2024001','advisor','completed','2025-01-02 00:38:32','2025-01-02 00:39:40','2025-01-02 00:38:32','2025-01-02 00:39:40'),(22,'S2024117','T2024013','peer','completed','2025-01-02 00:38:32','2025-01-02 00:41:03','2025-01-02 00:38:32','2025-01-02 00:41:03'),(23,'S2024117','T2024019','peer','completed','2025-01-02 00:38:32','2025-01-02 00:41:22','2025-01-02 00:38:32','2025-01-02 00:41:22'),(24,'S2024117','T2024008','peer','completed','2025-01-02 00:38:32','2025-01-02 00:40:39','2025-01-02 00:38:32','2025-01-02 00:40:39'),(25,'S2024020','T2024001','advisor','completed','2025-01-02 09:08:47','2025-01-02 09:09:35','2025-01-02 09:08:47','2025-01-02 09:09:35'),(26,'S2024020','T2024019','peer','completed','2025-01-02 09:08:47','2025-01-02 09:13:29','2025-01-02 09:08:47','2025-01-02 09:13:29'),(27,'S2024020','T2024013','peer','completed','2025-01-02 09:08:47','2025-01-02 09:11:54','2025-01-02 09:08:47','2025-01-02 09:11:54'),(28,'S2024020','T2024020','peer','completed','2025-01-02 09:08:47','2025-01-02 09:14:07','2025-01-02 09:08:47','2025-01-02 09:14:07'),(29,'S2024127','T2024008','advisor','completed','2025-01-02 09:49:46','2025-01-02 09:50:59','2025-01-02 09:49:46','2025-01-02 09:50:59'),(30,'S2024127','T2024001','peer','completed','2025-01-02 09:49:46','2025-01-02 09:51:18','2025-01-02 09:49:46','2025-01-02 09:51:18'),(31,'S2024127','T2024013','peer','completed','2025-01-02 09:49:46','2025-01-02 09:51:37','2025-01-02 09:49:46','2025-01-02 09:51:37'),(32,'S2024127','T2024019','peer','completed','2025-01-02 09:49:46','2025-01-02 09:51:52','2025-01-02 09:49:46','2025-01-02 09:51:52');
/*!40000 ALTER TABLE `thesis_reviews_assignment` ENABLE KEYS */;
UNLOCK TABLES;
DROP TABLE IF EXISTS `thesis_submissions`;
/*!40101 SET @saved_cs_client     = @@character_set_client */;
/*!50503 SET character_set_client = utf8mb4 */;
CREATE TABLE `thesis_submissions` (
  `id` int NOT NULL AUTO_INCREMENT,
  `student_id` varchar(50) NOT NULL COMMENT '学生ID',
  `advisor_id` varchar(20) DEFAULT NULL COMMENT '指导教师ID',
  `version` int NOT NULL DEFAULT '1' COMMENT '提交版本',
  `file_url` varchar(255) NOT NULL COMMENT '论文文件URL',
  `file_size` int DEFAULT NULL COMMENT '文件大小(KB)',
  `title` varchar(255) NOT NULL COMMENT '论文标题',
  `keywords` varchar(255) DEFAULT NULL COMMENT '关键词',
  `abstract` text COMMENT '摘要',
  `status` enum('submitted','advisor_reviewing','advisor_rejected','advisor_approved','review_assigned','reviewing','completed','revision_needed') DEFAULT 'submitted' COMMENT '状态',
  `advisor_review_status` enum('pending','reviewing','rejected','approved') DEFAULT 'pending' COMMENT '导师审核状态',
  `advisor_review_time` datetime DEFAULT NULL COMMENT '导师审核时间',
  `advisor_review_comments` text COMMENT '导师审核意见',
  `advisor_approval_time` datetime DEFAULT NULL COMMENT '导师确认时间',
  `advisor_comments` text COMMENT '导师意见',
  `submit_time` datetime DEFAULT CURRENT_TIMESTAMP COMMENT '提交时间',
  `created_at` datetime DEFAULT CURRENT_TIMESTAMP,
  `updated_at` datetime DEFAULT CURRENT_TIMESTAMP ON UPDATE CURRENT_TIMESTAMP,
  PRIMARY KEY (`id`),
  KEY `student_id` (`student_id`),
  KEY `advisor_id` (`advisor_id`),
  CONSTRAINT `thesis_submissions_ibfk_1` FOREIGN KEY (`student_id`) REFERENCES `students` (`student_id`) ON DELETE CASCADE,
  CONSTRAINT `thesis_submissions_ibfk_2` FOREIGN KEY (`advisor_id`) REFERENCES `users` (`user_id`)
) ENGINE=InnoDB AUTO_INCREMENT=34 DEFAULT CHARSET=utf8mb4 COLLATE=utf8mb4_0900_ai_ci COMMENT='论文提交记录表';
/*!40101 SET character_set_client = @saved_cs_client */;

LOCK TABLES `thesis_submissions` WRITE;
/*!40000 ALTER TABLE `thesis_submissions` DISABLE KEYS */;
INSERT INTO `thesis_submissions` VALUES (3,'S2024105',NULL,3,'uploads/thesis_submit/S2024105_thesis_submit.docx',18975,'论文提交 v3',NULL,NULL,'completed','approved','2024-12-29 13:57:32',NULL,NULL,'fgdshfjgk','2024-12-28 23:07:26','2024-12-28 23:07:26','2024-12-29 21:17:07'),(8,'S2024107',NULL,1,'uploads/thesis_submit/S2024107_thesis_submit.pdf',361026,'论文提交 v1',NULL,NULL,'completed','approved','2024-12-30 19:17:05',NULL,NULL,'1234567890','2024-12-30 17:27:18','2024-12-30 17:27:18','2024-12-30 19:43:49'),(20,'S2024115',NULL,1,'uploads/thesis_submit/S2024115_thesis_submit.pdf',361026,'论文提交 v1',NULL,NULL,'advisor_approved','approved','2024-12-31 14:20:44',NULL,NULL,'1234567890','2024-12-31 14:18:56','2024-12-31 14:18:56','2024-12-31 14:20:44'),(30,'S2024084',NULL,1,'uploads/thesis_submit/S2024084_thesis_submit.pdf',647680,'论文提交 v1',NULL,NULL,'completed','approved','2025-01-01 13:31:49',NULL,NULL,'1234567890','2025-01-01 13:29:40','2025-01-01 13:29:40','2025-01-01 13:37:14'),(31,'S2024117',NULL,1,'uploads/thesis_submit/S2024117_thesis_submit.pdf',361026,'论文提交 v1',NULL,NULL,'completed','approved','2025-01-02 00:38:03',NULL,NULL,'1234567890','2025-01-02 00:37:38','2025-01-02 00:37:38','2025-01-02 00:41:22'),(32,'S2024020',NULL,1,'uploads/thesis_submit/S2024020_thesis_submit.pdf',647680,'论文提交 v1',NULL,NULL,'completed','approved','2025-01-02 09:08:13',NULL,NULL,'123456870','2025-01-02 09:07:41','2025-01-02 09:07:41','2025-01-02 09:14:07'),(33,'S2024127',NULL,1,'uploads/thesis_submit/S2024127_thesis_submit.pdf',361026,'论文提交 v1',NULL,NULL,'completed','approved','2025-01-02 09:49:01',NULL,NULL,'dstgakjhbark','2025-01-02 09:48:54','2025-01-02 09:48:54','2025-01-02 09:51:52');
/*!40000 ALTER TABLE `thesis_submissions` ENABLE KEYS */;
UNLOCK TABLES;
DROP TABLE IF EXISTS `topic_selections`;
/*!40101 SET @saved_cs_client     = @@character_set_client */;
/*!50503 SET character_set_client = utf8mb4 */;
CREATE TABLE `topic_selections` (
  `selection_id` int NOT NULL AUTO_INCREMENT,
  `topic_id` int NOT NULL,
  `student_id` varchar(20) NOT NULL,
  `student_reason` text COMMENT '学生申请理由',
  `teacher_approval_status` enum('pending','approved','rejected') DEFAULT 'pending',
  `teacher_reject_reason` text COMMENT '教师拒绝理由',
  `director_approval_status` enum('pending','approved','rejected') DEFAULT 'pending',
  `director_reject_reason` text COMMENT '系主任拒绝理由',
  `director_id` varchar(20) DEFAULT NULL,
  `director_approval_time` datetime DEFAULT NULL,
  `created_at` datetime DEFAULT CURRENT_TIMESTAMP,
  `updated_at` datetime DEFAULT CURRENT_TIMESTAMP ON UPDATE CURRENT_TIMESTAMP,
  `final_status` enum('pending','approved','rejected') GENERATED ALWAYS AS ((case when (`teacher_approval_status` = _utf8mb4'rejected') then _utf8mb4'rejected' when (`teacher_approval_status` = _utf8mb4'pending') then _utf8mb4'pending' when ((`teacher_approval_status` = _utf8mb4'approved') and (`director_approval_status` = _utf8mb4'pending')) then _utf8mb4'pending' when ((`teacher_approval_status` = _utf8mb4'approved') and (`director_approval_status` = _utf8mb4'rejected')) then _utf8mb4'rejected' when ((`teacher_approval_status` = _utf8mb4'approved') and (`director_approval_status` = _utf8mb4'approved')) then _utf8mb4'approved' else _utf8mb4'pending' end)) STORED,
  PRIMARY KEY (`selection_id`),
  KEY `topic_selections_ibfk_3` (`director_id`),
  KEY `idx_topic_status` (`topic_id`,`final_status`),
  KEY `idx_student_topic_status` (`student_id`,`topic_id`,`final_status`),
  CONSTRAINT `topic_selections_ibfk_1` FOREIGN KEY (`topic_id`) REFERENCES `topics` (`topic_id`),
  CONSTRAINT `topic_selections_ibfk_2` FOREIGN KEY (`student_id`) REFERENCES `users` (`user_id`),
  CONSTRAINT `topic_selections_ibfk_3` FOREIGN KEY (`director_id`) REFERENCES `users` (`user_id`)
) ENGINE=InnoDB AUTO_INCREMENT=375 DEFAULT CHARSET=utf8mb4 COLLATE=utf8mb4_0900_ai_ci;
/*!40101 SET character_set_client = @saved_cs_client */;

LOCK TABLES `topic_selections` WRITE;
/*!40000 ALTER TABLE `topic_selections` DISABLE KEYS */;
INSERT INTO `topic_selections` (`selection_id`, `topic_id`, `student_id`, `student_reason`, `teacher_approval_status`, `teacher_reject_reason`, `director_approval_status`, `director_reject_reason`, `director_id`, `director_approval_time`, `created_at`, `updated_at`) VALUES (201,1,'S2024001',NULL,'approved',NULL,'rejected','该题目已被学生 王娜 选中并通过审核','admin_cs_001','2024-12-15 20:32:39','2024-12-13 14:44:38','2024-12-15 20:32:39'),(202,1,'S2024002',NULL,'pending',NULL,'approved',NULL,'admin_cs_001','2024-12-15 20:32:39','2024-12-13 14:44:38','2024-12-15 20:32:39'),(203,2,'S2024003',NULL,'rejected',NULL,'rejected','该题目已被学生 周伟 选中并通过最终审核','admin_cs_001','2024-12-31 13:24:36','2024-12-13 14:44:38','2024-12-31 13:24:36'),(204,2,'S2024004',NULL,'pending',NULL,'rejected','该题目已被学生 周伟 选中并通过最终审核','admin_cs_001','2024-12-31 13:24:36','2024-12-13 14:44:38','2024-12-31 13:24:36'),(205,3,'S2024005',NULL,'approved',NULL,'approved',NULL,'admin_cs_001','2024-12-14 16:14:02','2024-12-13 14:44:38','2024-12-14 16:14:02'),(206,3,'S2024006',NULL,'pending',NULL,'pending',NULL,'admin_se_001',NULL,'2024-12-13 14:44:38','2024-12-14 13:41:56'),(207,4,'S2024007',NULL,'approved',NULL,'pending',NULL,'admin_cs_001',NULL,'2024-12-13 14:44:38','2024-12-14 13:41:51'),(208,4,'S2024008',NULL,'rejected',NULL,'pending',NULL,'admin_ai_001',NULL,'2024-12-13 14:44:38','2024-12-14 13:41:58'),(209,5,'S2024009',NULL,'approved',NULL,'pending',NULL,'admin_ai_001',NULL,'2024-12-13 14:44:38','2024-12-14 13:41:58'),(210,5,'S2024010',NULL,'approved',NULL,'pending',NULL,'admin_cs_001',NULL,'2024-12-13 14:44:38','2024-12-14 14:28:53'),(211,6,'S2024011',NULL,'approved',NULL,'rejected','该题目已被学生 王秀英 选中并通过最终审核','admin_cs_001','2025-01-02 09:39:55','2024-12-13 14:44:38','2025-01-02 09:39:55'),(212,6,'S2024012',NULL,'rejected',NULL,'rejected','该题目已被学生 王秀英 选中并通过最终审核','admin_cs_001','2025-01-02 09:39:55','2024-12-13 14:44:38','2025-01-02 09:39:55'),(213,7,'S2024013',NULL,'approved',NULL,'pending',NULL,'admin_ai_001',NULL,'2024-12-13 14:44:38','2024-12-14 13:41:58'),(214,7,'S2024014',NULL,'approved',NULL,'pending',NULL,'admin_ai_001',NULL,'2024-12-13 14:44:38','2024-12-14 13:41:58'),(215,8,'S2024015',NULL,'approved',NULL,'pending',NULL,'admin_cs_001',NULL,'2024-12-13 14:44:38','2024-12-14 14:32:00'),(216,8,'S2024016',NULL,'approved',NULL,'approved',NULL,'admin_se_001','2024-12-14 17:01:24','2024-12-13 14:44:38','2024-12-14 17:01:24'),(217,9,'S2024017',NULL,'rejected',NULL,'pending',NULL,'admin_cs_001',NULL,'2024-12-13 14:44:38','2024-12-14 13:41:51'),(218,9,'S2024018',NULL,'pending',NULL,'pending',NULL,'admin_ai_001',NULL,'2024-12-13 14:44:38','2024-12-14 13:41:58'),(219,10,'S2024019',NULL,'approved',NULL,'pending',NULL,'admin_ai_001',NULL,'2024-12-13 14:44:38','2024-12-14 13:41:58'),(221,11,'S2024022',NULL,'approved',NULL,'approved',NULL,'admin_cs_001','2024-12-14 16:14:08','2024-12-13 14:44:38','2024-12-14 16:14:08'),(222,11,'S2024023',NULL,'rejected',NULL,'pending',NULL,'admin_ai_001',NULL,'2024-12-13 14:44:38','2024-12-14 13:41:58'),(223,12,'S2024024',NULL,'pending',NULL,'pending',NULL,'admin_ai_001',NULL,'2024-12-13 14:44:38','2024-12-14 13:41:58'),(224,12,'S2024025',NULL,'approved',NULL,'pending',NULL,'admin_cs_001',NULL,'2024-12-13 14:44:38','2024-12-14 13:41:51'),(225,13,'S2024026',NULL,'approved',NULL,'pending',NULL,'admin_se_001',NULL,'2024-12-13 14:44:38','2025-01-02 00:47:01'),(226,13,'S2024027',NULL,'approved',NULL,'pending',NULL,'admin_cs_001',NULL,'2024-12-13 14:44:38','2024-12-14 13:41:51'),(227,14,'S2024028',NULL,'rejected',NULL,'pending',NULL,'admin_ai_001',NULL,'2024-12-13 14:44:38','2024-12-14 13:41:58'),(228,14,'S2024029',NULL,'pending',NULL,'pending',NULL,'admin_ai_001',NULL,'2024-12-13 14:44:38','2024-12-14 13:41:58'),(229,15,'S2024030',NULL,'approved',NULL,'pending',NULL,'admin_cs_001',NULL,'2024-12-13 14:44:38','2024-12-14 13:41:51'),(230,15,'S2024031',NULL,'pending',NULL,'pending',NULL,'admin_se_001',NULL,'2024-12-13 14:44:38','2024-12-14 13:41:56'),(231,16,'S2024032',NULL,'approved',NULL,'pending',NULL,'admin_cs_001',NULL,'2024-12-13 14:44:38','2024-12-14 13:41:51'),(232,16,'S2024033',NULL,'rejected',NULL,'pending',NULL,'admin_ai_001',NULL,'2024-12-13 14:44:38','2024-12-14 13:41:58'),(233,17,'S2024034',NULL,'pending',NULL,'pending',NULL,'admin_ai_001',NULL,'2024-12-13 14:44:38','2024-12-14 13:41:58'),(234,17,'S2024035',NULL,'approved',NULL,'pending',NULL,'admin_cs_001',NULL,'2024-12-13 14:44:38','2024-12-14 13:41:51'),(235,18,'S2024036',NULL,'pending',NULL,'pending',NULL,'admin_se_001',NULL,'2024-12-13 14:44:38','2024-12-14 13:41:56'),(236,18,'S2024037',NULL,'approved',NULL,'pending',NULL,'admin_cs_001',NULL,'2024-12-13 14:44:38','2024-12-14 13:41:51'),(237,19,'S2024038',NULL,'rejected',NULL,'pending',NULL,'admin_ai_001',NULL,'2024-12-13 14:44:38','2024-12-14 13:41:58'),(238,19,'S2024039',NULL,'approved',NULL,'pending',NULL,'admin_ai_001',NULL,'2024-12-13 14:44:38','2024-12-14 13:41:58'),(239,20,'S2024040',NULL,'approved',NULL,'pending',NULL,'admin_cs_001',NULL,'2024-12-13 14:44:38','2024-12-14 13:41:51'),(240,20,'S2024041',NULL,'pending',NULL,'pending',NULL,'admin_se_001',NULL,'2024-12-13 14:44:38','2024-12-14 13:41:56'),(241,21,'S2024042',NULL,'approved',NULL,'pending',NULL,'admin_cs_001',NULL,'2024-12-13 14:44:38','2024-12-14 13:41:51'),(242,21,'S2024043',NULL,'rejected',NULL,'pending',NULL,'admin_ai_001',NULL,'2024-12-13 14:44:38','2024-12-14 13:41:58'),(243,22,'S2024044',NULL,'pending',NULL,'pending',NULL,'admin_ai_001',NULL,'2024-12-13 14:44:38','2024-12-14 13:41:58'),(244,22,'S2024045',NULL,'approved',NULL,'pending',NULL,'admin_cs_001',NULL,'2024-12-13 14:44:38','2024-12-14 13:41:51'),(245,23,'S2024046',NULL,'approved',NULL,'approved',NULL,'admin_se_001','2024-12-14 17:01:29','2024-12-13 14:44:38','2024-12-14 17:01:29'),(246,23,'S2024047',NULL,'approved',NULL,'pending',NULL,'admin_cs_001',NULL,'2024-12-13 14:44:38','2024-12-14 13:41:51'),(247,24,'S2024048',NULL,'rejected',NULL,'pending',NULL,'admin_ai_001',NULL,'2024-12-13 14:44:38','2024-12-14 13:41:58'),(248,24,'S2024049',NULL,'pending',NULL,'pending',NULL,'admin_ai_001',NULL,'2024-12-13 14:44:38','2024-12-14 13:41:58'),(249,25,'S2024050',NULL,'approved',NULL,'pending',NULL,'admin_cs_001',NULL,'2024-12-13 14:44:38','2024-12-14 13:41:51'),(250,201,'S2024051',NULL,'approved',NULL,'approved',NULL,'admin_se_001','2024-12-15 15:28:05','2024-12-13 14:44:38','2024-12-15 15:28:05'),(251,202,'S2024052',NULL,'pending',NULL,'pending',NULL,'admin_cs_001',NULL,'2024-12-13 14:44:38','2024-12-14 13:41:51'),(252,203,'S2024053',NULL,'rejected',NULL,'pending',NULL,'admin_se_001',NULL,'2024-12-13 14:44:38','2024-12-14 13:41:56'),(253,204,'S2024054',NULL,'rejected','123456890','pending',NULL,'admin_cs_001',NULL,'2024-12-13 14:44:38','2025-01-02 00:47:07'),(254,205,'S2024055',NULL,'approved',NULL,'pending',NULL,'admin_se_001',NULL,'2024-12-13 14:44:38','2024-12-14 13:41:56'),(255,206,'S2024056',NULL,'approved',NULL,'pending',NULL,'admin_ee_001',NULL,'2024-12-13 14:44:38','2024-12-14 13:42:00'),(256,207,'S2024057',NULL,'approved',NULL,'rejected','1234568790','admin_cs_001','2025-01-02 08:39:31','2024-12-13 14:44:38','2025-01-02 08:39:31'),(257,208,'S2024058',NULL,'rejected',NULL,'pending',NULL,'admin_ai_001',NULL,'2024-12-13 14:44:38','2024-12-14 13:41:58'),(258,209,'S2024059',NULL,'approved',NULL,'pending',NULL,'admin_ee_001',NULL,'2024-12-13 14:44:38','2024-12-14 13:42:00'),(259,210,'S2024060',NULL,'pending',NULL,'pending',NULL,'admin_se_001',NULL,'2024-12-13 14:44:38','2024-12-14 13:41:56'),(260,211,'S2024061',NULL,'approved',NULL,'pending',NULL,'admin_ai_001',NULL,'2024-12-13 14:44:38','2024-12-14 13:41:58'),(261,212,'S2024062',NULL,'rejected',NULL,'pending',NULL,'admin_se_001',NULL,'2024-12-13 14:44:38','2024-12-14 13:41:56'),(262,213,'S2024063',NULL,'pending',NULL,'pending',NULL,'admin_ai_001',NULL,'2024-12-13 14:44:38','2024-12-14 13:41:58'),(263,214,'S2024064',NULL,'approved',NULL,'pending',NULL,'admin_cs_001',NULL,'2024-12-13 14:44:38','2024-12-14 13:41:51'),(264,215,'S2024065',NULL,'pending',NULL,'pending',NULL,'admin_se_001',NULL,'2024-12-13 14:44:38','2024-12-14 13:41:56'),(265,216,'S2024066',NULL,'approved',NULL,'pending',NULL,'admin_se_001',NULL,'2024-12-13 14:44:38','2024-12-14 13:41:56'),(266,217,'S2024067',NULL,'rejected',NULL,'pending',NULL,'admin_ai_001',NULL,'2024-12-13 14:44:38','2024-12-14 13:41:58'),(267,218,'S2024068',NULL,'pending',NULL,'pending',NULL,'admin_ai_001',NULL,'2024-12-13 14:44:38','2024-12-14 13:41:58'),(268,219,'S2024069',NULL,'approved',NULL,'pending',NULL,'admin_ee_001',NULL,'2024-12-13 14:44:38','2024-12-14 13:42:00'),(269,220,'S2024070',NULL,'pending',NULL,'pending',NULL,'admin_ai_001',NULL,'2024-12-13 14:44:38','2024-12-14 13:41:58'),(270,221,'S2024071',NULL,'approved',NULL,'pending',NULL,'admin_ai_001',NULL,'2024-12-13 14:44:38','2024-12-14 13:41:58'),(271,222,'S2024072',NULL,'rejected',NULL,'pending',NULL,'admin_se_001',NULL,'2024-12-13 14:44:38','2024-12-14 13:41:56'),(272,223,'S2024073',NULL,'pending',NULL,'pending',NULL,'admin_se_001',NULL,'2024-12-13 14:44:38','2024-12-14 13:41:56'),(273,224,'S2024074',NULL,'approved',NULL,'pending',NULL,'admin_ai_001',NULL,'2024-12-13 14:44:38','2024-12-14 13:41:58'),(274,225,'S2024075',NULL,'pending',NULL,'pending',NULL,'admin_se_001',NULL,'2024-12-13 14:44:38','2024-12-14 13:41:56'),(275,226,'S2024076',NULL,'approved',NULL,'pending',NULL,'admin_ai_001',NULL,'2024-12-13 14:44:38','2024-12-14 13:41:58'),(276,227,'S2024077',NULL,'rejected',NULL,'pending',NULL,'admin_ee_001',NULL,'2024-12-13 14:44:38','2024-12-14 13:42:00'),(277,228,'S2024078',NULL,'pending',NULL,'pending',NULL,'admin_se_001',NULL,'2024-12-13 14:44:38','2024-12-14 13:41:56'),(278,229,'S2024079',NULL,'approved',NULL,'pending',NULL,'admin_ee_001',NULL,'2024-12-13 14:44:38','2024-12-14 13:42:00'),(279,230,'S2024080',NULL,'pending',NULL,'pending',NULL,'admin_ee_001',NULL,'2024-12-13 14:44:38','2024-12-14 13:42:00'),(280,231,'S2024081',NULL,'approved',NULL,'pending',NULL,'admin_ai_001',NULL,'2024-12-13 14:44:38','2024-12-14 13:41:58'),(281,232,'S2024082',NULL,'rejected',NULL,'pending',NULL,'admin_ee_001',NULL,'2024-12-13 14:44:38','2024-12-14 13:42:00'),(282,233,'S2024083',NULL,'pending',NULL,'pending',NULL,'admin_ee_001',NULL,'2024-12-13 14:44:38','2024-12-14 13:42:00'),(283,234,'S2024084',NULL,'approved',NULL,'rejected','1234568790\n','admin_cs_001','2024-12-31 16:29:59','2024-12-13 14:44:38','2024-12-31 16:29:59'),(284,235,'S2024085',NULL,'pending',NULL,'pending',NULL,'admin_ee_001',NULL,'2024-12-13 14:44:38','2024-12-14 13:42:00'),(285,236,'S2024086',NULL,'approved',NULL,'pending',NULL,'admin_cs_001',NULL,'2024-12-13 14:44:38','2024-12-14 13:41:51'),(286,237,'S2024087',NULL,'rejected',NULL,'pending',NULL,'admin_cs_001',NULL,'2024-12-13 14:44:38','2024-12-14 13:41:51'),(287,238,'S2024088',NULL,'pending',NULL,'pending',NULL,'admin_se_001',NULL,'2024-12-13 14:44:38','2024-12-14 13:41:56'),(288,239,'S2024089',NULL,'approved',NULL,'rejected','该题目已被学生 李静 选中并通过最终审核','admin_cs_001','2024-12-16 14:32:26','2024-12-13 14:44:38','2024-12-16 14:32:26'),(289,240,'S2024090',NULL,'pending',NULL,'pending',NULL,'admin_ee_001',NULL,'2024-12-13 14:44:38','2024-12-14 13:42:00'),(290,241,'S2024091',NULL,'approved',NULL,'pending',NULL,'admin_cs_001',NULL,'2024-12-13 14:44:38','2024-12-14 13:41:51'),(291,242,'S2024092',NULL,'rejected',NULL,'pending',NULL,'admin_ai_001',NULL,'2024-12-13 14:44:38','2024-12-14 13:41:58'),(292,243,'S2024093',NULL,'pending',NULL,'pending',NULL,'admin_ai_001',NULL,'2024-12-13 14:44:38','2024-12-14 13:41:58'),(293,244,'S2024094',NULL,'approved',NULL,'pending',NULL,'admin_cs_001',NULL,'2024-12-13 14:44:38','2024-12-14 13:41:51'),(294,245,'S2024095',NULL,'pending',NULL,'pending',NULL,'admin_se_001',NULL,'2024-12-13 14:44:38','2024-12-14 13:41:56'),(295,246,'S2024096',NULL,'approved',NULL,'pending',NULL,'admin_ai_001',NULL,'2024-12-13 14:44:38','2024-12-14 13:41:58'),(296,247,'S2024097',NULL,'rejected',NULL,'pending',NULL,'admin_ai_001',NULL,'2024-12-13 14:44:38','2024-12-14 13:41:58'),(297,248,'S2024098',NULL,'pending',NULL,'pending',NULL,'admin_se_001',NULL,'2024-12-13 14:44:38','2024-12-14 13:41:56'),(298,249,'S2024099',NULL,'approved',NULL,'pending',NULL,'admin_se_001',NULL,'2024-12-13 14:44:38','2024-12-14 13:41:56'),(299,250,'S2024100',NULL,'pending',NULL,'pending',NULL,'admin_se_001',NULL,'2024-12-13 14:44:38','2024-12-14 13:41:56'),(300,251,'S2024101',NULL,'approved',NULL,'pending',NULL,'admin_ai_001',NULL,'2024-12-13 14:44:38','2024-12-14 13:41:58'),(301,252,'S2024102',NULL,'rejected',NULL,'pending',NULL,'admin_cs_001',NULL,'2024-12-13 14:44:38','2024-12-14 13:41:51'),(302,253,'S2024103',NULL,'pending',NULL,'pending',NULL,'admin_ee_001',NULL,'2024-12-13 14:44:38','2024-12-14 13:42:00'),(303,254,'S2024104',NULL,'approved',NULL,'approved',NULL,'admin_cs_001','2024-12-14 17:07:18','2024-12-13 14:44:38','2024-12-16 16:27:56'),(304,255,'S2024105',NULL,'approved',NULL,'approved',NULL,'admin_cs_001',NULL,'2024-12-13 14:44:38','2024-12-16 16:28:34'),(305,256,'S2024106',NULL,'approved',NULL,'pending',NULL,'admin_se_001',NULL,'2024-12-13 14:44:38','2024-12-14 13:41:56'),(307,258,'S2024108',NULL,'pending',NULL,'pending',NULL,'admin_ai_001',NULL,'2024-12-13 14:44:38','2024-12-14 13:41:58'),(308,259,'S2024109',NULL,'approved',NULL,'pending',NULL,'admin_ai_001',NULL,'2024-12-13 14:44:38','2024-12-14 13:41:58'),(309,260,'S2024110',NULL,'pending',NULL,'pending',NULL,'admin_se_001',NULL,'2024-12-13 14:44:38','2024-12-14 13:41:56'),(310,261,'S2024111',NULL,'approved',NULL,'pending',NULL,'admin_se_001',NULL,'2024-12-13 14:44:38','2024-12-14 13:41:56'),(311,262,'S2024112',NULL,'rejected',NULL,'pending',NULL,'admin_se_001',NULL,'2024-12-13 14:44:38','2024-12-14 13:41:56'),(312,263,'S2024113',NULL,'pending',NULL,'pending',NULL,'admin_ee_001',NULL,'2024-12-13 14:44:38','2024-12-14 13:42:00'),(313,264,'S2024114',NULL,'approved',NULL,'rejected',NULL,'admin_cs_001','2024-12-14 17:07:26','2024-12-13 14:44:38','2024-12-14 17:07:26'),(315,266,'S2024116',NULL,'approved',NULL,'pending',NULL,'admin_ee_001',NULL,'2024-12-13 14:44:38','2024-12-14 13:42:00'),(317,268,'S2024118',NULL,'pending',NULL,'pending',NULL,'admin_ai_001',NULL,'2024-12-13 14:44:38','2024-12-14 13:41:58'),(318,269,'S2024119',NULL,'approved',NULL,'pending',NULL,'admin_se_001',NULL,'2024-12-13 14:44:38','2024-12-14 13:41:56'),(319,270,'S2024120',NULL,'pending',NULL,'pending',NULL,'admin_ai_001',NULL,'2024-12-13 14:44:38','2024-12-14 13:41:58'),(320,271,'S2024121',NULL,'approved',NULL,'pending',NULL,'admin_se_001',NULL,'2024-12-13 14:44:38','2024-12-14 13:41:56'),(321,272,'S2024122',NULL,'rejected',NULL,'pending',NULL,'admin_ai_001',NULL,'2024-12-13 14:44:38','2024-12-14 13:41:58'),(322,273,'S2024123',NULL,'pending',NULL,'pending',NULL,'admin_cs_001',NULL,'2024-12-13 14:44:38','2024-12-14 13:41:51'),(323,274,'S2024124',NULL,'approved',NULL,'pending',NULL,'admin_ai_001',NULL,'2024-12-13 14:44:38','2024-12-14 13:41:58'),(324,275,'S2024125',NULL,'pending',NULL,'pending',NULL,'admin_se_001',NULL,'2024-12-13 14:44:38','2024-12-14 13:41:56'),(325,276,'S2024126',NULL,'approved',NULL,'pending',NULL,'admin_ai_001',NULL,'2024-12-13 14:44:38','2024-12-14 13:41:58'),(327,278,'S2024128',NULL,'pending',NULL,'pending',NULL,'admin_cs_001',NULL,'2024-12-13 14:44:38','2024-12-14 13:41:51'),(328,279,'S2024129',NULL,'approved',NULL,'pending',NULL,'admin_ee_001',NULL,'2024-12-13 14:44:38','2024-12-14 13:42:00'),(329,280,'S2024130',NULL,'pending',NULL,'pending',NULL,'admin_cs_001',NULL,'2024-12-13 14:44:38','2024-12-14 13:41:51'),(330,281,'S2024131',NULL,'approved',NULL,'pending',NULL,'admin_cs_001',NULL,'2024-12-13 14:44:38','2024-12-14 13:41:51'),(331,282,'S2024132',NULL,'rejected',NULL,'pending',NULL,'admin_ai_001',NULL,'2024-12-13 14:44:38','2024-12-14 13:41:58'),(332,283,'S2024133',NULL,'pending',NULL,'pending',NULL,'admin_cs_001',NULL,'2024-12-13 14:44:38','2024-12-14 13:41:51'),(333,284,'S2024134',NULL,'approved',NULL,'pending',NULL,'admin_ai_001',NULL,'2024-12-13 14:44:38','2024-12-14 13:41:58'),(334,285,'S2024135',NULL,'pending',NULL,'pending',NULL,'admin_ee_001',NULL,'2024-12-13 14:44:38','2024-12-14 13:42:00'),(335,286,'S2024136',NULL,'approved',NULL,'pending',NULL,'admin_se_001',NULL,'2024-12-13 14:44:38','2024-12-14 13:41:56'),(336,287,'S2024137',NULL,'rejected',NULL,'pending',NULL,'admin_se_001',NULL,'2024-12-13 14:44:38','2024-12-14 13:41:56'),(337,288,'S2024138',NULL,'pending',NULL,'pending',NULL,'admin_ai_001',NULL,'2024-12-13 14:44:38','2024-12-14 13:41:58'),(338,289,'S2024139',NULL,'approved',NULL,'pending',NULL,'admin_se_001',NULL,'2024-12-13 14:44:38','2024-12-14 13:41:56'),(339,290,'S2024140',NULL,'pending',NULL,'pending',NULL,'admin_ee_001',NULL,'2024-12-13 14:44:38','2024-12-14 13:42:00'),(340,291,'S2024141',NULL,'approved',NULL,'pending',NULL,'admin_se_001',NULL,'2024-12-13 14:44:38','2024-12-14 13:41:56'),(341,292,'S2024142',NULL,'rejected',NULL,'pending',NULL,'admin_ee_001',NULL,'2024-12-13 14:44:38','2024-12-14 13:42:00'),(342,293,'S2024143',NULL,'pending',NULL,'pending',NULL,'admin_cs_001',NULL,'2024-12-13 14:44:38','2024-12-14 13:41:51'),(343,294,'S2024144',NULL,'approved',NULL,'pending',NULL,'admin_se_001',NULL,'2024-12-13 14:44:38','2024-12-14 13:41:56'),(344,295,'S2024145',NULL,'pending',NULL,'pending',NULL,'admin_ee_001',NULL,'2024-12-13 14:44:38','2024-12-14 13:42:00'),(345,296,'S2024146',NULL,'approved',NULL,'pending',NULL,'admin_cs_001',NULL,'2024-12-13 14:44:38','2024-12-14 13:41:51'),(346,297,'S2024147',NULL,'rejected',NULL,'pending',NULL,'admin_cs_001',NULL,'2024-12-13 14:44:38','2024-12-14 13:41:51'),(347,298,'S2024148',NULL,'pending',NULL,'pending',NULL,'admin_cs_001',NULL,'2024-12-13 14:44:38','2024-12-14 13:41:51'),(348,299,'S2024149',NULL,'approved',NULL,'pending',NULL,'admin_se_001',NULL,'2024-12-13 14:44:38','2024-12-14 13:41:56'),(349,300,'S2024150',NULL,'pending',NULL,'pending',NULL,'admin_ai_001',NULL,'2024-12-13 14:44:38','2024-12-14 13:41:58'),(350,311,'S2024200',NULL,'approved',NULL,'approved',NULL,'admin_cs_001','2024-12-15 18:46:55','2024-12-15 15:21:12','2024-12-15 18:46:55'),(354,302,'S2024201',NULL,'approved',NULL,'rejected','该题目已被学生 杨敏 选中并通过最终审核','admin_cs_001','2024-12-15 23:33:30','2024-12-15 19:10:30','2024-12-15 23:33:30'),(359,301,'S2024201','rhytjyfghnfgbsdreyrrtjfg','approved',NULL,'rejected','该题目已被学生 李静 选中并通过最终审核','admin_cs_001','2024-12-16 13:40:30','2024-12-15 19:40:44','2024-12-16 13:40:30'),(361,302,'S2024201','sdgfhjdsrheytjft','approved',NULL,'rejected','该题目已被学生 杨敏 选中并通过最终审核','admin_cs_001','2024-12-15 23:33:30','2024-12-15 19:54:40','2024-12-15 23:33:30'),(362,301,'S2024201','sfaliuawuiaeg','rejected','fsdisfjkniuotr','rejected','该题目已被学生 李静 选中并通过最终审核','admin_cs_001','2024-12-16 13:40:30','2024-12-15 20:13:02','2024-12-16 13:40:30'),(363,302,'S2024201','fdsbiyfdahiusjkestg','approved',NULL,'approved',NULL,'admin_cs_001','2024-12-15 23:33:30','2024-12-15 20:33:07','2024-12-15 23:33:30'),(364,301,'S2024104','dtjuyilhojkjhgyftrs','approved','sfdfjugihl,vcgrthdfjhghfg','rejected','sthdjfukgihmxhd','admin_cs_001','2024-12-16 13:40:45','2024-12-16 12:59:43','2024-12-16 13:40:45'),(365,239,'S2024104','agdhfjgkhlgkfdthsra','approved',NULL,'approved',NULL,'admin_cs_001','2024-12-16 14:32:26','2024-12-16 14:31:40','2024-12-16 14:32:26'),(366,327,'S2024107','1234567890','approved',NULL,'approved',NULL,'admin_cs_001','2024-12-30 14:50:17','2024-12-30 14:27:15','2024-12-30 14:50:17'),(367,2,'S2024114','ragshtrjtkfuik','approved',NULL,'approved',NULL,'admin_cs_001','2024-12-31 13:24:36','2024-12-31 13:23:30','2024-12-31 13:24:36'),(368,328,'S2024115','8888888880','approved',NULL,'approved',NULL,'admin_ee_001','2024-12-31 13:51:22','2024-12-31 13:50:46','2024-12-31 13:51:22'),(371,329,'S2024084','1234567890','approved',NULL,'approved',NULL,'admin_cs_001','2024-12-31 17:20:09','2024-12-31 17:15:57','2024-12-31 17:20:09'),(372,330,'S2024117','8888888888','approved',NULL,'approved',NULL,'admin_cs_001','2025-01-02 00:28:55','2025-01-02 00:28:19','2025-01-02 00:28:55'),(373,331,'S2024020','aergbkaligjarae','approved',NULL,'approved',NULL,'admin_cs_001','2025-01-02 08:42:46','2025-01-02 08:42:20','2025-01-02 08:42:46'),(374,6,'S2024127','1234589000','approved',NULL,'approved',NULL,'admin_cs_001','2025-01-02 09:39:55','2025-01-02 09:38:46','2025-01-02 09:39:55');
/*!40000 ALTER TABLE `topic_selections` ENABLE KEYS */;
UNLOCK TABLES;
/*!50003 SET @saved_cs_client      = @@character_set_client */ ;
/*!50003 SET @saved_cs_results     = @@character_set_results */ ;
/*!50003 SET @saved_col_connection = @@collation_connection */ ;
/*!50003 SET character_set_client  = utf8mb4 */ ;
/*!50003 SET character_set_results = utf8mb4 */ ;
/*!50003 SET collation_connection  = utf8mb4_0900_ai_ci */ ;
/*!50003 SET @saved_sql_mode       = @@sql_mode */ ;
/*!50003 SET sql_mode              = 'ONLY_FULL_GROUP_BY,STRICT_TRANS_TABLES,NO_ZERO_IN_DATE,NO_ZERO_DATE,ERROR_FOR_DIVISION_BY_ZERO,NO_ENGINE_SUBSTITUTION' */ ;
DELIMITER ;;
/*!50003 CREATE*/ /*!50017 DEFINER=`root`@`localhost`*/ /*!50003 TRIGGER `after_topic_selection_approved` AFTER UPDATE ON `topic_selections` FOR EACH ROW BEGIN
    -- 检查 final_status 是否变为 approved
    IF NEW.final_status = 'approved' AND OLD.final_status != 'approved' THEN
        -- 插入任务书阶段记录
        INSERT INTO progress_records (
            student_id,
            stage_type,
            status,
            deadline
        ) VALUES (
            NEW.student_id,
            'task_book',
            'not_started',
            DATE_ADD(CURRENT_TIMESTAMP, INTERVAL 7 DAY) -- 设置截止时间为当前时间后7天
        );
    END IF;
END */;;
DELIMITER ;
/*!50003 SET sql_mode              = @saved_sql_mode */ ;
/*!50003 SET character_set_client  = @saved_cs_client */ ;
/*!50003 SET character_set_results = @saved_cs_results */ ;
/*!50003 SET collation_connection  = @saved_col_connection */ ;
DROP TABLE IF EXISTS `topics`;
/*!40101 SET @saved_cs_client     = @@character_set_client */;
/*!50503 SET character_set_client = utf8mb4 */;
CREATE TABLE `topics` (
  `topic_id` int NOT NULL AUTO_INCREMENT,
  `title` varchar(255) NOT NULL,
  `type` varchar(50) NOT NULL,
  `source` varchar(100) DEFAULT NULL,
  `teacher_id` varchar(20) NOT NULL,
  `description` text,
  `major_requirements` text,
  `student_requirements` text,
  `status` enum('draft','pending','approved','rejected','selected') DEFAULT 'draft',
  `created_at` datetime DEFAULT CURRENT_TIMESTAMP,
  `updated_at` datetime DEFAULT CURRENT_TIMESTAMP ON UPDATE CURRENT_TIMESTAMP,
  PRIMARY KEY (`topic_id`),
  KEY `idx_teacher_status` (`teacher_id`,`status`),
  CONSTRAINT `topics_ibfk_1` FOREIGN KEY (`teacher_id`) REFERENCES `users` (`user_id`)
) ENGINE=InnoDB AUTO_INCREMENT=332 DEFAULT CHARSET=utf8mb4 COLLATE=utf8mb4_0900_ai_ci;
/*!40101 SET character_set_client = @saved_cs_client */;

LOCK TABLES `topics` WRITE;
/*!40000 ALTER TABLE `topics` DISABLE KEYS */;
INSERT INTO `topics` VALUES (1,'基于深度学习的图像识别系统设计','应用研究','教师科研','T2024001','本课题旨在设计和实现一个基于深度学习的图像识别系统,探索CNN等深度学习模型在图像识别领域的应用。','计算机科学与技术、人工智能等相关专业','熟悉Python编程,了解深度学习基础理论,有相关项目经验者优先','rejected','2024-12-13 14:37:01','2024-12-13 22:02:08'),(2,'区块链技术在供应链金融中的应用研究','理论研究','横向项目','T2024013','研究区块链技术如何在供应链金融领域发挥作用,解决信任与效率问题。','信息安全、金融科技相关专业','对区块链技术有浓厚兴趣,具备良好的编程能力','selected','2024-12-13 14:37:01','2024-12-31 13:24:36'),(3,'智能物联网家居系统开发','工程实践','纵向项目','T2024012','开发基于物联网技术的智能家居控制系统,实现家电智能化控制。','物联网工程、嵌入式系统相关专业','熟悉嵌入式开发,有单片机开发经验','rejected','2024-12-13 14:37:01','2024-12-16 13:11:29'),(4,'机器学习在网络安全中的应用','应用研究','教师科研','T2024007','探索机器学习算法在网络安全领域的应用,提高安全防护能力。','网络安全、人工智能相关专业','具备机器学习基础,熟悉网络安全知识','approved','2024-12-13 14:37:01','2024-12-13 14:37:01'),(5,'云计算平台性能优化研究','工程实践','企业合作','T2024020','针对云计算平台的性能瓶颈进行分析和优化,提升系统效率。','云计算、软件工程相关专业','熟悉云计算技术,具有较强的编程能力','rejected','2024-12-13 14:37:01','2024-12-13 22:24:54'),(6,'分布式系统性能优化研究','工程实践','教师科研','T2024008','研究分布式系统的性能瓶颈，提出优化方案并实现。','计算机科学与技术、软件工程相关专业','熟悉分布式系统原理，具有良好的编程能力','selected','2024-12-13 14:37:01','2025-01-02 09:39:55'),(7,'自然语言处理在智能客服中的应用','应用研究','企业合作','T2024006','基于NLP技术开发智能客服系统，提升服务效率。','人工智能、计算机科学相关专业','熟悉NLP相关算法，有项目开发经验','rejected','2024-12-13 14:37:01','2024-12-13 22:24:58'),(8,'大数据分析平台设计与实现','工程实践','横向项目','T2024015','设计并实现一个大数据分析平台，支持数据采集、处理和可视化。','大数据、软件工程相关专业','熟悉大数据技术栈，具有平台开发经验','approved','2024-12-13 14:37:01','2024-12-13 14:37:01'),(9,'智能推荐算法研究与应用','应用研究','企业合作','T2024028','研究智能推荐算法，并在电商平台中实现应用。','人工智能、数据科学相关专业','熟悉推荐算法，具有实践经验','pending','2024-12-13 14:37:01','2024-12-13 14:37:01'),(10,'区块链智能合约安全性分析','理论研究','教师科研','T2024013','研究智能合约的安全漏洞，提出防护方案。','信息安全、区块链技术相关专业','了解智能合约开发，具有安全意识','approved','2024-12-13 14:37:01','2024-12-13 14:37:01'),(11,'移动边缘计算研究与应用','理论研究','纵向项目','T2024020','研究移动边缘计算技术，优化资源调度策略。','计算机科学、通信工程相关专业','熟悉边缘计算概念，有相关研究经验','approved','2024-12-13 14:37:01','2024-12-13 14:37:01'),(12,'工业物联网数据分析系统','工程实践','企业合作','T2024012','开发工业物联网数据分析系统，实现设备监控和预测维护。','物联网工程、自动化相关专业','熟悉物联网技术，了解工业协议','approved','2024-12-13 14:37:01','2024-12-13 14:37:01'),(13,'人工智能在医疗影像中的应用','应用研究','横向项目','T2024001','研究AI技术在医疗影像诊断中的应用。','人工智能、生物医学工程相关专业','熟悉深度学习，了解医学影像基础','approved','2024-12-13 14:37:01','2024-12-30 14:22:09'),(14,'5G网络切片技术研究','理论研究','教师科研','T2024004','研究5G网络切片技术，提升网络资源利用效率。','通信工程、网络工程相关专业','熟悉5G网络架构，具有编程能力','approved','2024-12-13 14:37:01','2024-12-13 14:37:01'),(15,'智能交通系统设计与实现','工程实践','纵向项目','T2024017','设计基于AI的智能交通系统，优化交通调度。','人工智能、交通工程相关专业','熟悉计算机视觉，了解交通系统','approved','2024-12-13 14:37:01','2024-12-13 14:37:01'),(16,'量子密码通信技术研究','理论研究','教师科研','T2024013','研究量子密码通信原理与应用。','信息安全、量子计算相关专业','具有扎实的数学基础，了解量子计算','approved','2024-12-13 14:37:01','2024-12-13 14:37:01'),(17,'智能机器人控制系统开发','工程实践','企业合作','T2024005','开发智能机器人控制系统，实现自主导航。','机器人工程、自动化相关专业','熟悉ROS系统，有机器人开发经验','pending','2024-12-13 14:37:01','2024-12-13 14:37:01'),(18,'区块链溯源系统设计与实现','工程实践','横向项目','T2024013','设计基于区块链的商品溯源系统。','区块链技术、软件工程相关专业','熟悉区块链开发，了解溯源业务','approved','2024-12-13 14:37:01','2024-12-13 14:37:01'),(19,'网络入侵检测系统研究','应用研究','教师科研','T2024007','研究基于AI的网络入侵检测方法。','网络安全、人工智能相关专业','熟悉网络安全，了解机器学习','approved','2024-12-13 14:37:01','2024-12-13 14:37:01'),(20,'虚拟现实教育平台开发','工程实践','企业合作','T2024030','开发基于VR技术的教育平台。','虚拟现实、教育技术相关专业','熟悉Unity3D，了解教育领域需求','approved','2024-12-13 14:37:01','2024-12-13 14:37:01'),(21,'智能制造系统优化研究','应用研究','横向项目','T2024017','研究智能制造系统的优化方法。','工业工程、自动化相关专业','了解智能制造，熟悉优化算法','approved','2024-12-13 14:37:01','2024-12-13 14:37:01'),(22,'区块链电子证书系统','工程实践','纵向项目','T2024013','开发基于区块链的电子证书管理系统。','区块链技术、信息安全相关专业','熟悉区块链开发，了解密码学','pending','2024-12-13 14:37:01','2024-12-13 14:37:01'),(23,'智能家居语音交互系统','工程实践','企业合作','T2024006','开发智能家居语音控制系统。','人工智能、物联网相关专业','熟悉语音识别，了解物联网协议','approved','2024-12-13 14:37:01','2024-12-13 14:37:01'),(24,'深度学习框架优化研究','理论研究','教师科研','T2024001','研究深度学习框架的性能优化方法。','人工智能、高性能计算相关专业','熟悉深度学习框架，了解并行计算','approved','2024-12-13 14:37:01','2024-12-13 14:37:01'),(25,'智能电网监控系统开发','工程实践','横向项目','T2024024','开发智能电网监控与管理系统。','电气工程、自动化相关专业','了解电力系统，熟悉SCADA开发','approved','2024-12-13 14:37:01','2024-12-13 14:37:01'),(26,'生物特征识别系统研究','应用研究','教师科研','T2024001','研究多模态生物特征识别技术。','人工智能、信息安全相关专业','熟悉图像处理，了解生物特征','pending','2024-12-13 14:37:01','2024-12-13 14:37:01'),(27,'智能仓储机器人系统','工程实践','企业合作','T2024005','开发智能仓储机器人控制系统。','机器人工程、物流工程相关专业','熟悉机器人控制，了解仓储物流','approved','2024-12-13 14:37:01','2024-12-13 14:37:01'),(28,'区块链共识算法研究','理论研究','教师科研','T2024013','研究区块链共识算法的性能与安全性。','区块链技术、密码学相关专业','熟悉共识算法，了解分布式系统','approved','2024-12-13 14:37:01','2024-12-13 14:37:01'),(29,'智能视频分析系统开发','工程实践','横向项目','T2024001','开发基于AI的视频分析系统。','计算机视觉、人工智能相关专业','熟悉视频处理，了解深度学习','approved','2024-12-13 14:37:01','2024-12-13 14:37:01'),(30,'物联网安全防护研究','应用研究','教师科研','T2024007','研究物联网设备的安全防护方法。','物联网、信息安全相关专业','了解物联网协议，熟悉安全技术','approved','2024-12-13 14:37:01','2024-12-13 14:37:01'),(31,'智能医疗辅助诊断系统','工程实践','横向项目','T2024001','开发基于AI的医疗辅助诊断系统。','人工智能、生物医学工程相关专业','熟悉医学图像处理，了解临床诊断','approved','2024-12-13 14:37:01','2024-12-13 14:37:01'),(32,'区块链跨链技术研究','理论研究','教师科研','T2024013','研究区块链跨链互操作技术。','区块链技术、分布式系统相关专业','熟悉区块链原理，了解跨链协议','pending','2024-12-13 14:37:01','2024-12-13 14:37:01'),(33,'智能农业监控系统','工程实践','企业合作','T2024012','开发智能农业环境监控系统。','物联网、农业工程相关专业','熟悉传感器网络，了解农业生产','approved','2024-12-13 14:37:01','2024-12-13 14:37:01'),(34,'深度强化学习研究','理论研究','教师科研','T2024001','研究深度强化学习算法及应用。','人工智能、控制科学相关专业','熟悉强化学习，了解深度学习','approved','2024-12-13 14:37:01','2024-12-13 14:37:01'),(35,'智能建筑管理系统','工程实践','横向项目','T2024012','开发智能建筑综合管理系统。','物联网、建筑智能化相关专业','熟悉楼宇自动化，了解物联网技术','approved','2024-12-13 14:37:01','2024-12-13 14:37:01'),(36,'网络空间安全态势感知','应用研究','教师科研','T2024007','研究网络安全态势感知技术。','网络安全、人工智能相关专业','熟悉网络安全，了解态势感知','pending','2024-12-13 14:37:01','2024-12-13 14:37:01'),(37,'智能无人机控制系统','工程实践','企业合作','T2024005','开发智能无人机飞行控制系统。','自动化、航空航天相关专业','熟悉飞行控制，了解无人机技术','approved','2024-12-13 14:37:01','2024-12-13 14:37:01'),(38,'区块链隐私保护研究','理论研究','教师科研','T2024013','研究区块链系统的隐私保护技术。','信息安全、区块链技术相关专业','熟悉密码学，了解隐私计算','approved','2024-12-13 14:37:01','2024-12-13 14:37:01'),(39,'智能客服机器人开发','工程实践','横向项目','T2024006','开发智能客服机器人系统。','人工智能、软件工程相关专业','熟悉自然语言处理，了解对话系统','approved','2024-12-13 14:37:01','2024-12-13 14:37:01'),(40,'工业互联网平台研究','应用研究','企业合作','T2024012','研究工业互联网平台架构与实现。','物联网、工业工程相关专业','了解工业互联网，熟悉平台开发','approved','2024-12-13 14:37:01','2024-12-13 14:37:01'),(41,'智能风控系统开发','工程实践','横向项目','T2024007','开发金融风险智能控制系统。','金融科技、人工智能相关专业','熟悉机器学习，了解金融风控','approved','2024-12-13 14:37:01','2024-12-13 14:37:01'),(42,'量子计算模拟器研究','理论研究','教师科研','T2024013','研究量子计算模拟器的设计与实现。','量子计算、计算机科学相关专业','熟悉量子计算原理，了解模拟技术','pending','2024-12-13 14:37:01','2024-12-13 14:37:01'),(43,'智能停车管理系统','工程实践','企业合作','T2024017','开发智能停车场管理系统。','物联网、交通工程相关专业','熟悉计算机视觉，了解停车场管理','approved','2024-12-13 14:37:01','2024-12-13 14:37:01'),(44,'边缘智能计算研究','理论研究','教师科研','T2024020','研究边缘计算中的智能处理技术。','计算机科学、人工智能相关专业','熟悉边缘计算，了解机器学习','approved','2024-12-13 14:37:01','2024-12-13 14:37:01'),(45,'智能环境监测系统','工程实践','横向项目','T2024012','开发环境参数智能监测系统。','物联网、环境工程相关专业','熟悉传感器网络，了解环境监测','approved','2024-12-13 14:37:01','2024-12-13 14:37:01'),(46,'网络攻击检测研究','应用研究','教师科研','T2024007','研究基于AI的网络攻击检测方法。','网络安全、人工智能相关专业','熟悉网络安全，了解异常检测','approved','2024-12-13 14:37:01','2025-01-02 08:08:26'),(47,'智能机械臂控制系统','工程实践','企业合作','T2024005','开发工业机械臂智能控制系统。','机器人工程、自动化相关专业','熟悉机械臂控制，了解工业机器人','approved','2024-12-13 14:37:01','2024-12-13 14:37:01'),(48,'区块链存储优化研究','理论研究','教师科研','T2024013','研究区块链系统的存储优化方法。','区块链技术、存储技术相关专业','熟悉分布式存储，了解区块链','approved','2024-12-13 14:37:01','2024-12-13 14:37:01'),(49,'智能翻译系统开发','工程实践','横向项目','T2024006','开发基于神经网络的翻译系统。','人工智能、计算语言学相关专业','熟悉自然语言处理，了解机器翻译','approved','2024-12-13 14:37:01','2024-12-13 14:37:01'),(50,'工业设备预测维护','应用研究','企业合作','T2024017','研究工业设备预测性维护方法。','工业工程、人工智能相关专业','了解设备维护，熟悉预测算法','approved','2024-12-13 14:37:01','2024-12-13 14:37:01'),(51,'智能安防系统开发','工程实践','横向项目','T2024007','开发智能视频安防监控系统。','计算机视觉、安防工程相关专业','熟悉视频分析，了解安防系统','approved','2024-12-13 14:37:01','2024-12-13 14:37:01'),(52,'量子通信协议研究','理论研究','教师科研','T2024013','研究量子通信协议的安全性。','量子通信、密码学相关专业','熟悉量子力学，了解密码学原理','pending','2024-12-13 14:37:01','2024-12-13 14:37:01'),(53,'智能物流配送系统','工程实践','企业合作','T2024017','开发智能物流配送管理系统。','物流工程、人工智能相关专业','熟悉路径规划，了解物流管理','approved','2024-12-13 14:37:01','2024-12-13 14:37:01'),(54,'联邦学习系统研究','理论研究','教师科研','T2024001','研究联邦学习系统的实现方法。','人工智能、分布式系统相关专业','熟悉机器学习，了解联邦学习','approved','2024-12-13 14:37:01','2024-12-13 14:37:01'),(55,'智能能源管理系统','工程实践','横向项目','T2024024','开发智能能源监控管理系统。','电气工程、自动化相关专业','熟悉能源系统，了解智能控制','approved','2024-12-13 14:37:01','2024-12-13 14:37:01'),(56,'网络流量分析研究','应用研究','教师科研','T2024007','研究网络流量智能分析方法。','网络工程、人工智能相关专业','熟悉流量分析，了解机器学习','pending','2024-12-13 14:37:01','2024-12-13 14:37:01'),(57,'智能排产系统开发','工程实践','企业合作','T2024017','开发智能生产排程系统。','工业工程、人工智能相关专业','熟悉排程算法，了解生产管理','approved','2024-12-13 14:37:01','2024-12-13 14:37:01'),(58,'区块链性能优化研究','理论研究','教师科研','T2024013','研究区块链系统的性能优化方法。','区块链技术、分布式系统相关专业','熟悉区块链原理，了解性能优化','approved','2024-12-13 14:37:01','2024-12-13 14:37:01'),(59,'智能问答系统开发','工程实践','横向项目','T2024006','开发基于知识图谱的问答系统。','人工智能、知识工程相关专业','熟悉自然语言处理，了解知识图谱','approved','2024-12-13 14:37:01','2024-12-13 14:37:01'),(60,'工业数据分析平台','应用研究','企业合作','T2024015','开发工业大数据分析平台。','大数据、工业工程相关专业','熟悉数据分析，了解工业生产','approved','2024-12-13 14:37:01','2024-12-13 14:37:01'),(61,'智能门禁系统开发','工程实践','横向项目','T2024007','开发人脸识别门禁管理系统。','人工智能、安防工程相关专业','熟悉人脸识别，了解门禁系统','approved','2024-12-13 14:37:01','2024-12-13 14:37:01'),(62,'量子加密系统研究','理论研究','教师科研','T2024013','研究量子加密系统的实现方法。','量子计算、密码学相关专业','熟悉量子密码，了解系统安全','pending','2024-12-13 14:37:01','2024-12-13 14:37:01'),(63,'智能仓储管理系统','工程实践','企业合作','T2024017','开发智能仓储管理与调度系统。','物流工程、自动化相关专业','熟悉仓储管理，了解智能调度','approved','2024-12-13 14:37:01','2024-12-13 14:37:01'),(64,'迁移学习算法研究','理论研究','教师科研','T2024001','研究迁移学习算法及其应用。','人工智能、模式识别相关专业','熟悉机器学习，了解迁移学习','approved','2024-12-13 14:37:01','2024-12-13 14:37:01'),(65,'智能电梯控制系统','工程实践','横向项目','T2024024','开发智能电梯群控系统。','自动化、机电工程相关专业','熟悉电梯控制，了解群控算法','approved','2024-12-13 14:37:01','2024-12-13 14:37:01'),(66,'网络异常检测研究','应用研究','教师科研','T2024007','研究网络异常行为检测方法。','网络安全、人工智能相关专业','熟悉异常检测，了解网络安全','approved','2024-12-13 14:37:01','2024-12-31 13:02:57'),(67,'智能质检系统开发','工程实践','企业合作','T2024017','开发产品智能质量检测系统。','计算机视觉、质量工程相关专业','熟悉图像处理，了解质量控制','approved','2024-12-13 14:37:01','2024-12-13 14:37:01'),(68,'区块链监管技术研究','理论研究','教师科研','T2024013','研究区块链系统的监管技术。','区块链技术、金融科技相关专业','熟悉区块链原理，了解金融监管','approved','2024-12-13 14:37:01','2024-12-13 14:37:01'),(69,'智能教学系统开发','工程实践','横向项目','T2024006','开发智能在线教学系统。','教育技术、人工智能相关专业','熟悉教育技术，了解智能教学','approved','2024-12-13 14:37:01','2024-12-13 14:37:01'),(70,'工业机器视觉系统','应用研究','企业合作','T2024001','开发工业产品视觉检测系统。','计算机视觉、自动化相关专业','熟悉机器视觉，了解工业检测','approved','2024-12-13 14:37:01','2024-12-13 14:37:01'),(71,'智能消防系统开发','工程实践','横向项目','T2024012','开发智能消防监控预警系统。','物联网、安全工程相关专业','熟悉消防系统，了解物联网技术','approved','2024-12-13 14:37:01','2024-12-13 14:37:01'),(72,'量子算法优化研究','理论研究','教师科研','T2024013','研究量子算法的优化方法。','量子计算、计算机科学相关专业','熟悉量子计算，了解算法优化','pending','2024-12-13 14:37:01','2024-12-13 14:37:01'),(73,'智能巡检机器人系统','工程实践','企业合作','T2024005','开发智能巡检机器人控制系统。','机器人工程、自动化相关专业','熟悉机器人控制，了解巡检业务','approved','2024-12-13 14:37:01','2024-12-13 14:37:01'),(74,'深度图网络研究','理论研究','教师科研','T2024001','研究深度图神经网络及应用。','人工智能、图计算相关专业','熟悉图神经网络，了解深度学习','approved','2024-12-13 14:37:01','2024-12-13 14:37:01'),(75,'智能水务管理系统','工程实践','横向项目','T2024024','开发智能水务监控管理系统。','物联网、水利工程相关专业','熟悉水务系统，了解物联网技术','approved','2024-12-13 14:37:01','2024-12-13 14:37:01'),(76,'网络威胁情报研究','应用研究','教师科研','T2024007','研究网络威胁情报分析方法。','网络安全、数据分析相关专业','熟悉威胁情报，了解安全分析','approved','2024-12-13 14:37:01','2024-12-31 13:03:06'),(77,'智能装配系统开发','工程实践','企业合作','T2024017','开发智能化产品装配系统。','机器人工程、制造工程相关专业','熟悉装配工艺，了解智能控制','approved','2024-12-13 14:37:01','2024-12-13 14:37:01'),(78,'区块链治理研究','理论研究','教师科研','T2024013','研究区块链系统的治理机制。','区块链技术、管理科学相关专业','熟悉区块链原理，了解治理理论','approved','2024-12-13 14:37:01','2024-12-13 14:37:01'),(79,'智能招聘系统开发','工程实践','横向项目','T2024006','开发智能化招聘筛选系统。','人工智能、人力资源相关专业','熟悉自然语言处理，了解招聘流程','approved','2024-12-13 14:37:01','2024-12-13 14:37:01'),(80,'工业控制系统优化','应用研究','企业合作','T2024024','研究工业控制系统优化方法。','自动化、控制工程相关专业','熟悉控制理论，了解工业自动化','approved','2024-12-13 14:37:01','2024-12-13 14:37:01'),(81,'智能门店管理系统','工程实践','横向项目','T2024017','开发智能零售店铺管理系统。','物联网、零售工程相关专业','熟悉零售业务，了解物联网技术','approved','2024-12-13 14:37:01','2024-12-13 14:37:01'),(82,'量子网络协议研究','理论研究','教师科研','T2024013','研究量子网络通信协议。','量子通信、网络工程相关专业','熟悉量子通信，了解网络协议','pending','2024-12-13 14:37:01','2024-12-13 14:37:01'),(83,'智能农业系统开发','工程实践','企业合作','T2024012','开发智能农业监控管理系统。','物联网、农业工程相关专业','熟悉农业技术，了解物联网应用','approved','2024-12-13 14:37:01','2024-12-13 14:37:01'),(84,'深度强化学习研究','理论研究','教师科研','T2024001','研究深度强化学习算法及应用。','人工智能、控制科学相关专业','熟悉强化学习，了解深度学习','approved','2024-12-13 14:37:01','2024-12-13 14:37:01'),(85,'智能物流配送系统','工程实践','横向项目','T2024020','开发智能物流路径规划系统。','物流工程、运筹学相关专业','熟悉物流系统，了解优化算法','approved','2024-12-13 14:37:01','2024-12-13 14:37:01'),(86,'网络入侵检测研究','应用研究','教师科研','T2024007','研究网络入侵检测新方法。','网络安全、人工智能相关专业','熟悉入侵检测，了解机器学习','pending','2024-12-13 14:37:01','2024-12-13 14:37:01'),(87,'智能停车系统开发','工程实践','企业合作','T2024015','开发智能化停车管理系统。','物联网、交通工程相关专业','熟悉停车场景，了解物联网技术','approved','2024-12-13 14:37:01','2024-12-13 14:37:01'),(88,'区块链隐私保护研究','理论研究','教师科研','T2024013','研究区块链系统的隐私保护机制。','信息安全、区块链技术相关专业','熟悉密码学，了解区块链原理','approved','2024-12-13 14:37:01','2024-12-13 14:37:01'),(89,'智能客流分析系统','工程实践','横向项目','T2024006','开发智能客流监测分析系统。','计算机视觉、数据分析相关专业','熟悉视觉算法，了解客流分析','approved','2024-12-13 14:37:01','2024-12-13 14:37:01'),(90,'工业数字孪生系统','应用研究','企业合作','T2024024','研究工业数字孪生建模方法。','虚拟现实、自动化相关专业','熟悉数字孪生，了解工业建模','approved','2024-12-13 14:37:01','2024-12-13 14:37:01'),(91,'智能环境监测系统','工程实践','横向项目','T2024012','开发智能环境监测预警系统。','物联网、环境工程相关专业','熟悉环境监测，了解物联网技术','approved','2024-12-13 14:37:01','2024-12-13 14:37:01'),(92,'量子密码系统研究','理论研究','教师科研','T2024013','研究量子密码协议及应用。','量子通信、密码学相关专业','熟悉量子密码，了解密码学原理','pending','2024-12-13 14:37:01','2024-12-13 14:37:01'),(93,'智能医疗系统开发','工程实践','企业合作','T2024001','开发智能医疗辅助诊断系统。','医学信息、人工智能相关专业','熟悉医疗领域，了解机器学习','approved','2024-12-13 14:37:01','2024-12-13 14:37:01'),(94,'深度图生成网络','理论研究','教师科研','T2024005','研究深度图生成网络及应用。','人工智能、图计算相关专业','熟悉生成模型，了解图神经网络','approved','2024-12-13 14:37:01','2024-12-13 14:37:01'),(95,'智能电网管理系统','工程实践','横向项目','T2024020','开发智能电网监控管理系统。','电气工程、物联网相关专业','熟悉电网系统，了解物联网技术','approved','2024-12-13 14:37:01','2024-12-13 14:37:01'),(96,'网络攻防技术研究','应用研究','教师科研','T2024007','研究网络攻防对抗技术。','网络安全、信息安全相关专业','熟悉网络安全，了解攻防技术','pending','2024-12-13 14:37:01','2024-12-13 14:37:01'),(97,'智能交通系统开发','工程实践','企业合作','T2024015','开发智能交通管控系统。','交通工程、物联网相关专业','熟悉交通系统，了解智能控制','approved','2024-12-13 14:37:01','2024-12-13 14:37:01'),(98,'区块链共识机制研究','理论研究','教师科研','T2024013','研究区块链共识算法优化。','区块链技术、分布式计算相关专业','熟悉共识算法，了解分布式系统','approved','2024-12-13 14:37:01','2024-12-13 14:37:01'),(99,'智能安防系统开发','工程实践','横向项目','T2024006','开发智能安防监控系统。','计算机视觉、安防工程相关专业','熟悉视觉算法，了解安防技术','approved','2024-12-13 14:37:01','2024-12-13 14:37:01'),(100,'元宇宙技术研究与应用','理论研究','横向项目','T2024030','探索元宇宙关键技术，研究其在教育领域的应用。','虚拟现实、计算机图形学相关专业','具备3D建模经验，熟悉Unity开发','pending','2024-12-13 14:37:01','2024-12-13 14:37:01'),(101,'智能医疗影像分析系统','应用研究','教师科研','T2024001','开发基于深度学习的医疗影像智能诊断系统','医学信息、人工智能相关专业','熟悉深度学习，了解医学影像处理','approved','2024-12-13 14:37:01','2024-12-13 14:37:01'),(102,'区块链金融应用研究','理论研究','横向项目','T2024013','研究区块链技术在金融领域的创新应用','金融科技、区块链技术相关专业','熟悉区块链原理，了解金融业务','approved','2024-12-13 14:37:01','2024-12-13 14:37:01'),(103,'智能工厂管理系统','工程实践','企业合作','T2024017','开发面向智能制造的工厂管理系统','工业工程、自动化相关专业','熟悉工业自动化，了解管理系统开发','approved','2024-12-13 14:37:01','2024-12-13 14:37:01'),(104,'量子计算模拟器开发','理论研究','教师科研','T2024013','研究和开发量子计算模拟系统','量子计算、计算机科学相关专业','熟悉量子计算原理，掌握模拟技术','pending','2024-12-13 14:37:01','2024-12-13 14:37:01'),(105,'智能物流配送优化','应用研究','企业合作','T2024020','基于AI的物流配送路径优化系统','物流工程、人工智能相关专业','熟悉优化算法，了解物流运作','approved','2024-12-13 14:37:01','2024-12-13 14:37:01'),(106,'网络安全态势感知','工程实践','横向项目','T2024007','开发网络安全态势感知平台','网络安全、大数据相关专业','熟悉安全技术，了解数据分析','approved','2024-12-13 14:37:01','2024-12-13 14:37:01'),(107,'智能建筑节能系统','应用研究','企业合作','T2024024','开发智能建筑能源管理系统','建筑智能化、自动化相关专业','熟悉建筑节能，了解智能控制','approved','2024-12-13 14:37:01','2024-12-13 14:37:01'),(108,'区块链溯源平台研究','理论研究','教师科研','T2024013','研究区块链在商品溯源中的应用','区块链技术、供应链相关专业','熟悉区块链技术，了解溯源需求','approved','2024-12-13 14:37:01','2024-12-13 14:37:01'),(109,'智能语音助手开发','工程实践','横向项目','T2024006','开发智能语音交互助手系统','人工智能、语音技术相关专业','熟悉语音识别，了解对话系统','approved','2024-12-13 14:37:01','2024-12-13 14:37:01'),(110,'工业机器人控制系统','应用研究','企业合作','T2024005','开发工业机器人智能控制系统','机器人工程、自动化相关专业','熟悉机器人控制，了解工业应用','approved','2024-12-13 14:37:01','2024-12-13 14:37:01'),(111,'智能交通预测系统','应用研究','横向项目','T2024015','开发基于大数据的交通流量预测系统','交通工程、人工智能相关专业','熟悉机器学习，了解交通数据分析','approved','2024-12-13 14:37:01','2024-12-13 14:37:01'),(112,'量子密钥分发研究','理论研究','教师科研','T2024013','研究量子密钥分发协议及其实现','量子通信、密码学相关专业','熟悉量子力学，了解密码学原理','approved','2024-12-13 14:37:01','2024-12-13 14:37:01'),(113,'智能校园管理平台','工程实践','企业合作','T2024012','开发智能化校园综合管理系统','软件工程、物联网相关专业','熟悉系统开发，了解智慧校园','approved','2024-12-13 14:37:01','2024-12-13 14:37:01'),(114,'深度强化学习应用','理论研究','教师科研','T2024001','研究深度强化学习在控制领域的应用','人工智能、控制科学相关专业','熟悉强化学习，了解控制理论','pending','2024-12-13 14:37:01','2024-12-13 14:37:01'),(115,'智能制造执行系统','应用研究','企业合作','T2024017','开发智能制造MES系统','工业工程、自动化相关专业','熟悉制造流程，了解信息系统','approved','2024-12-13 14:37:01','2024-12-13 14:37:01'),(116,'网络入侵防御系统','工程实践','横向项目','T2024007','开发新一代网络入侵防御系统','网络安全、计算机科学相关专业','熟悉网络安全，了解防御技术','approved','2024-12-13 14:37:01','2024-12-13 14:37:01'),(117,'智能电网调度系统','应用研究','企业合作','T2024024','开发智能电网负载调度系统','电气工程、自动化相关专业','熟悉电力系统，了解智能调度','approved','2024-12-13 14:37:01','2024-12-13 14:37:01'),(118,'区块链共识优化研究','理论研究','教师科研','T2024013','研究区块链共识机制优化方法','区块链技术、分布式计算相关专业','熟悉共识算法，了解性能优化','approved','2024-12-13 14:37:01','2024-12-13 14:37:01'),(119,'智能客服对话系统','工程实践','横向项目','T2024006','开发智能客服自动应答系统','人工智能、计算机科学相关专业','熟悉自然语言处理，了解对话系统','approved','2024-12-13 14:37:01','2024-12-13 14:37:01'),(120,'工业视觉检测系统','应用研究','企业合作','T2024005','开发工业产品视觉质检系统','计算机视觉、自动化相关专业','熟悉图像处理，了解质量控制','approved','2024-12-13 14:37:01','2024-12-13 14:37:01'),(121,'智能环保监测系统','应用研究','横向项目','T2024012','开发环境污染物智能监测系统','环境工程、物联网相关专业','熟悉传感器技术，了解环境监测','approved','2024-12-13 14:37:01','2024-12-13 14:37:01'),(122,'量子算法优化研究','理论研究','教师科研','T2024013','研究量子计算算法优化方法','量子计算、计算机科学相关专业','熟悉量子计算，了解算法设计','approved','2024-12-13 14:37:01','2024-12-13 14:37:01'),(123,'智慧社区服务平台','工程实践','企业合作','T2024015','开发智慧社区综合服务系统','软件工程、物联网相关专业','熟悉平台开发，了解社区服务','approved','2024-12-13 14:37:01','2024-12-13 14:37:01'),(124,'图神经网络应用研究','理论研究','教师科研','T2024001','研究图神经网络在社交网络分析中的应用','人工智能、数据科学相关专业','熟悉图算法，了解社交网络','pending','2024-12-13 14:37:01','2024-12-13 14:37:01'),(125,'智能仓储管理系统','应用研究','企业合作','T2024017','开发智能仓库管理与调度系统','物流工程、自动化相关专业','熟悉仓储管理，了解自动化技术','approved','2024-12-13 14:37:01','2024-12-13 14:37:01'),(126,'网络安全态势分析','工程实践','横向项目','T2024007','开发网络安全态势分析平台','网络安全、大数据相关专业','熟悉安全分析，了解大数据处理','approved','2024-12-13 14:37:01','2024-12-13 14:37:01'),(127,'智能配电自动化系统','应用研究','企业合作','T2024024','开发配电网智能化管理系统','电气工程、自动化相关专业','熟悉配电系统，了解自动化控制','approved','2024-12-13 14:37:01','2024-12-13 14:37:01'),(128,'区块链跨链技术研究','理论研究','教师科研','T2024013','研究区块链跨链互操作技术','区块链技术、分布式系统相关专业','熟悉区块链原理，了解跨链机制','approved','2024-12-13 14:37:01','2024-12-13 14:37:01'),(129,'智能教育资源平台','工程实践','横向项目','T2024006','开发智能教育资源推荐系统','教育技术、人工智能相关专业','熟悉推荐算法，了解教育领域','approved','2024-12-13 14:37:01','2024-12-13 14:37:01'),(130,'工业预测维护系统','应用研究','企业合作','T2024005','开发工业设备预测性维护系统','机械工程、人工智能相关专业','熟悉预测算法，了解设备维护','approved','2024-12-13 14:37:01','2024-12-13 14:37:01'),(131,'智慧农业管理平台','工程实践','横向项目','T2024012','开发智慧农业生产管理系统','农业工程、物联网相关专业','熟悉农业生产，了解物联网技术','approved','2024-12-13 14:37:01','2024-12-13 14:37:01'),(132,'量子通信协议研究','理论研究','教师科研','T2024013','研究量子通信安全协议','量子通信、密码学相关专业','熟悉量子通信，了解密码学原理','pending','2024-12-13 14:37:01','2024-12-13 14:37:01'),(133,'智能办公自动化系统','工程实践','企业合作','T2024015','开发智能办公协同管理系统','软件工程、信息管理相关专业','熟悉系统开发，了解办公自动化','approved','2024-12-13 14:37:01','2024-12-13 14:37:01'),(134,'深度学习模型压缩','理论研究','教师科研','T2024001','研究深度学习模型压缩技术','人工智能、计算机科学相关专业','熟悉深度学习，了解模型优化','approved','2024-12-13 14:37:01','2024-12-13 14:37:01'),(135,'智能质量控制系统','应用研究','企业合作','T2024017','开发产品质量智能监控系统','质量工程、自动化相关专业','熟悉质量控制，了解机器视觉','approved','2024-12-13 14:37:01','2024-12-13 14:37:01'),(136,'网络流量分析系统','工程实践','横向项目','T2024007','开发网络流量智能分析平台','网络工程、数据分析相关专业','熟悉流量分析，了解机器学习','approved','2024-12-13 14:37:01','2024-12-13 14:37:01'),(137,'智能微电网控制系统','应用研究','企业合作','T2024024','开发微电网智能控制系统','电气工程、控制科学相关专业','熟悉微电网技术，了解智能控制','approved','2024-12-13 14:37:01','2024-12-13 14:37:01'),(138,'区块链性能优化研究','理论研究','教师科研','T2024013','研究区块链系统性能优化方法','区块链技术、计算机科学相关专业','熟悉区块链原理，了解性能调优','approved','2024-12-13 14:37:01','2024-12-13 14:37:01'),(139,'智能招聘推荐系统','工程实践','横向项目','T2024006','开发基于AI的人才招聘系统','人工智能、人力资源相关专业','熟悉推荐算法，了解招聘流程','approved','2024-12-13 14:37:01','2024-12-13 14:37:01'),(140,'工业机器视觉系统','应用研究','企业合作','T2024005','开发工业产品缺陷检测系统','计算机视觉、自动化相关专业','熟悉图像处理，了解工业检测','approved','2024-12-13 14:37:01','2024-12-13 14:37:01'),(141,'智慧医疗管理平台','工程实践','横向项目','T2024001','开发智慧医院管理系统','医学信息、软件工程相关专业','熟悉医疗信息化，了解系统开发','approved','2024-12-13 14:37:01','2024-12-13 14:37:01'),(142,'量子密码系统研究','理论研究','教师科研','T2024013','研究量子密码系统实现方法','量子通信、信息安全相关专业','熟悉量子密码学，了解系统安全','pending','2024-12-13 14:37:01','2024-12-13 14:37:01'),(143,'智能物业管理系统','工程实践','企业合作','T2024015','开发智慧物业服务平台','物联网、管理信息相关专业','熟悉物业管理，了解信息系统','approved','2024-12-13 14:37:01','2024-12-13 14:37:01'),(144,'联邦学习应用研究','理论研究','教师科研','T2024001','研究联邦学习在隐私计算中的应用','人工智能、信息安全相关专业','熟悉机器学习，了解隐私计算','approved','2024-12-13 14:37:01','2024-12-13 14:37:01'),(145,'智能生产调度系统','应用研究','企业合作','T2024017','开发智能生产计划调度系统','工业工程、运筹学相关专业','熟悉生产管理，了解优化算法','approved','2024-12-13 14:37:01','2024-12-13 14:37:01'),(146,'网络威胁检测系统','工程实践','横向项目','T2024007','开发网络威胁智能检测平台','网络安全、人工智能相关专业','熟悉威胁检测，了解机器学习','approved','2024-12-13 14:37:01','2024-12-13 14:37:01'),(147,'智能配网规划系统','应用研究','企业合作','T2024024','开发配电网智能规划系统','电气工程、优化算法相关专业','熟悉电网规划，了解智能优化','approved','2024-12-13 14:37:01','2024-12-13 14:37:01'),(148,'区块链审计系统研究','理论研究','教师科研','T2024013','研究区块链系统审计方法','区块链技术、审计学相关专业','熟悉区块链原理，了解审计要求','approved','2024-12-13 14:37:01','2024-12-13 14:37:01'),(149,'智能问答机器人','工程实践','横向项目','T2024006','开发知识图谱问答系统','人工智能、知识工程相关专业','熟悉自然语言处理，了解知识图谱','approved','2024-12-13 14:37:01','2024-12-13 14:37:01'),(150,'工业数据分析平台','应用研究','企业合作','T2024005','开发工业大数据分析系统','大数据、工业工程相关专业','熟悉数据分析，了解工业生产','approved','2024-12-13 14:37:01','2024-12-13 14:37:01'),(151,'智慧校园安防系统','工程实践','横向项目','T2024007','开发校园智能安防管理平台','安防工程、物联网相关专业','熟悉安防技术，了解系统集成','approved','2024-12-13 14:37:01','2024-12-13 14:37:01'),(152,'量子网络优化研究','理论研究','教师科研','T2024013','研究量子网络性能优化方法','量子通信、网络工程相关专业','熟悉量子通信，了解网络优化','pending','2024-12-13 14:37:01','2024-12-13 14:37:01'),(153,'智能餐饮管理系统','工程实践','企业合作','T2024015','开发智慧餐饮运营管理系统','软件工程、管理科学相关专业','熟悉系统开发，了解餐饮管理','approved','2024-12-13 14:37:01','2024-12-13 14:37:01'),(154,'迁移学习应用研究','理论研究','教师科研','T2024001','研究迁移学习在跨域任务中的应用','人工智能、模式识别相关专业','熟悉迁移学习，了解领域适应','approved','2024-12-13 14:37:01','2024-12-13 14:37:01'),(155,'智能设备管理系统','应用研究','企业合作','T2024017','开发工业设备智能管理平台','设备工程、物联网相关专业','熟悉设备管理，了解物联网技术','approved','2024-12-13 14:37:01','2024-12-13 14:37:01'),(156,'网络行为分析系统','工程实践','横向项目','T2024007','开发网络用户行为分析平台','网络安全、数据科学相关专业','熟悉行为分析，了解机器学习','approved','2024-12-13 14:37:01','2024-12-13 14:37:01'),(157,'智能变电站系统','应用研究','企业合作','T2024024','开发智能变电站监控系统','电气工程、自动化相关专业','熟悉变电站运维，了解智能化技术','approved','2024-12-13 14:37:01','2024-12-13 14:37:01'),(158,'区块链存储优化研究','理论研究','教师科研','T2024013','研究区块链分布式存储优化方法','区块链技术、存储技术相关专业','熟悉分布式存储，了解区块链原理','approved','2024-12-13 14:37:01','2024-12-13 14:37:01'),(159,'智能客服机器人','工程实践','横向项目','T2024006','开发智能客服对话机器人','人工智能、计算机科学相关专业','熟悉对话系统，了解客服业务','approved','2024-12-13 14:37:01','2024-12-13 14:37:01'),(160,'工业IoT平台开发','应用研究','企业合作','T2024012','开发工业物联网管理平台','物联网、工业工程相关专业','熟悉IoT技术，了解工业应用','approved','2024-12-13 14:37:01','2024-12-13 14:37:01'),(161,'智慧停车管理系统','工程实践','横向项目','T2024015','开发智能停车场管理平台','交通工程、物联网相关专业','熟悉停车管理，了解物联网应用','approved','2024-12-13 14:37:01','2024-12-13 14:37:01'),(162,'量子计算仿真研究','理论研究','教师科研','T2024013','研究量子计算仿真系统设计','量子计算、计算机科学相关专业','熟悉量子计算，了解仿真技术','pending','2024-12-13 14:37:01','2024-12-13 14:37:01'),(163,'智能会议系统开发','工程实践','企业合作','T2024006','开发智能会议管理系统','软件工程、多媒体相关专业','熟悉音视频处理，了解会议管理','approved','2024-12-13 14:37:01','2024-12-13 14:37:01'),(164,'强化学习控制研究','理论研究','教师科研','T2024001','研究强化学习在控制系统中的应用','人工智能、控制工程相关专业','熟悉强化学习，了解控制理论','approved','2024-12-13 14:37:01','2024-12-13 14:37:01'),(165,'智能排产优化系统','应用研究','企业合作','T2024017','开发生产排程优化系统','工业工程、运筹学相关专业','熟悉排程算法，了解生产管理','approved','2024-12-13 14:37:01','2024-12-13 14:37:01'),(166,'网络攻防演练平台','工程实践','横向项目','T2024007','开发网络安全攻防演练系统','网络安全、信息安全相关专业','熟悉网络攻防，了解系统安全','approved','2024-12-13 14:37:01','2024-12-13 14:37:01'),(167,'智能配电房系统','应用研究','企业合作','T2024024','开发配电房智能化管理系统','电气工程、自动化相关专业','熟悉配电技术，了解智能化改造','approved','2024-12-13 14:37:01','2024-12-13 14:37:01'),(168,'区块链隐私计算研究','理论研究','教师科研','T2024013','研究区块链隐私保护计算方法','区块链技术、密码学相关专业','熟悉隐私计算，了解区块链技术','approved','2024-12-13 14:37:01','2024-12-13 14:37:01'),(169,'智能翻译助手开发','工程实践','横向项目','T2024006','开发智能多语言翻译系统','人工智能、计算语言学相关专业','熟悉机器翻译，了解语言模型','approved','2024-12-13 14:37:01','2024-12-13 14:37:01'),(170,'工业大数据平台','应用研究','企业合作','T2024015','开发工业大数据分析平台','大数据、工业工程相关专业','熟悉数据分析，了解工业生产','approved','2024-12-13 14:37:01','2024-12-13 14:37:01'),(171,'智慧消防监控系统','工程实践','横向项目','T2024012','开发智能消防设施监控平台','消防工程、物联网相关专业','熟悉消防系统，了解物联网技术','approved','2024-12-13 14:37:01','2024-12-13 14:37:01'),(172,'量子加密通信研究','理论研究','教师科研','T2024013','研究量子加密通信协议设计','量子通信、密码学相关专业','熟悉量子力学，了解密码学原理','approved','2024-12-13 14:37:01','2024-12-13 14:37:01'),(173,'智能门禁管理系统','工程实践','企业合作','T2024015','开发人脸识别门禁系统','计算机视觉、安防工程相关专业','熟悉人脸识别，了解门禁管理','approved','2024-12-13 14:37:01','2024-12-13 14:37:01'),(174,'多模态学习研究','理论研究','教师科研','T2024001','研究多模态深度学习方法','人工智能、模式识别相关专业','熟悉深度学习，了解多模态融合','pending','2024-12-13 14:37:01','2024-12-13 14:37:01'),(175,'智能能源管理系统','应用研究','企业合作','T2024024','开发建筑能源智能管理平台','能源工程、自动化相关专业','熟悉能源管理，了解智能控制','approved','2024-12-13 14:37:01','2024-12-13 14:37:01'),(176,'网络安全态势分析','工程实践','横向项目','T2024007','开发网络安全态势感知系统','网络安全、大数据相关专业','熟悉安全分析，了解可视化技术','approved','2024-12-13 14:37:01','2024-12-13 14:37:01'),(177,'智能电力调度系统','应用研究','企业合作','T2024024','开发电力智能调度控制系统','电气工程、控制科学相关专业','熟悉电力系统，了解智能调度','approved','2024-12-13 14:37:01','2024-12-13 14:37:01'),(178,'区块链金融应用研究','理论研究','教师科研','T2024013','研究区块链在金融领域的应用','区块链技术、金融工程相关专业','熟悉区块链原理，了解金融业务','approved','2024-12-13 14:37:01','2024-12-13 14:37:01'),(179,'智能营销推荐系统','工程实践','横向项目','T2024006','开发个性化营销推荐平台','人工智能、市场营销相关专业','熟悉推荐算法，了解营销策略','approved','2024-12-13 14:37:01','2024-12-13 14:37:01'),(180,'工业机器人控制系统','应用研究','企业合作','T2024005','开发工业机器人智能控制平台','机器人工程、自动化相关专业','熟悉机器人控制，了解工业应用','approved','2024-12-13 14:37:01','2024-12-13 14:37:01'),(181,'智慧园区管理平台','工程实践','横向项目','T2024012','开发园区智能化管理系统','物联网、管理信息相关专业','熟悉园区管理，了解物联网应用','approved','2024-12-13 14:37:01','2024-12-13 14:37:01'),(182,'量子纠错编码研究','理论研究','教师科研','T2024013','研究量子纠错编码方法','量子计算、信息论相关专业','熟悉量子计算，了解编码理论','pending','2024-12-13 14:37:01','2024-12-13 14:37:01'),(183,'智能考勤管理系统','工程实践','企业合作','T2024015','开发人脸识别考勤系统','计算机视觉、人力资源相关专业','熟悉人脸识别，了解考勤管理','approved','2024-12-13 14:37:01','2024-12-13 14:37:01'),(184,'知识图谱构建研究','理论研究','教师科研','T2024001','研究领域知识图谱自动构建方法','人工智能、知识工程相关专业','熟悉知识图谱，了解自然语言处理','approved','2024-12-13 14:37:01','2024-12-13 14:37:01'),(185,'智能质检系统开发','应用研究','企业合作','T2024017','开发产品质量智能检测系统','质量工程、机器视觉相关专业','熟悉图像处理，了解质量控制','approved','2024-12-13 14:37:01','2024-12-13 14:37:01'),(186,'网络流量分析平台','工程实践','横向项目','T2024007','开发网络流量智能分析系统','网络工程、数据分析相关专业','熟悉流量分析，了解机器学习','approved','2024-12-13 14:37:01','2024-12-13 14:37:01'),(187,'智能配网监控系统','应用研究','企业合作','T2024024','开发配电网智能监控平台','电气工程、自动化相关专业','熟悉配电系统，了解智能监控','approved','2024-12-13 14:37:01','2024-12-13 14:37:01'),(188,'区块链溯源系统研究','理论研究','教师科研','T2024013','研究区块链商品溯源方法','区块链技术、供应链相关专业','熟悉区块链原理，了解溯源需求','approved','2024-12-13 14:37:01','2024-12-13 14:37:01'),(189,'智能客服系统开发','工程实践','横向项目','T2024006','开发智能客服对话平台','人工智能、计算机科学相关专业','熟悉自然语言处理，了解客服业务','approved','2024-12-13 14:37:01','2024-12-13 14:37:01'),(190,'工业数据分析系统','应用研究','企业合作','T2024005','开发工业大数据分析平台','大数据、工业工程相关专业','熟悉数据分析，了解工业生产','approved','2024-12-13 14:37:01','2024-12-13 14:37:01'),(191,'智慧物流配送系统','工程实践','横向项目','T2024015','开发智能物流配送管理平台','物流工程、运筹学相关专业','熟悉物流管理，了解优化算法','approved','2024-12-13 14:37:01','2024-12-13 14:37:01'),(192,'量子通信网络研究','理论研究','教师科研','T2024013','研究量子通信网络架构设计','量子通信、网络工程相关专业','熟悉量子通信，了解网络技术','pending','2024-12-13 14:37:01','2024-12-13 14:37:01'),(193,'智能会议室管理系统','工程实践','企业合作','T2024006','开发智能会议室预订系统','软件工程、物联网相关专业','熟悉系统开发，了解物联网应用','approved','2024-12-13 14:37:01','2024-12-13 14:37:01'),(194,'深度强化学习应用','理论研究','教师科研','T2024001','研究深度强化学习在控制中的应用','人工智能、控制科学相关专业','熟悉强化学习，了解控制理论','approved','2024-12-13 14:37:01','2024-12-13 14:37:01'),(195,'智能生产线监控系统','应用研究','企业合作','T2024017','开发生产线智能监控平台','自动化、工业工程相关专业','熟悉生产管理，了解自动化技术','approved','2024-12-13 14:37:01','2024-12-13 14:37:01'),(196,'网络安全评估系统','工程实践','横向项目','T2024007','开发网络安全风险评估平台','网络安全、风险管理相关专业','熟悉安全评估，了解风险分析','approved','2024-12-13 14:37:01','2024-12-13 14:37:01'),(197,'智能变电所管理系统','应用研究','企业合作','T2024024','开发变电所智能化管理平台','电气工程、自动化相关专业','熟悉变电所运维，了解智能化技术','approved','2024-12-13 14:37:01','2024-12-13 14:37:01'),(198,'区块链共识机制研究','理论研究','教师科研','T2024013','研究区块链共识算法优化','区块链技术、分布式系统相关专业','熟悉共识算法，了解分布式计算','approved','2024-12-13 14:37:01','2024-12-13 14:37:01'),(199,'智能教学助手系统','工程实践','横向项目','T2024006','开发智能教学辅助平台','教育技术、人工智能相关专业','熟悉教育技术，了解人工智能应用','approved','2024-12-13 14:37:01','2024-12-13 14:37:01'),(200,'工业机器视觉系统','应用研究','企业合作','T2024005','开发工业产品视觉检测平台','机器视觉、自动化相关专业','熟悉图像处理，了解工业检测','approved','2024-12-13 14:37:01','2024-12-13 14:37:01'),(201,'智慧社区服务系统','工程实践','横向项目','T2024012','开发社区智能服务平台','软件工程、社会工作相关专业','熟悉系统开发，了解社区服务','approved','2024-12-13 14:37:01','2024-12-13 14:37:01'),(202,'量子密钥分发研究','理论研究','教师科研','T2024013','研究量子密钥分发协议优化','量子通信、密码学相关专业','熟悉量子通信，了解密码学原理','pending','2024-12-13 14:37:01','2024-12-13 14:37:01'),(203,'智能访客管理系统','工程实践','企业合作','T2024015','开发智能访客登记系统','计算机视觉、安防工程相关专业','熟悉人脸识别，了解访客管理','approved','2024-12-13 14:37:01','2024-12-13 14:37:01'),(204,'图神经网络应用研究','理论研究','教师科研','T2024001','研究图神经网络在推荐中的应用','人工智能、数据科学相关专业','熟悉图算法，了解推荐系统','approved','2024-12-13 14:37:01','2024-12-13 14:37:01'),(205,'智能设备监控系统','应用研究','企业合作','T2024017','开发工业设备监控平台','自动化、物联网相关专业','熟悉设备监控，了解物联网技术','approved','2024-12-13 14:37:01','2024-12-13 14:37:01'),(206,'网络入侵检测系统','工程实践','横向项目','T2024007','开发网络入侵智能检测平台','网络安全、人工智能相关专业','熟悉入侵检测，了解机器学习','approved','2024-12-13 14:37:01','2024-12-13 14:37:01'),(207,'智能配电自动化系统','应用研究','企业合作','T2024024','开发配电网自动化管理平台','电气工程、自动化相关专业','熟悉配电系统，了解自动化技术','approved','2024-12-13 14:37:01','2024-12-13 14:37:01'),(208,'区块链隐私保护研究','理论研究','教师科研','T2024013','研究区块链隐私保护机制','区块链技术、信息安全相关专业','熟悉区块链原理，了解隐私计算','approved','2024-12-13 14:37:01','2024-12-13 14:37:01'),(209,'智能文档分析系统','工程实践','横向项目','T2024006','开发智能文档处理平台','人工智能、文档工程相关专业','熟悉文本分析，了解文档处理','approved','2024-12-13 14:37:01','2024-12-13 14:37:01'),(210,'工业数字孪生系统','应用研究','企业合作','T2024005','开发工业设备数字孪生平台','虚拟现实、工业工程相关专业','熟悉数字孪生，了解工业建模','approved','2024-12-13 14:37:01','2024-12-13 14:37:01'),(211,'智慧医疗服务平台','工程实践','横向项目','T2024001','开发智能医疗服务系统','医学信息、软件工程相关专业','熟悉医疗信息化，了解系统开发','approved','2024-12-13 14:37:01','2024-12-13 14:37:01'),(212,'量子计算模拟研究','理论研究','教师科研','T2024013','研究量子计算模拟方法','量子计算、计算机科学相关专业','熟悉量子计算，了解模拟技术','pending','2024-12-13 14:37:01','2024-12-13 14:37:01'),(213,'智能仓储管理系统','工程实践','企业合作','T2024015','开发智能仓库管理平台','物流工程、自动化相关专业','熟悉仓储管理，了解自动化技术','approved','2024-12-13 14:37:01','2024-12-13 14:37:01'),(214,'深度学习优化研究','理论研究','教师科研','T2024001','研究深度学习模型优化方法','人工智能、计算机科学相关专业','熟悉深度学习，了解优化理论','approved','2024-12-13 14:37:01','2024-12-13 14:37:01'),(215,'智能生产调度系统','应用研究','企业合作','T2024017','开发生产计划智能调度平台','工业工程、运筹学相关专业','熟悉生产调度，了解优化算法','approved','2024-12-13 14:37:01','2024-12-13 14:37:01'),(216,'网络安全态势分析','工程实践','横向项目','T2024007','开发网络安全态势分析平台','网络安全、大数据相关专业','熟悉安全分析，了解大数据技术','approved','2024-12-13 14:37:01','2024-12-13 14:37:01'),(217,'智能电网调度系统','应用研究','企业合作','T2024024','开发电网智能调度平台','电气工程、控制科学相关专业','熟悉电网调度，了解智能控制','approved','2024-12-13 14:37:01','2024-12-13 14:37:01'),(218,'区块链跨链技术研究','理论研究','教师科研','T2024013','研究区块链跨链互操作机制','区块链技术、分布式系统相关专业','熟悉区块链原理，了解跨链技术','approved','2024-12-13 14:37:01','2024-12-13 14:37:01'),(219,'智能推荐系统开发','工程实践','横向项目','T2024006','开发个性化内容推荐平台','人工智能、数据科学相关专业','熟悉推荐算法，了解用户画像','approved','2024-12-13 14:37:01','2024-12-13 14:37:01'),(220,'工业机器人视觉系统','应用研究','企业合作','T2024005','开发机器人视觉导航系统','机器人工程、计算机视觉相关专业','熟悉机器视觉，了解机器人控制','approved','2024-12-13 14:37:01','2024-12-13 14:37:01'),(221,'智慧农业监控系统','工程实践','横向项目','T2024012','开发农业生产智能监控平台','农业工程、物联网相关专业','熟悉农业生产，了解物联网技术','approved','2024-12-13 14:37:01','2024-12-13 14:37:01'),(222,'量子通信安全研究','理论研究','教师科研','T2024013','研究量子通信安全协议','量子通信、密码学相关专业','熟悉量子通信，了解安全协议','pending','2024-12-13 14:37:01','2024-12-13 14:37:01'),(223,'智能人事管理系统','工程实践','企业合作','T2024015','开发智能人力资源管理平台','人力资源、信息管理相关专业','熟悉人事管理，了解系统开发','approved','2024-12-13 14:37:01','2024-12-13 14:37:01'),(224,'联邦学习优化研究','理论研究','教师科研','T2024001','研究联邦学习性能优化方法','人工智能、分布式计算相关专业','熟悉联邦学习，了解分布式系统','approved','2024-12-13 14:37:01','2024-12-13 14:37:01'),(225,'智能设备预测维护','应用研究','企业合作','T2024017','开发设备预测性维护系统','机械工程、人工智能相关专业','熟悉设备维护，了解预测算法','approved','2024-12-13 14:37:01','2024-12-13 14:37:01'),(226,'网络威胁情报系统','工程实践','横向项目','T2024007','开发网络威胁情报分析平台','网络安全、数据分析相关专业','熟悉威胁情报，了解数据分析','approved','2024-12-13 14:37:01','2024-12-13 14:37:01'),(227,'智能电力监控系统','应用研究','企业合作','T2024024','开发电力设备智能监控平台','电气工程、自动化相关专业','熟悉电力系统，了解监控技术','approved','2024-12-13 14:37:01','2024-12-13 14:37:01'),(228,'区块链存储优化研究','理论研究','教师科研','T2024013','研究区块链存储优化方法','区块链技术、存储技术相关专业','熟悉区块链原理，了解存储优化','approved','2024-12-13 14:37:01','2024-12-13 14:37:01'),(229,'智能教育评估系统','工程实践','横向项目','T2024006','开发智能教育评估平台','教育技术、人工智能相关专业','熟悉教育评估，了解机器学习','approved','2024-12-13 14:37:01','2024-12-13 14:37:01'),(230,'工业AR应用系统','应用研究','企业合作','T2024005','开发工业增强现实应用平台','虚拟现实、工业工程相关专业','熟悉AR技术，了解工业应用','approved','2024-12-13 14:37:01','2024-12-13 14:37:01'),(231,'智慧景区管理系统','工程实践','横向项目','T2024012','开发景区智能化管理平台','旅游管理、信息系统相关专业','熟悉景区管理，了解信息化建设','approved','2024-12-13 14:37:01','2024-12-13 14:37:01'),(232,'量子算法优化研究','理论研究','教师科研','T2024013','研究量子算法优化方法','量子计算、算法设计相关专业','熟悉量子计算，了解算法优化','pending','2024-12-13 14:37:01','2024-12-13 14:37:01'),(233,'智能资产管理系统','工程实践','企业合作','T2024015','开发企业资产智能管理平台','资产管理、信息系统相关专业','熟悉资产管理，了解系统开发','approved','2024-12-13 14:37:01','2024-12-13 14:37:01'),(234,'迁移学习应用研究','理论研究','教师科研','T2024001','研究迁移学习在跨域任务中的应用','人工智能、机器学习相关专业','熟悉迁移学习，了解领域适应','approved','2024-12-13 14:37:01','2024-12-13 14:37:01'),(235,'智能生产质量控制','应用研究','企业合作','T2024017','开发生产质量智能控制系统','质量工程、自动化相关专业','熟悉质量控制，了解智能控制','approved','2024-12-13 14:37:01','2024-12-13 14:37:01'),(236,'网络行为分析系统','工程实践','横向项目','T2024007','开发网络用户行为分析平台','网络安全、数据分析相关专业','熟悉行为分析，了解数据挖掘','approved','2024-12-13 14:37:01','2024-12-13 14:37:01'),(237,'智能变电运维系统','应用研究','企业合作','T2024024','开发变电站智能运维平台','电气工程、自动化相关专业','熟悉变电运维，了解智能化技术','approved','2024-12-13 14:37:01','2024-12-13 14:37:01'),(238,'区块链共识优化研究','理论研究','教师科研','T2024013','研究区块链共识机制优化方法','区块链技术、分布式系统相关专业','熟悉共识算法，了解性能优化','approved','2024-12-13 14:37:01','2024-12-13 14:37:01'),(239,'智能招聘系统开发','工程实践','横向项目','T2024006','开发智能招聘匹配系统','人工智能、人力资源相关专业','熟悉推荐算法，了解招聘流程','selected','2024-12-13 14:37:01','2024-12-16 14:32:26'),(240,'工业IoT平台研究','应用研究','企业合作','T2024005','开发工业物联网管理平台','物联网、工业工程相关专业','熟悉IoT技术，了解工业应用','approved','2024-12-13 14:37:01','2024-12-13 14:37:01'),(241,'智慧校园服务系统','工程实践','横向项目','T2024012','开发智慧校园综合服务平台','软件工程、教育技术相关专业','熟悉系统开发，了解教育信息化','approved','2024-12-13 14:37:01','2024-12-13 14:37:01'),(242,'量子密码系统研究','理论研究','教师科研','T2024013','研究量子密码系统设计方法','量子通信、密码学相关专业','熟悉量子密码，了解系统设计','pending','2024-12-13 14:37:01','2024-12-13 14:37:01'),(243,'智能办公系统开发','工程实践','企业合作','T2024015','开发智能办公协同平台','软件工程、办公自动化相关专业','熟悉系统开发，了解办公流程','approved','2024-12-13 14:37:01','2024-12-13 14:37:01'),(244,'强化学习应用研究','理论研究','教师科研','T2024001','研究强化学习在控制中的应用','人工智能、控制科学相关专业','熟悉强化学习，了解控制理论','approved','2024-12-13 14:37:01','2024-12-13 14:37:01'),(245,'智能设备管理平台','应用研究','企业合作','T2024017','开发设备智能化管理系统','设备工程、物联网相关专业','熟悉设备管理，了解物联网技术','approved','2024-12-13 14:37:01','2024-12-13 14:37:01'),(246,'网络安全评估系统','工程实践','横向项目','T2024007','开发网络安全等级评估平台','网络安全、风险评估相关专业','熟悉安全评估，了解风险分析','approved','2024-12-13 14:37:01','2024-12-13 14:37:01'),(247,'智能配电管理系统','应用研究','企业合作','T2024024','开发配电网智能管理平台','电气工程、自动化相关专业','熟悉配电系统，了解智能化技术','approved','2024-12-13 14:37:01','2024-12-13 14:37:01'),(248,'区块链隐私计算研究','理论研究','教师科研','T2024013','研究区块链隐私保护计算方法','区块链技术、密码学相关专业','熟悉区块链原理，了解隐私计算','approved','2024-12-13 14:37:01','2024-12-13 14:37:01'),(249,'智能客服机器人开发','工程实践','横向项目','T2024006','开发智能客服对话机器人','人工智能、计算机科学相关专业','熟悉自然语言处理，了解对话系统','approved','2024-12-13 14:37:01','2024-12-13 14:37:01'),(250,'工业视觉检测系统','应用研究','企业合作','T2024005','开发工业产品视觉检测平台','机器视觉、自动化相关专业','熟悉图像处理，了解工业检测','approved','2024-12-13 14:37:01','2024-12-13 14:37:01'),(251,'智慧社区管理平台','工程实践','横向项目','T2024012','开发社区智能化管理系统','社区管理、信息系统相关专业','熟悉社区管理，了解信息化建设','approved','2024-12-13 14:37:01','2024-12-13 14:37:01'),(252,'量子网络协议研究','理论研究','教师科研','T2024013','研究量子网络通信协议','量子通信、网络工程相关专业','熟悉量子通信，了解网络协议','pending','2024-12-13 14:37:01','2024-12-13 14:37:01'),(253,'智能考试系统开发','工程实践','企业合作','T2024015','开发智能在线考试平台','软件工程、教育技术相关专业','熟悉系统开发，了解考试评估','approved','2024-12-13 14:37:01','2024-12-13 14:37:01'),(254,'深度学习模型研究','理论研究','教师科研','T2024001','研究深度学习模型优化方法','人工智能、计算机科学相关专业','熟悉深度学习，了解模型优化','approved','2024-12-13 14:37:01','2024-12-13 14:37:01'),(255,'智能生产计划系统','应用研究','企业合作','T2024017','开发生产计划智能排程系统','工业工程、运筹学相关专业','熟悉生产计划，了解优化算法','approved','2024-12-13 14:37:01','2024-12-13 14:37:01'),(256,'网络攻防演练平台','工程实践','横向项目','T2024007','开发网络安全攻防训练系统','网络安全、信息安全相关专业','熟悉网络攻防，了解安全技术','approved','2024-12-13 14:37:01','2024-12-13 14:37:01'),(257,'智能电网调度平台','应用研究','企业合作','T2024024','开发电网智能调度系统','电气工程、控制科学相关专业','熟悉电网调度，了解智能控制','approved','2024-12-13 14:37:01','2024-12-13 14:37:01'),(258,'区块链溯源系统研究','理论研究','教师科研','T2024013','研究区块链溯源系统设计','区块链技术、供应链相关专业','熟悉区块链原理，了解溯源需求','approved','2024-12-13 14:37:01','2024-12-13 14:37:01'),(259,'智能推荐引擎开发','工程实践','横向项目','T2024006','开发个性化推荐系统','人工智能、数据科学相关专业','熟悉推荐算法，了解用户画像','approved','2024-12-13 14:37:01','2024-12-13 14:37:01'),(260,'工业机器人控制器','应用研究','企业合作','T2024005','开发工业机器人控制系统','机器人工程、自动化相关专业','熟悉机器人控制，了解工业应用','approved','2024-12-13 14:37:01','2024-12-13 14:37:01'),(261,'智慧停车管理系统','工程实践','横向项目','T2024012','开发智能停车场管理平台','交通工程、物联网相关专业','熟悉停车管理，了解物联网应用','approved','2024-12-13 14:37:01','2024-12-13 14:37:01'),(262,'量子计算仿真研究','理论研究','教师科研','T2024013','研究量子计算机仿真方法','量子计算、计算机科学相关专业','熟悉量子计算，了解仿真技术','pending','2024-12-13 14:37:01','2024-12-13 14:37:01'),(263,'智能会议系统开发','工程实践','企业合作','T2024015','开发智能会议管理平台','软件工程、多媒体相关专业','熟悉系统开发，了解会议管理','approved','2024-12-13 14:37:01','2024-12-13 14:37:01'),(264,'知识图谱构建研究','理论研究','教师科研','T2024001','研究知识图谱自动构建方法','人工智能、知识工程相关专业','熟悉知识图谱，了解自然语言处理','approved','2024-12-13 14:37:01','2024-12-13 14:37:01'),(265,'智能排产系统开发','应用研究','企业合作','T2024017','开发生产排程优化系统','工业工程、运筹学相关专业','熟悉生产管理，了解优化算法','approved','2024-12-13 14:37:01','2024-12-13 14:37:01'),(266,'网络流量分析系统','工程实践','横向项目','T2024007','开发网络流量智能分析平台','网络工程、数据分析相关专业','熟悉流量分析，了解机器学习','approved','2024-12-13 14:37:01','2024-12-13 14:37:01'),(267,'智能配电房系统','应用研究','企业合作','T2024024','开发配电房智能化管理平台','电气工程、自动化相关专业','熟悉配电技术，了解智能化改造','approved','2024-12-13 14:37:01','2024-12-13 14:37:01'),(268,'区块链金融应用研究','理论研究','教师科研','T2024013','研究区块链在金融领域的应用','区块链技术、金融工程相关专业','熟悉区块链原理，了解金融业务','approved','2024-12-13 14:37:01','2024-12-13 14:37:01'),(269,'智能翻译系统开发','工程实践','横向项目','T2024006','开发智能机器翻译系统','人工智能、计算语言学相关专业','熟悉机器翻译，了解自然语言处理','approved','2024-12-13 14:37:01','2024-12-13 14:37:01'),(270,'工业数据分析平台','应用研究','企业合作','T2024005','开发工业大数据分析系统','大数据、工业工程相关专业','熟悉数据分析，了解工业生产','approved','2024-12-13 14:37:01','2024-12-13 14:37:01'),(271,'智慧物业管理系统','工程实践','横向项目','T2024012','开发智能物业服务平台','物业管理、信息系统相关专业','熟悉物业管理，了解信息化建设','approved','2024-12-13 14:37:01','2024-12-13 14:37:01'),(272,'量子通信网络研究','理论研究','教师科研','T2024013','研究量子通信网络架构','量子通信、网络工程相关专业','熟悉量子通信，了解网络技术','pending','2024-12-13 14:37:01','2024-12-13 14:37:01'),(273,'智能餐饮系统开发','工程实践','企业合作','T2024015','开发智慧餐饮管理平台','软件工程、餐饮管理相关专业','熟悉系统开发，了解餐饮运营','approved','2024-12-13 14:37:01','2024-12-13 14:37:01'),(274,'联邦学习应用研究','理论研究','教师科研','T2024001','研究联邦学习在隐私保护中的应用','人工智能、信息安全相关专业','熟悉联邦学习，了解隐私计算','approved','2024-12-13 14:37:01','2024-12-13 14:37:01'),(275,'智能设备监测系统','应用研究','企业合作','T2024017','开发设备状态监测平台','机械工程、物联网相关专业','熟悉设备监测，了解传感技术','approved','2024-12-13 14:37:01','2024-12-13 14:37:01'),(276,'网络安全态势感知','工程实践','横向项目','T2024007','开发网络安全态势感知系统','网络安全、大数据相关专业','熟悉安全分析，了解态势感知','approved','2024-12-13 14:37:01','2024-12-13 14:37:01'),(277,'智能变电站系统','应用研究','企业合作','T2024024','开发变电站智能化系统','电气工程、自动化相关专业','熟悉变电站运维，了解智能化技术','approved','2024-12-13 14:37:01','2024-12-13 14:37:01'),(278,'区块链治理研究','理论研究','教师科研','T2024013','研究区块链治理机制设计','区块链技术、管理科学相关专业','熟悉区块链原理，了解治理理论','approved','2024-12-13 14:37:01','2024-12-13 14:37:01'),(279,'智能教学系统开发','工程实践','横向项目','T2024006','开发智能教学辅助系统','教育技术、人工智能相关专业','熟悉教学设计，了解智能教育','approved','2024-12-13 14:37:01','2024-12-13 14:37:01'),(280,'工业机器视觉平台','应用研究','企业合作','T2024005','开发工业视觉检测平台','机器视觉、自动化相关专业','熟悉图像处理，了解工业应用','approved','2024-12-13 14:37:01','2024-12-13 14:37:01'),(281,'智慧医疗平台开发','工程实践','横向项目','T2024012','开发智慧医疗服务系统','医学信息、软件工程相关专业','熟悉医疗信息化，了解系统开发','approved','2024-12-13 14:37:01','2024-12-13 14:37:01'),(282,'量子密钥分发研究','理论研究','教师科研','T2024013','研究量子密钥分发协议','量子通信、密码学相关专业','熟悉量子通信，了解密码学原理','pending','2024-12-13 14:37:01','2024-12-13 14:37:01'),(283,'智能仓储系统开发','工程实践','企业合作','T2024015','开发智能仓储管理平台','物流工程、自动化相关专业','熟悉仓储管理，了解自动化技术','approved','2024-12-13 14:37:01','2024-12-13 14:37:01'),(284,'深度强化学习研究','理论研究','教师科研','T2024001','研究深度强化学习算法优化','人工智能、控制科学相关专业','熟悉强化学习，了解深度学习','approved','2024-12-13 14:37:01','2024-12-13 14:37:01'),(285,'智能生产管理系统','应用研究','企业合作','T2024017','开发生产过程管理平台','工业工程、信息管理相关专业','熟悉生产管理，了解信息系统','approved','2024-12-13 14:37:01','2024-12-13 14:37:01'),(286,'网络入侵检测系统','工程实践','横向项目','T2024007','开发网络入侵智能检测平台','网络安全、人工智能相关专业','熟悉入侵检测，了解机器学习','approved','2024-12-13 14:37:01','2024-12-13 14:37:01'),(287,'智能配网自动化','应用研究','企业合作','T2024024','开发配电网自动化系统','电气工程、自动化相关专业','熟悉配电系统，了解自动化技术','approved','2024-12-13 14:37:01','2024-12-13 14:37:01'),(288,'区块链共识机制研究','理论研究','教师科研','T2024013','研究区块链共识算法优化','区块链技术、分布式系统相关专业','熟悉共识算法，了解分布式计算','approved','2024-12-13 14:37:01','2024-12-13 14:37:01'),(289,'智能客服平台开发','工程实践','横向项目','T2024006','开发智能客服系统平台','人工智能、计算机科学相关专业','熟悉对话系统，了解客服业务','approved','2024-12-13 14:37:01','2024-12-13 14:37:01'),(290,'工业数字孪生平台','应用研究','企业合作','T2024005','开发工业设备数字孪生系统','虚拟现实、工业工程相关专业','熟悉数字孪生，了解工业建模','approved','2024-12-13 14:37:01','2024-12-13 14:37:01'),(291,'智慧园区管理系统','工程实践','横向项目','T2024012','开发园区智能化管理平台','物业管理、信息系统相关专业','熟悉园区管理，了解信息化建设','approved','2024-12-13 14:37:01','2024-12-13 14:37:01'),(292,'量子计算模拟器','理论研究','教师科研','T2024013','研究量子计算机模拟系统','量子计算、计算机科学相关专业','熟悉量子计算，了解模拟技术','pending','2024-12-13 14:37:01','2024-12-13 14:37:01'),(293,'智能办公平台开发','工程实践','企业合作','T2024015','开发智能办公协同系统','软件工程、办公自动化相关专业','熟悉系统开发，了解办公流程','approved','2024-12-13 14:37:01','2024-12-13 14:37:01'),(294,'图神经网络研究','理论研究','教师科研','T2024001','研究图神经网络算法优化','人工智能、数据科学相关专业','熟悉图算法，了解深度学习','approved','2024-12-13 14:37:01','2024-12-13 14:37:01'),(295,'智能设备管理平台','应用研究','企业合作','T2024017','开发设备智能管理系统','设备工程、物联网相关专业','熟悉设备管理，了解物联网技术','approved','2024-12-13 14:37:01','2024-12-13 14:37:01'),(296,'网络安全评估平台','工程实践','横向项目','T2024007','开发网络安全评估系统','网络安全、风险评估相关专业','熟悉安全评估，了解风险分析','approved','2024-12-13 14:37:01','2024-12-13 14:37:01'),(297,'智能电网调度系统','应用研究','企业合作','T2024024','开发电网智能调度平台','电气工程、控制科学相关专业','熟悉电网调度，了解智能控制','approved','2024-12-13 14:37:01','2024-12-13 14:37:01'),(298,'区块链溯源平台','理论研究','教师科研','T2024013','研究区块链溯源系统设计','区块链技术、供应链相关专业','熟悉区块链原理，了解溯源需求','approved','2024-12-13 14:37:01','2024-12-13 14:37:01'),(299,'智能推荐系统开发','工程实践','横向项目','T2024006','开发个性化推荐平台','人工智能、数据科学相关专业','熟悉推荐算法，了解用户画像','approved','2024-12-13 14:37:01','2024-12-13 14:37:01'),(300,'工业机器人系统','应用研究','企业合作','T2024005','开发工业机器人控制平台','机器人工程、自动化相关专业','熟悉机器人控制，了解工业应用','approved','2024-12-13 14:37:01','2024-12-13 14:37:01'),(301,'asfdfd','理论研究','教师科研','T2024006','a6dfs31','651df3','6sfd31','selected','2024-12-14 18:47:37','2024-12-16 13:40:30'),(302,'基于深度学习的图像识别系统设计与实现','工程设计','企业合作','T2024006','本课题旨在设计和实现一个基于深度学习的图像识别系统。主要研究内容包括：1. 深度学习模型的选择与优化 2. 图像预处理技术 3. 模型训练与评估 4. 系统集成与部署','计算机科学与技术、软件工程相关专业','1. 熟悉Python编程 2. 了解深度学习基础知识 3. 具有良好的学习能力','selected','2024-12-14 19:51:02','2024-12-15 23:33:30'),(303,'智能家居物联网平台开发','工程设计','教师科研','T2024006','开发一个智能家居物联网管理平台，实现设备接入、数据采集、远程控制等功能。重点研究物联网通信协议、数据安全传输、实时控制等技术','物联网工程、计算机科学与技术','1. 熟悉Java或Python编程 2. 了解物联网相关知识 3. 有项目开发经验优先','pending','2024-12-14 19:51:02','2024-12-14 21:38:57'),(304,'区块链在供应链金融中的应用研究','理论研究','教师科研','T2024006','研究区块链技术在供应链金融中的应用场景和实现方案，包括智能合约设计、共识机制优化等内容','金融工程、计算机科学','1. 对区块链技术感兴趣 2. 具备良好的金融知识背景 3. 较强的研究能力','pending','2024-12-14 19:51:02','2024-12-14 21:42:06'),(305,'基于微服务架构的电子商务平台设计','工程设计','企业合作','T2024006','设计并实现一个基于微服务架构的电子商务平台，研究微服务拆分、服务治理、分布式事务等关键技术','软件工程、计算机科学与技术','1. 熟悉Java开发 2. 了解Spring Cloud框架 3. 具备基本的架构设计能力','draft','2024-12-14 19:51:02','2024-12-14 19:51:02'),(306,'人工智能在医疗影像诊断中的应用','理论研究','教师科研','T2024006','研究人工智能技术在医疗影像诊断中的应用，包括图像分割、病灶检测、辅助诊断等方向','生物医学工程、计算机科学','1. 具备机器学习基础 2. 了解医学影像基本知识 3. 较强的算法实现能力','pending','2024-12-14 19:51:02','2024-12-14 21:34:22'),(307,'大数据分析在智慧城市中的应用研究','工程设计','政府合作','T2024006','研究大数据分析技术在智慧城市建设中的应用，包括数据采集、存储、分析和可视化等方面','计算机科学、大数据','1. 熟悉大数据处理技术 2. 了解数据分析方法 3. 具有良好的编程能力','draft','2024-12-14 19:51:02','2024-12-14 19:51:02'),(308,'云原生应用开发与容器化部署研究','工程设计','企业合作','T2024006','研究云原生应用开发技术和容器化部署方案，包括容器编排、服务网格、云原生存储等内容','软件工程、云计算','1. 熟悉Docker和Kubernetes 2. 了解云计算技术 3. 具备DevOps实践经验','draft','2024-12-14 19:51:02','2024-12-14 19:51:02'),(309,'边缘计算在工业物联网中的应用','理论研究','企业合作','T2024006','研究边缘计算在工业物联网场景中的应用，包括实时数据处理、边缘智能决策、分布式计算等方向','物联网工程、计算机科学','1. 了解边缘计算概念 2. 具备嵌入式开发能力 3. 熟悉工业协议','draft','2024-12-14 19:51:02','2024-12-14 19:51:02'),(310,'网络安全态势感知系统设计','工程设计','教师科研','T2024006','设计实现一个网络安全态势感知系统，研究安全数据采集、分析、可视化等关键技术','网络工程、信息安全','1. 熟悉网络安全技术 2. 了解机器学习 3. 具备系统开发能力','pending','2024-12-14 19:51:02','2024-12-14 21:34:17'),(311,'5G通信中的人工智能应用研究','理论研究','教师科研','T2024006','研究5G通信网络中的人工智能应用，包括网络优化、智能调度、故障预测等方向','通信工程、人工智能','1. 了解5G通信原理 2. 具备机器学习基础 3. 较强的数学建模能力','approved','2024-12-14 19:51:02','2024-12-14 21:30:48'),(312,'saghdjf','理论研究','教师科研','T2024006','456s3bdg','gd45sn31fu','65132g','pending','2024-12-14 21:35:30','2024-12-14 21:35:33'),(313,'hdjtfgh','理论研究','教师科研','T2024006','65sgf4kyu56o1j','g6h85gh1l3lk','g6hj8531jk','rejected','2024-12-14 21:36:32','2024-12-14 21:57:52'),(314,'基于深度学习的图像识别系统设计与实现','工程设计','企业合作','T2024006','本课题旨在设计和实现一个基于深度学习的图像识别系统。主要研究内容包括：1. 深度学习模型的选择与优化 2. 图像预处理技术 3. 模型训练与评估 4. 系统集成与部署','计算机科学与技术、软件工程相关专业','1. 熟悉Python编程 2. 了解深度学习基础知识 3. 具有良好的学习能力','pending','2024-12-14 22:43:04','2024-12-14 22:51:57'),(315,'智能家居物联网平台开发','工程设计','教师科研','T2024006','开发一个智能家居物联网管理平台，实现设备接入、数据采集、远程控制等功能。重点研究物联网通信协议、数据安全传输、实时控制等技术','物联网工程、计算机科学与技术','1. 熟悉Java或Python编程 2. 了解物联网相关知识 3. 有项目开发经验优先','pending','2024-12-14 22:43:04','2024-12-14 22:52:02'),(316,'区块链在供应链金融中的应用研究','理论研究','教师科研','T2024006','研究区块链技术在供应链金融中的应用场景和实现方案，包括智能合约设计、共识机制优化等内容','金融工程、计算机科学','1. 对区块链技术感兴趣 2. 具备良好的金融知识背景 3. 较强的研究能力','draft','2024-12-14 22:43:04','2024-12-14 22:43:04'),(317,'基于微服务架构的电子商务平台设计','工程设计','企业合作','T2024006','设计并实现一个基于微服务架构的电子商务平台，研究微服务拆分、服务治理、分布式事务等关键技术','软件工程、计算机科学与技术','1. 熟悉Java开发 2. 了解Spring Cloud框架 3. 具备基本的架构设计能力','draft','2024-12-14 22:43:04','2024-12-14 22:43:04'),(318,'人工智能在医疗影像诊断中的应用','理论研究','教师科研','T2024006','研究人工智能技术在医疗影像诊断中的应用，包括图像分割、病灶检测、辅助诊断等方向','生物医学工程、计算机科学','1. 具备机器学习基础 2. 了解医学影像基本知识 3. 较强的算法实现能力','draft','2024-12-14 22:43:04','2024-12-14 22:43:04'),(319,'大数据分析在智慧城市中的应用研究','工程设计','政府合作','T2024006','研究大数据分析技术在智慧城市建设中的应用，包括数据采集、存储、分析和可视化等方面','计算机科学、大数据','1. 熟悉大数据处理技术 2. 了解数据分析方法 3. 具有良好的编程能力','draft','2024-12-14 22:43:04','2024-12-14 22:43:04'),(320,'云原生应用开发与容器化部署研究','工程设计','企业合作','T2024006','研究云原生应用开发技术和容器化部署方案，包括容器编排、服务网格、云原生存储等内容','软件工程、云计算','1. 熟悉Docker和Kubernetes 2. 了解云计算技术 3. 具备DevOps实践经验','draft','2024-12-14 22:43:04','2024-12-14 22:43:04'),(321,'边缘计算在工业物联网中的应用','理论研究','企业合作','T2024006','研究边缘计算在工业物联网场景中的应用，包括实时数据处理、边缘智能决策、分布式计算等方向','物联网工程、计算机科学','1. 了解边缘计算概念 2. 具备嵌入式开发能力 3. 熟悉工业协议','draft','2024-12-14 22:43:04','2024-12-14 22:43:04'),(322,'网络安全态势感知系统设计','工程设计','教师科研','T2024006','设计实现一个网络安全态势感知系统，研究安全数据采集、分析、可视化等关键技术','网络工程、信息安全','1. 熟悉网络安全技术 2. 了解机器学习 3. 具备系统开发能力','draft','2024-12-14 22:43:04','2024-12-14 22:43:04'),(323,'5G通信中的人工智能应用研究','理论研究','教师科研','T2024006','研究5G通信网络中的人工智能应用，包括网络优化、智能调度、故障预测等方向','通信工程、人工智能','1. 了解5G通信原理 2. 具备机器学习基础 3. 较强的数学建模能力','draft','2024-12-14 22:43:04','2024-12-14 22:43:04'),(324,'dgiherus','工程实践','教师科研','T2024006','f6sg4565tse1hte','654g6l3hj2k1hg68jf53th','6h8j4g5h132g3jf64tr163f2sdgetr6h','pending','2024-12-14 22:59:56','2024-12-14 23:00:04'),(325,'sthdyjdg','理论研究','hdhdhmtjed','T2024017','dsghncndmdmghn','rshfhnchndghhmd','dfhfgncfncvh','draft','2024-12-27 15:54:19','2024-12-27 15:54:19'),(327,'test1','应用研究','教师科研','T2024001','本课题旨在设计和实现一个基于机器学习的网络流量异常检测系统，运用机器学习算法对网络流量进行分析，实现对网络攻击和异常行为的实时检测','计算机科学与技术、网络工程、信息安全等相关专业','熟悉Python或Java编程，了解常见机器学习算法，具备基本的网络安全知识，有相关项目经验者优先','selected','2024-12-30 14:01:32','2024-12-30 14:29:35'),(328,'test3','应用研究','教师科研','T2024001','9999999990','9999999990','9999999990','selected','2024-12-31 13:41:10','2024-12-31 13:51:22'),(329,'test4','应用研究','教师科研','T2024001','9999999990','9999999980','8888888880','selected','2024-12-31 17:14:29','2024-12-31 17:20:09'),(330,'test5','应用研究','教师科研','T2024001','888888880','7777777770','6666666660','selected','2025-01-02 00:26:22','2025-01-02 00:28:55'),(331,'test5','理论研究','教师科研','T2024001','sfuykaghaugea','gearkyghluigaer','arkuyarhkiawiufa','selected','2025-01-02 08:40:59','2025-01-02 08:42:46');
/*!40000 ALTER TABLE `topics` ENABLE KEYS */;
UNLOCK TABLES;
DROP TABLE IF EXISTS `translation_reviews`;
/*!40101 SET @saved_cs_client     = @@character_set_client */;
/*!50503 SET character_set_client = utf8mb4 */;
CREATE TABLE `translation_reviews` (
  `id` int NOT NULL AUTO_INCREMENT,
  `student_id` varchar(50) NOT NULL,
  `file_url` varchar(255) DEFAULT NULL COMMENT '文件URL',
  `file_size` bigint DEFAULT NULL COMMENT '文件大小(字节)',
  `submit_time` datetime DEFAULT NULL COMMENT '提交时间',
  `version` int NOT NULL DEFAULT '1' COMMENT '版本号',
  `language_accuracy_score` decimal(5,2) DEFAULT NULL COMMENT '语言准确性分数',
  `content_integrity_score` decimal(5,2) DEFAULT NULL COMMENT '内容完整性分数',
  `format_score` decimal(5,2) DEFAULT NULL COMMENT '格式规范分数',
  `total_score` decimal(5,2) DEFAULT NULL COMMENT '总分',
  `language_accuracy_comment` text COMMENT '语言准确性评语',
  `content_integrity_comment` text COMMENT '内容完整性评语',
  `format_comment` text COMMENT '格式规范评语',
  `general_comment` text COMMENT '总体评语',
  `improvement_suggestions` text COMMENT '改进建议',
  `status` enum('pending','reviewing','revision_needed','completed') DEFAULT 'pending',
  `created_at` datetime DEFAULT CURRENT_TIMESTAMP,
  `updated_at` datetime DEFAULT CURRENT_TIMESTAMP ON UPDATE CURRENT_TIMESTAMP,
  PRIMARY KEY (`id`),
  KEY `idx_student_status` (`student_id`,`status`),
  CONSTRAINT `translation_reviews_ibfk_1` FOREIGN KEY (`student_id`) REFERENCES `students` (`student_id`) ON DELETE CASCADE
) ENGINE=InnoDB AUTO_INCREMENT=8 DEFAULT CHARSET=utf8mb4 COLLATE=utf8mb4_0900_ai_ci COMMENT='外文翻译评审表';
/*!40101 SET character_set_client = @saved_cs_client */;

LOCK TABLES `translation_reviews` WRITE;
/*!40000 ALTER TABLE `translation_reviews` DISABLE KEYS */;
INSERT INTO `translation_reviews` VALUES (1,'S2024105','uploads/translation/S2024105_translation_1734536498995.docx',12738,'2024-12-18 23:44:11',5,85.00,78.00,87.00,83.33,'gsrthjujdjytdj','hdjdnhdndhnd','hshthsgfxncbbfxvc','fthydtkdmd','jfdgjdtyjdyjdf','completed','2024-12-18 23:27:11','2024-12-19 10:13:41'),(2,'S2024107','uploads/translation/S2024107_translation.docx',NULL,'2024-12-30 16:44:29',1,98.00,78.00,85.00,87.00,'fesghewrguolaoget','faihraehuaegololgar','iuahliahagurre','wfaliuaerhlegluaetg','tluiraehaeghuaer','pending','2024-12-30 16:54:31','2025-01-02 00:32:42'),(3,'S2024115','uploads/translation/S2024115_translation.docx',NULL,'2024-12-31 14:01:25',1,88.00,86.00,89.00,87.67,'egkghlesulsgt','ihkghaelgr','flaiheaeligaje','faeliguearlgl','ekfarerlgawrgs','completed','2024-12-31 14:01:25','2024-12-31 14:02:01'),(4,'S2024084','uploads/translation/S2024084_translation.pdf',NULL,'2024-12-31 17:30:04',1,89.00,87.00,100.00,92.00,'asfglihgahugtuilaeg','agksehuaeg','gaierghalgua','rgakerghiaeruage','afskahikarluiaer','completed','2024-12-31 17:30:04','2024-12-31 17:30:48'),(5,'S2024117','uploads/translation/S2024117_translation.pdf',NULL,'2025-01-02 00:34:37',1,78.00,89.00,68.00,78.33,'rguahrgliuearjig;eri','farughaligjao;rgi','flawrighawuigaelaerg','aefkuyaewhfiuwlualugaelui','fkayufghaulargararg','completed','2025-01-02 00:33:18','2025-01-02 00:35:31'),(6,'S2024020','uploads/translation/S2024020_translation.pdf',NULL,'2025-01-02 08:55:34',1,89.00,98.00,78.00,88.33,'sbgfiasuhglair','fhlweufjlaroiwjfl','foawrigarjelrf','fiawrulfhawrluifwr','rakfihawrkawuh','completed','2025-01-02 08:54:50','2025-01-02 09:03:18'),(7,'S2024127','uploads/translation/S2024127_translation.pdf',NULL,'2025-01-02 09:48:01',1,88.00,78.00,98.00,88.00,'gstliuhstrostr','grkauerhalgr','gaerukghuliaeg','faerukgahliaer','rghkaehuag','completed','2025-01-02 09:48:01','2025-01-02 09:48:20');
/*!40000 ALTER TABLE `translation_reviews` ENABLE KEYS */;
UNLOCK TABLES;
/*!50003 SET @saved_cs_client      = @@character_set_client */ ;
/*!50003 SET @saved_cs_results     = @@character_set_results */ ;
/*!50003 SET @saved_col_connection = @@collation_connection */ ;
/*!50003 SET character_set_client  = utf8mb4 */ ;
/*!50003 SET character_set_results = utf8mb4 */ ;
/*!50003 SET collation_connection  = utf8mb4_0900_ai_ci */ ;
/*!50003 SET @saved_sql_mode       = @@sql_mode */ ;
/*!50003 SET sql_mode              = 'ONLY_FULL_GROUP_BY,STRICT_TRANS_TABLES,NO_ZERO_IN_DATE,NO_ZERO_DATE,ERROR_FOR_DIVISION_BY_ZERO,NO_ENGINE_SUBSTITUTION' */ ;
DELIMITER ;;
/*!50003 CREATE*/ /*!50017 DEFINER=`root`@`localhost`*/ /*!50003 TRIGGER `translation_review_version_update` BEFORE UPDATE ON `translation_reviews` FOR EACH ROW BEGIN
    -- 当状态变更为 revision_needed 时，版本号加1
    IF NEW.status = 'revision_needed' AND OLD.status != 'revision_needed' THEN
        SET NEW.version = OLD.version + 1;
    END IF;
END */;;
DELIMITER ;
/*!50003 SET sql_mode              = @saved_sql_mode */ ;
/*!50003 SET character_set_client  = @saved_cs_client */ ;
/*!50003 SET character_set_results = @saved_cs_results */ ;
/*!50003 SET collation_connection  = @saved_col_connection */ ;
DROP TABLE IF EXISTS `users`;
/*!40101 SET @saved_cs_client     = @@character_set_client */;
/*!50503 SET character_set_client = utf8mb4 */;
CREATE TABLE `users` (
  `user_id` varchar(20) NOT NULL,
  `username` varchar(50) NOT NULL,
  `password` varchar(255) NOT NULL,
  `role` enum('superadmin','admin','teacher','student','guest') NOT NULL,
  `staff_id` varchar(20) DEFAULT NULL COMMENT '职工号',
  `student_id` varchar(20) DEFAULT NULL COMMENT '学号',
  `login_count` int DEFAULT '0',
  `name` varchar(50) DEFAULT NULL,
  `gender` enum('male','female') DEFAULT NULL,
  `department` varchar(100) DEFAULT NULL,
  `major` varchar(100) DEFAULT NULL COMMENT '学生专业',
  `title` varchar(100) DEFAULT NULL COMMENT '教师职称',
  `email` varchar(100) DEFAULT NULL,
  `phone` varchar(20) DEFAULT NULL,
  `introduction` text,
  `updated_at` timestamp NULL DEFAULT CURRENT_TIMESTAMP ON UPDATE CURRENT_TIMESTAMP,
  `status` enum('active','inactive','locked') DEFAULT 'active',
  `last_login_time` timestamp NULL DEFAULT NULL,
  `last_login_ip` varchar(50) DEFAULT NULL,
  `avatar_url` varchar(255) DEFAULT NULL,
  `created_at` timestamp NULL DEFAULT CURRENT_TIMESTAMP,
  PRIMARY KEY (`user_id`),
  UNIQUE KEY `idx_staff_id` (`staff_id`),
  UNIQUE KEY `idx_student_id` (`student_id`),
  KEY `idx_role` (`role`),
  KEY `idx_username_status` (`username`,`status`)
) ENGINE=InnoDB DEFAULT CHARSET=utf8mb4 COLLATE=utf8mb4_0900_ai_ci;
/*!40101 SET character_set_client = @saved_cs_client */;

LOCK TABLES `users` WRITE;
/*!40000 ALTER TABLE `users` DISABLE KEYS */;
INSERT INTO `users` VALUES ('A2024001','王管理','$2a$10$udP7JcUSRnL0/Hyy6L4SK.s9XKaP.RRGAbWfVoN.FbIK6Y24fD1rW','admin',NULL,NULL,27,'王管理','male','计算机科学与技术学院',NULL,'部门主管','王管理@university.edu','1392914632','王管理的个人简介','2024-12-15 16:04:27','active','2024-12-15 16:04:27','::1',NULL,'2024-12-10 13:37:45'),('A2024002','manager2','$2a$10$CZbv5Wo0tvEWVf6XGFgju.MVl0cebBK/JAHNfdzUV5SmX/nIiRjUa','admin',NULL,NULL,0,'王娜','male','计算机科学与技术学院',NULL,'部门主管','manager2@test.com','13931493736','王娜的个人简介','2024-12-13 14:51:39','active',NULL,NULL,NULL,'2024-12-10 13:54:16'),('A2024003','manager3','$2a$10$CZbv5Wo0tvEWVf6XGFgju.MVl0cebBK/JAHNfdzUV5SmX/nIiRjUa','admin',NULL,NULL,0,'刘秀英','male','人工智能学院',NULL,'部门主管','manager3@test.com','13976099696','刘秀英的个人简介','2024-12-13 14:51:39','active',NULL,NULL,NULL,'2024-12-10 13:54:16'),('A2024005','manager5','$2a$10$CZbv5Wo0tvEWVf6XGFgju.MVl0cebBK/JAHNfdzUV5SmX/nIiRjUa','admin',NULL,NULL,0,'杨静','male','计算机科学与技术学院',NULL,'部门主管','manager5@test.com','13988752688','杨静的个人简介','2025-01-02 01:57:07','active',NULL,NULL,NULL,'2024-12-10 13:54:16'),('A2024007','manager7','$2a$10$CZbv5Wo0tvEWVf6XGFgju.MVl0cebBK/JAHNfdzUV5SmX/nIiRjUa','admin',NULL,NULL,0,'黄强','female','软件工程学院',NULL,'部门主管','manager7@test.com','13964754602','黄强的个人简介','2024-12-13 14:51:39','active',NULL,NULL,NULL,'2024-12-10 13:54:16'),('A2024008','manager8','$2a$10$CZbv5Wo0tvEWVf6XGFgju.MVl0cebBK/JAHNfdzUV5SmX/nIiRjUa','admin',NULL,NULL,0,'周磊','male','人工智能学院',NULL,'部门主管','manager8@test.com','13959697401','周磊的个人简介','2024-12-13 14:51:39','active',NULL,NULL,NULL,'2024-12-10 13:54:16'),('admin_ai_001','aiadmin','$2a$10$udP7JcUSRnL0/Hyy6L4SK.s9XKaP.RRGAbWfVoN.FbIK6Y24fD1rW','admin','AI20240103',NULL,1,'王强','male','人工智能学院',NULL,'系主任','aiadmin@university.edu','13800000003','人工智能学院系主任，深耕计算机视觉与深度学习领域。','2024-12-30 02:55:05','active','2024-12-13 14:43:03','::1',NULL,'2024-12-13 14:32:09'),('admin_cs_001','csadmin','$2a$10$udP7JcUSRnL0/Hyy6L4SK.s9XKaP.RRGAbWfVoN.FbIK6Y24fD1rW','admin','CS20240101',NULL,83,'张明','male','计算机科学与技术学院',NULL,'系主任','csadmin@university.edu','13800000001','计算机科学与技术学院系主任，主要研究方向为人工智能与机器学习。','2025-01-02 01:52:38','active','2025-01-02 01:52:38','::1',NULL,'2024-12-13 14:32:09'),('admin_ee_001','eeadmin','$2a$10$udP7JcUSRnL0/Hyy6L4SK.s9XKaP.RRGAbWfVoN.FbIK6Y24fD1rW','admin','EE20240104',NULL,6,'刘芳','female','电子信息工程学院',NULL,'系主任','eeadmin@university.edu','13800000004','电子信息工程学院系主任，专注于通信技术与信息处理研究。','2025-01-01 05:48:11','active','2025-01-01 05:48:11','::1',NULL,'2024-12-13 14:32:09'),('admin_se_001','seadmin','$2a$10$udP7JcUSRnL0/Hyy6L4SK.s9XKaP.RRGAbWfVoN.FbIK6Y24fD1rW','admin','SE20240102',NULL,15,'李华','female','软件工程学院',NULL,'系主任','seadmin@university.edu','13800000002','软件工程学院系主任，专注于软件工程方法学和软件质量保证研究。','2024-12-29 15:43:59','active','2024-12-29 15:43:59','::1',NULL,'2024-12-13 14:32:09'),('G0934587486','方可','$2a$10$tyw0agmzK.HBV.5.jTgnCe7/jy4PoneZorupErB6lFqyU284EJWNy','guest',NULL,NULL,20,NULL,NULL,NULL,NULL,NULL,NULL,NULL,NULL,'2025-01-01 16:45:54','active','2025-01-01 16:45:54','::1',NULL,'2024-12-14 15:42:14'),('G2024001','guest1','$2a$10$CZbv5Wo0tvEWVf6XGFgju.MVl0cebBK/JAHNfdzUV5SmX/nIiRjUa','guest',NULL,NULL,0,'访客1','female','外部单位',NULL,NULL,'guest1@test.com','13930565037','访客1的个人简介','2024-12-10 13:54:16','active',NULL,NULL,NULL,'2024-12-10 13:54:16'),('G2024002','guest2','$2a$10$CZbv5Wo0tvEWVf6XGFgju.MVl0cebBK/JAHNfdzUV5SmX/nIiRjUa','guest',NULL,NULL,0,'访客2','male','外部单位',NULL,NULL,'guest2@test.com','13914182137','访客2的个人简介','2024-12-10 13:54:16','active',NULL,NULL,NULL,'2024-12-10 13:54:16'),('G2024003','guest3','$2a$10$CZbv5Wo0tvEWVf6XGFgju.MVl0cebBK/JAHNfdzUV5SmX/nIiRjUa','guest',NULL,NULL,0,'访客3','male','外部单位',NULL,NULL,'guest3@test.com','13931217073','访客3的个人简介','2024-12-10 13:54:16','active',NULL,NULL,NULL,'2024-12-10 13:54:16'),('G2024004','guest4','$2a$10$CZbv5Wo0tvEWVf6XGFgju.MVl0cebBK/JAHNfdzUV5SmX/nIiRjUa','guest',NULL,NULL,0,'访客4','male','外部单位',NULL,NULL,'guest4@test.com','13926175341','访客4的个人简介','2024-12-10 13:54:16','active',NULL,NULL,NULL,'2024-12-10 13:54:16'),('G2024005','guest5','$2a$10$CZbv5Wo0tvEWVf6XGFgju.MVl0cebBK/JAHNfdzUV5SmX/nIiRjUa','guest',NULL,NULL,0,'访客5','male','外部单位',NULL,NULL,'guest5@test.com','13941162761','访客5的个人简介','2024-12-10 13:54:16','active',NULL,NULL,NULL,'2024-12-10 13:54:16'),('G2024006','guest6','$2a$10$CZbv5Wo0tvEWVf6XGFgju.MVl0cebBK/JAHNfdzUV5SmX/nIiRjUa','guest',NULL,NULL,0,'访客6','female','外部单位',NULL,NULL,'guest6@test.com','13907269863','访客6的个人简介','2024-12-10 13:54:16','active',NULL,NULL,NULL,'2024-12-10 13:54:16'),('G2024007','guest7','$2a$10$CZbv5Wo0tvEWVf6XGFgju.MVl0cebBK/JAHNfdzUV5SmX/nIiRjUa','guest',NULL,NULL,0,'访客7','female','外部单位',NULL,NULL,'guest7@test.com','13970249980','访客7的个人简介','2024-12-10 13:54:16','active',NULL,NULL,NULL,'2024-12-10 13:54:16'),('G2024008','guest8','$2a$10$CZbv5Wo0tvEWVf6XGFgju.MVl0cebBK/JAHNfdzUV5SmX/nIiRjUa','guest',NULL,NULL,0,'访客8','male','外部单位',NULL,NULL,'guest8@test.com','13942807023','访客8的个人简介','2024-12-10 13:54:16','active',NULL,NULL,NULL,'2024-12-10 13:54:16'),('G2024009','guest9','$2a$10$CZbv5Wo0tvEWVf6XGFgju.MVl0cebBK/JAHNfdzUV5SmX/nIiRjUa','guest',NULL,NULL,0,'访客9','male','外部单位',NULL,NULL,'guest9@test.com','13996662608','访客9的个人简介','2024-12-10 13:54:16','active',NULL,NULL,NULL,'2024-12-10 13:54:16'),('G2024010','guest10','$2a$10$CZbv5Wo0tvEWVf6XGFgju.MVl0cebBK/JAHNfdzUV5SmX/nIiRjUa','guest',NULL,NULL,0,'访客10','female','外部单位',NULL,NULL,'guest10@test.com','13932000979','访客10的个人简介','2024-12-10 13:54:16','active',NULL,NULL,NULL,'2024-12-10 13:54:16'),('G2024081','Loki','$2a$10$4PClkmBkJ3nnfwnj.wnXzOMg0..p7Z/5prVpZQTihXk4aFIIMB61S','guest',NULL,NULL,2,'By','male','',NULL,'','2915399378@qq.com','15049051686','By的个人简介','2024-12-13 14:51:39','active','2024-12-10 14:35:57','::1',NULL,'2024-12-10 13:40:17'),('G2024315','test','$2a$10$LylUmxmY6CW45pDw6zIUgOZfV218CNr3/JpWhP5m1OK2qKgi4OObq','guest',NULL,NULL,0,'aufhsgjk','male','',NULL,'','4561237894@qq.com','15376959676','aufhsgjk的个人简介','2024-12-13 14:51:39','active',NULL,NULL,NULL,'2024-12-12 07:31:09'),('G9055083583','dfad','$2a$10$1AolUv903uH6lVL1.69ZauL4i9LypdHCZ9MuRkBWyibjBFDlc1Fne','guest',NULL,NULL,0,'dfad','male',NULL,NULL,NULL,'dfad@university.edu','13939955769','dfad的个人简介','2024-12-13 14:51:39','active',NULL,NULL,NULL,'2024-12-12 07:37:35'),('G9204049729','asda','$2a$10$j7BxN2MZz5v5PF5cJSw6R.9hi0amWPosckbx9FxtizYF3lj.eQLG2','guest',NULL,NULL,0,'asda','male',NULL,NULL,NULL,'asda@university.edu','13991034952','asda的个人简介','2024-12-13 14:51:39','active',NULL,NULL,NULL,'2024-12-12 07:40:04'),('G9319052297','ads','$2a$10$ZQBoh2/xgwvliRTUA7J7J.AZCRwX1ZRCqF57r6i/rdJBcAx9NyLoW','guest',NULL,NULL,0,'ads','male','',NULL,'','asgsh@qq.com','15376959676','ads的个人简介','2024-12-13 14:51:39','active',NULL,NULL,NULL,'2024-12-12 07:41:59'),('G9467326781','asdfgsh','$2a$10$edID/sPnm9ff6gzPbsWF0ucAsIs64WP9yddfKNMMDR6rLPdHTh24i','guest',NULL,NULL,0,'asdfgsh','male',NULL,NULL,NULL,'asdfgsh@university.edu','13935307456','asdfgsh的个人简介','2024-12-13 14:51:39','active',NULL,NULL,NULL,'2024-12-12 07:44:27'),('G9876306369','123456','$2a$10$hxPUfERRqcgzyibLiHNIr.gOKFk0DRKUc85JYqxNMV/KI4fltqTbK','guest',NULL,NULL,0,'123456','male',NULL,NULL,NULL,'123456@university.edu','1393432429','123456的个人简介','2024-12-13 14:51:39','active',NULL,NULL,NULL,'2024-12-12 07:51:16'),('S2024001','李同学','$2a$10$udP7JcUSRnL0/Hyy6L4SK.s9XKaP.RRGAbWfVoN.FbIK6Y24fD1rW','student',NULL,'S2024001',8,'李同学','male','计算机科学与技术学院','计算机科学与技术',NULL,'2915399378@qq.com','15376959676','','2024-12-16 03:28:23','active','2024-12-16 03:27:44','::1',NULL,'2024-12-10 13:37:45'),('S2024002','student2','$2a$10$CZbv5Wo0tvEWVf6XGFgju.MVl0cebBK/JAHNfdzUV5SmX/nIiRjUa','student',NULL,'s2024002',0,'王娜','female','计算机科学与技术学院','信息安全',NULL,'student2@test.com','13976328835','王娜的个人简介','2024-12-13 14:51:39','active',NULL,NULL,NULL,'2024-12-10 13:54:16'),('S2024003','student3','$2a$10$CZbv5Wo0tvEWVf6XGFgju.MVl0cebBK/JAHNfdzUV5SmX/nIiRjUa','student',NULL,'SS2024003',0,'刘秀英','female','人工智能学院','人工智能',NULL,'student3@test.com','13958890202','刘秀英的个人简介','2024-12-13 14:51:39','active',NULL,NULL,NULL,'2024-12-10 13:54:16'),('S2024004','student4','$2a$10$CZbv5Wo0tvEWVf6XGFgju.MVl0cebBK/JAHNfdzUV5SmX/nIiRjUa','student',NULL,'SS2024004',0,'陈敏','female','人工智能学院','数据科学',NULL,'student4@test.com','13948050005','陈敏的个人简介','2024-12-13 14:51:39','active',NULL,NULL,NULL,'2024-12-10 13:54:16'),('S2024005','student5','$2a$10$CZbv5Wo0tvEWVf6XGFgju.MVl0cebBK/JAHNfdzUV5SmX/nIiRjUa','student',NULL,'SS2024005',0,'杨静','female','计算机科学与技术学院','计算机科学与技术',NULL,'student5@test.com','13983854719','杨静的个人简介','2024-12-13 14:51:39','active',NULL,NULL,NULL,'2024-12-10 13:54:16'),('S2024006','student6','$2a$10$CZbv5Wo0tvEWVf6XGFgju.MVl0cebBK/JAHNfdzUV5SmX/nIiRjUa','student',NULL,'SS2024006',1,'赵丽','female','软件工程学院','软件工程',NULL,'student6@test.com','13944296979','赵丽的个人简介','2024-12-16 08:13:00','active','2024-12-16 08:13:00','::1',NULL,'2024-12-10 13:54:16'),('S2024007','student7','$2a$10$CZbv5Wo0tvEWVf6XGFgju.MVl0cebBK/JAHNfdzUV5SmX/nIiRjUa','student',NULL,'SS2024007',0,'黄强','male','计算机科学与技术学院','信息安全',NULL,'student7@test.com','13983364204','黄强的个人简介','2024-12-13 14:51:39','active',NULL,NULL,NULL,'2024-12-10 13:54:16'),('S2024008','student8','$2a$10$CZbv5Wo0tvEWVf6XGFgju.MVl0cebBK/JAHNfdzUV5SmX/nIiRjUa','student',NULL,'SS2024008',0,'周磊','male','人工智能学院','人工智能',NULL,'student8@test.com','13942134133','周磊的个人简介','2024-12-13 14:51:39','active',NULL,NULL,NULL,'2024-12-10 13:54:16'),('S2024009','student9','$2a$10$CZbv5Wo0tvEWVf6XGFgju.MVl0cebBK/JAHNfdzUV5SmX/nIiRjUa','student',NULL,'SS2024009',0,'吴洋','male','人工智能学院','数据科学',NULL,'student9@test.com','13956905893','吴洋的个人简介','2024-12-13 14:51:39','active',NULL,NULL,NULL,'2024-12-10 13:54:16'),('S2024010','student10','$2a$10$CZbv5Wo0tvEWVf6XGFgju.MVl0cebBK/JAHNfdzUV5SmX/nIiRjUa','student',NULL,'SS2024010',1,'张伟','male','计算机科学与技术学院','计算机科学与技术',NULL,'student10@test.com','13902463723','张伟的个人简介','2024-12-30 06:22:58','active','2024-12-30 06:22:58','::1',NULL,'2024-12-10 13:54:16'),('S2024011','student11','$2a$10$CZbv5Wo0tvEWVf6XGFgju.MVl0cebBK/JAHNfdzUV5SmX/nIiRjUa','student',NULL,'SS2024011',0,'李芳','male','软件工程学院','软件工程',NULL,'student11@test.com','13998373545','李芳的个人简介','2024-12-13 14:51:39','active',NULL,NULL,NULL,'2024-12-10 13:54:16'),('S2024012','student12','$2a$10$CZbv5Wo0tvEWVf6XGFgju.MVl0cebBK/JAHNfdzUV5SmX/nIiRjUa','student',NULL,'SS2024012',0,'王娜','male','计算机科学与技术学院','信息安全',NULL,'student12@test.com','13983702334','王娜的个人简介','2024-12-13 14:51:39','active',NULL,NULL,NULL,'2024-12-10 13:54:16'),('S2024013','student13','$2a$10$CZbv5Wo0tvEWVf6XGFgju.MVl0cebBK/JAHNfdzUV5SmX/nIiRjUa','student',NULL,'SS2024013',0,'刘秀英','female','人工智能学院','人工智能',NULL,'student13@test.com','13973974073','刘秀英的个人简介','2024-12-13 14:51:39','active',NULL,NULL,NULL,'2024-12-10 13:54:16'),('S2024014','student14','$2a$10$CZbv5Wo0tvEWVf6XGFgju.MVl0cebBK/JAHNfdzUV5SmX/nIiRjUa','student',NULL,'SS2024014',0,'陈敏','female','人工智能学院','数据科学',NULL,'student14@test.com','13959634221','陈敏的个人简介','2024-12-13 14:51:39','active',NULL,NULL,NULL,'2024-12-10 13:54:16'),('S2024015','student15','$2a$10$CZbv5Wo0tvEWVf6XGFgju.MVl0cebBK/JAHNfdzUV5SmX/nIiRjUa','student',NULL,'SS2024015',0,'杨静','female','计算机科学与技术学院','计算机科学与技术',NULL,'student15@test.com','13993053630','杨静的个人简介','2024-12-13 14:51:39','active',NULL,NULL,NULL,'2024-12-10 13:54:16'),('S2024016','student16','$2a$10$CZbv5Wo0tvEWVf6XGFgju.MVl0cebBK/JAHNfdzUV5SmX/nIiRjUa','student',NULL,'SS2024016',0,'赵丽','female','软件工程学院','软件工程',NULL,'student16@test.com','13996796899','赵丽的个人简介','2024-12-13 14:51:39','active',NULL,NULL,NULL,'2024-12-10 13:54:16'),('S2024017','student17','$2a$10$CZbv5Wo0tvEWVf6XGFgju.MVl0cebBK/JAHNfdzUV5SmX/nIiRjUa','student',NULL,'SS2024017',0,'黄强','male','计算机科学与技术学院','信息安全',NULL,'student17@test.com','13944954457','黄强的个人简介','2024-12-13 14:51:39','active',NULL,NULL,NULL,'2024-12-10 13:54:16'),('S2024018','student18','$2a$10$CZbv5Wo0tvEWVf6XGFgju.MVl0cebBK/JAHNfdzUV5SmX/nIiRjUa','student',NULL,'SS2024018',0,'周磊','male','人工智能学院','人工智能',NULL,'student18@test.com','13905645545','周磊的个人简介','2024-12-13 14:51:39','active',NULL,NULL,NULL,'2024-12-10 13:54:16'),('S2024019','student19','$2a$10$CZbv5Wo0tvEWVf6XGFgju.MVl0cebBK/JAHNfdzUV5SmX/nIiRjUa','student',NULL,'SS2024019',0,'吴洋','male','人工智能学院','数据科学',NULL,'student19@test.com','13948485143','吴洋的个人简介','2024-12-13 14:51:39','active',NULL,NULL,NULL,'2024-12-10 13:54:16'),('S2024020','student20','$2a$10$CZbv5Wo0tvEWVf6XGFgju.MVl0cebBK/JAHNfdzUV5SmX/nIiRjUa','student',NULL,'SS2024020',2,'张伟','female','计算机科学与技术学院','计算机科学与技术',NULL,'student20@test.com','13993594311','张伟的个人简介','2025-01-02 01:11:22','active','2025-01-02 01:11:22','::1',NULL,'2024-12-10 13:54:16'),('S2024022','student22','$2a$10$CZbv5Wo0tvEWVf6XGFgju.MVl0cebBK/JAHNfdzUV5SmX/nIiRjUa','student',NULL,'SS2024022',0,'王娜','female','计算机科学与技术学院','信息安全',NULL,'student22@test.com','13939407744','王娜的个人简介','2024-12-13 14:51:39','active',NULL,NULL,NULL,'2024-12-10 13:54:16'),('S2024023','student23','$2a$10$CZbv5Wo0tvEWVf6XGFgju.MVl0cebBK/JAHNfdzUV5SmX/nIiRjUa','student',NULL,'SS2024023',0,'刘秀英','male','人工智能学院','人工智能',NULL,'student23@test.com','13963784849','刘秀英的个人简介','2024-12-13 14:51:39','active',NULL,NULL,NULL,'2024-12-10 13:54:16'),('S2024024','student24','$2a$10$CZbv5Wo0tvEWVf6XGFgju.MVl0cebBK/JAHNfdzUV5SmX/nIiRjUa','student',NULL,'SS2024024',0,'陈敏','female','人工智能学院','数据科学',NULL,'student24@test.com','13959844162','陈敏的个人简介','2024-12-13 14:51:39','active',NULL,NULL,NULL,'2024-12-10 13:54:16'),('S2024025','student25','$2a$10$CZbv5Wo0tvEWVf6XGFgju.MVl0cebBK/JAHNfdzUV5SmX/nIiRjUa','student',NULL,'SS2024025',0,'杨静','female','计算机科学与技术学院','计算机科学与技术',NULL,'student25@test.com','13929144272','杨静的个人简介','2024-12-13 14:51:39','active',NULL,NULL,NULL,'2024-12-10 13:54:16'),('S2024026','student26','$2a$10$CZbv5Wo0tvEWVf6XGFgju.MVl0cebBK/JAHNfdzUV5SmX/nIiRjUa','student',NULL,'SS2024026',0,'赵丽','male','软件工程学院','软件工程',NULL,'student26@test.com','13971386815','赵丽的个人简介','2024-12-13 14:51:39','active',NULL,NULL,NULL,'2024-12-10 13:54:16'),('S2024027','student27','$2a$10$CZbv5Wo0tvEWVf6XGFgju.MVl0cebBK/JAHNfdzUV5SmX/nIiRjUa','student',NULL,'SS2024027',0,'黄强','male','计算机科学与技术学院','信息安全',NULL,'student27@test.com','13951589892','黄强的个人简介','2024-12-13 14:51:39','active',NULL,NULL,NULL,'2024-12-10 13:54:16'),('S2024028','student28','$2a$10$CZbv5Wo0tvEWVf6XGFgju.MVl0cebBK/JAHNfdzUV5SmX/nIiRjUa','student',NULL,'SS2024028',0,'周磊','female','人工智能学院','人工智能',NULL,'student28@test.com','13975504506','周磊的个人简介','2024-12-13 14:51:39','active',NULL,NULL,NULL,'2024-12-10 13:54:16'),('S2024029','student29','$2a$10$CZbv5Wo0tvEWVf6XGFgju.MVl0cebBK/JAHNfdzUV5SmX/nIiRjUa','student',NULL,'SS2024029',0,'吴洋','male','人工智能学院','数据科学',NULL,'student29@test.com','13979972800','吴洋的个人简介','2024-12-13 14:51:39','active',NULL,NULL,NULL,'2024-12-10 13:54:16'),('S2024030','student30','$2a$10$CZbv5Wo0tvEWVf6XGFgju.MVl0cebBK/JAHNfdzUV5SmX/nIiRjUa','student',NULL,'SS2024030',0,'张伟','male','计算机科学与技术学院','计算机科学与技术',NULL,'student30@test.com','13948596540','张伟的个人简介','2024-12-13 14:51:39','active',NULL,NULL,NULL,'2024-12-10 13:54:16'),('S2024031','student31','$2a$10$CZbv5Wo0tvEWVf6XGFgju.MVl0cebBK/JAHNfdzUV5SmX/nIiRjUa','student',NULL,'SS2024031',0,'李芳','female','软件工程学院','软件工程',NULL,'student31@test.com','13917614321','李芳的个人简介','2024-12-13 14:51:39','active',NULL,NULL,NULL,'2024-12-10 13:54:16'),('S2024032','student32','$2a$10$CZbv5Wo0tvEWVf6XGFgju.MVl0cebBK/JAHNfdzUV5SmX/nIiRjUa','student',NULL,'SS2024032',0,'王娜','female','计算机科学与技术学院','信息安全',NULL,'student32@test.com','13914491104','王娜的个人简介','2024-12-13 14:51:39','active',NULL,NULL,NULL,'2024-12-10 13:54:16'),('S2024033','student33','$2a$10$CZbv5Wo0tvEWVf6XGFgju.MVl0cebBK/JAHNfdzUV5SmX/nIiRjUa','student',NULL,'SS2024033',0,'刘秀英','male','人工智能学院','人工智能',NULL,'student33@test.com','13965474152','刘秀英的个人简介','2024-12-13 14:51:39','active',NULL,NULL,NULL,'2024-12-10 13:54:16'),('S2024034','student34','$2a$10$CZbv5Wo0tvEWVf6XGFgju.MVl0cebBK/JAHNfdzUV5SmX/nIiRjUa','student',NULL,'SS2024034',0,'陈敏','female','人工智能学院','数据科学',NULL,'student34@test.com','13966140142','陈敏的个人简介','2024-12-13 14:51:39','active',NULL,NULL,NULL,'2024-12-10 13:54:16'),('S2024035','student35','$2a$10$CZbv5Wo0tvEWVf6XGFgju.MVl0cebBK/JAHNfdzUV5SmX/nIiRjUa','student',NULL,'SS2024035',0,'杨静','male','计算机科学与技术学院','计算机科学与技术',NULL,'student35@test.com','13960808455','杨静的个人简介','2024-12-13 14:51:39','active',NULL,NULL,NULL,'2024-12-10 13:54:16'),('S2024036','student36','$2a$10$CZbv5Wo0tvEWVf6XGFgju.MVl0cebBK/JAHNfdzUV5SmX/nIiRjUa','student',NULL,'SS2024036',0,'赵丽','female','软件工程学院','软件工程',NULL,'student36@test.com','13917288099','赵丽的个人简介','2024-12-13 14:51:39','active',NULL,NULL,NULL,'2024-12-10 13:54:16'),('S2024037','student37','$2a$10$CZbv5Wo0tvEWVf6XGFgju.MVl0cebBK/JAHNfdzUV5SmX/nIiRjUa','student',NULL,'SS2024037',0,'黄强','female','计算机科学与技术学院','信息安全',NULL,'student37@test.com','13981273910','黄强的个人简介','2024-12-13 14:51:39','active',NULL,NULL,NULL,'2024-12-10 13:54:16'),('S2024038','student38','$2a$10$CZbv5Wo0tvEWVf6XGFgju.MVl0cebBK/JAHNfdzUV5SmX/nIiRjUa','student',NULL,'SS2024038',0,'周磊','female','人工智能学院','人工智能',NULL,'student38@test.com','13970686151','周磊的个人简介','2024-12-13 14:51:39','active',NULL,NULL,NULL,'2024-12-10 13:54:16'),('S2024039','student39','$2a$10$CZbv5Wo0tvEWVf6XGFgju.MVl0cebBK/JAHNfdzUV5SmX/nIiRjUa','student',NULL,'SS2024039',0,'吴洋','male','人工智能学院','数据科学',NULL,'student39@test.com','13964285381','吴洋的个人简介','2024-12-13 14:51:39','active',NULL,NULL,NULL,'2024-12-10 13:54:16'),('S2024040','student40','$2a$10$CZbv5Wo0tvEWVf6XGFgju.MVl0cebBK/JAHNfdzUV5SmX/nIiRjUa','student',NULL,'SS2024040',0,'张伟','female','计算机科学与技术学院','计算机科学与技术',NULL,'student40@test.com','13918007465','张伟的个人简介','2024-12-13 14:51:39','active',NULL,NULL,NULL,'2024-12-10 13:54:16'),('S2024041','student41','$2a$10$CZbv5Wo0tvEWVf6XGFgju.MVl0cebBK/JAHNfdzUV5SmX/nIiRjUa','student',NULL,'SS2024041',0,'李芳','female','软件工程学院','软件工程',NULL,'student41@test.com','13974376412','李芳的个人简介','2024-12-13 14:51:39','active',NULL,NULL,NULL,'2024-12-10 13:54:16'),('S2024042','student42','$2a$10$CZbv5Wo0tvEWVf6XGFgju.MVl0cebBK/JAHNfdzUV5SmX/nIiRjUa','student',NULL,'SS2024042',0,'王娜','male','计算机科学与技术学院','信息安全',NULL,'student42@test.com','13916677681','王娜的个人简介','2024-12-13 14:51:39','active',NULL,NULL,NULL,'2024-12-10 13:54:16'),('S2024043','student43','$2a$10$CZbv5Wo0tvEWVf6XGFgju.MVl0cebBK/JAHNfdzUV5SmX/nIiRjUa','student',NULL,'SS2024043',0,'刘秀英','male','人工智能学院','人工智能',NULL,'student43@test.com','13906944071','刘秀英的个人简介','2024-12-13 14:51:39','active',NULL,NULL,NULL,'2024-12-10 13:54:16'),('S2024044','student44','$2a$10$CZbv5Wo0tvEWVf6XGFgju.MVl0cebBK/JAHNfdzUV5SmX/nIiRjUa','student',NULL,'SS2024044',0,'陈敏','female','人工智能学院','数据科学',NULL,'student44@test.com','13938458530','陈敏的个人简介','2024-12-13 14:51:39','active',NULL,NULL,NULL,'2024-12-10 13:54:16'),('S2024045','student45','$2a$10$CZbv5Wo0tvEWVf6XGFgju.MVl0cebBK/JAHNfdzUV5SmX/nIiRjUa','student',NULL,'SS2024045',0,'杨静','male','计算机科学与技术学院','计算机科学与技术',NULL,'student45@test.com','13985017311','杨静的个人简介','2024-12-13 14:51:39','active',NULL,NULL,NULL,'2024-12-10 13:54:16'),('S2024046','student46','$2a$10$CZbv5Wo0tvEWVf6XGFgju.MVl0cebBK/JAHNfdzUV5SmX/nIiRjUa','student',NULL,'SS2024046',0,'赵丽','female','软件工程学院','软件工程',NULL,'student46@test.com','13927758226','赵丽的个人简介','2024-12-13 14:51:39','active',NULL,NULL,NULL,'2024-12-10 13:54:16'),('S2024047','student47','$2a$10$CZbv5Wo0tvEWVf6XGFgju.MVl0cebBK/JAHNfdzUV5SmX/nIiRjUa','student',NULL,'SS2024047',0,'黄强','female','计算机科学与技术学院','信息安全',NULL,'student47@test.com','13953921077','黄强的个人简介','2024-12-13 14:51:39','active',NULL,NULL,NULL,'2024-12-10 13:54:16'),('S2024048','student48','$2a$10$CZbv5Wo0tvEWVf6XGFgju.MVl0cebBK/JAHNfdzUV5SmX/nIiRjUa','student',NULL,'SS2024048',0,'周磊','male','人工智能学院','人工智能',NULL,'student48@test.com','13950837754','周磊的个人简介','2024-12-13 14:51:39','active',NULL,NULL,NULL,'2024-12-10 13:54:16'),('S2024049','student49','$2a$10$CZbv5Wo0tvEWVf6XGFgju.MVl0cebBK/JAHNfdzUV5SmX/nIiRjUa','student',NULL,'SS2024049',0,'吴洋','female','人工智能学院','数据科学',NULL,'student49@test.com','13957784629','吴洋的个人简介','2024-12-13 14:51:39','active',NULL,NULL,NULL,'2024-12-10 13:54:16'),('S2024050','student50','$2a$10$CZbv5Wo0tvEWVf6XGFgju.MVl0cebBK/JAHNfdzUV5SmX/nIiRjUa','student',NULL,'SS2024050',3,'张伟','male','计算机科学与技术学院','计算机科学与技术',NULL,'student50@test.com','13909649506','张伟的个人简介','2024-12-15 06:50:44','active','2024-12-15 06:50:44','::1',NULL,'2024-12-10 13:54:16'),('S2024051','student51','$2a$10$CZbv5Wo0tvEWVf6XGFgju.MVl0cebBK/JAHNfdzUV5SmX/nIiRjUa','student',NULL,'SS2024051',0,'黄娜','male','软件工程学院','软件工程',NULL,'student51@university.edu','13946298196','黄娜的个人简介','2024-12-13 15:27:54','active',NULL,NULL,NULL,'2024-12-13 15:27:54'),('S2024052','student52','$2a$10$CZbv5Wo0tvEWVf6XGFgju.MVl0cebBK/JAHNfdzUV5SmX/nIiRjUa','student',NULL,'SS2024052',0,'赵静','male','计算机科学与技术学院','信息安全',NULL,'student52@university.edu','13950411863','赵静的个人简介','2024-12-13 15:27:54','active',NULL,NULL,NULL,'2024-12-13 15:27:54'),('S2024053','student53','$2a$10$CZbv5Wo0tvEWVf6XGFgju.MVl0cebBK/JAHNfdzUV5SmX/nIiRjUa','student',NULL,'SS2024053',0,'王明','female','软件工程学院','软件工程',NULL,'student53@university.edu','13929569058','王明的个人简介','2024-12-13 15:27:54','active',NULL,NULL,NULL,'2024-12-13 15:27:54'),('S2024054','student54','$2a$10$CZbv5Wo0tvEWVf6XGFgju.MVl0cebBK/JAHNfdzUV5SmX/nIiRjUa','student',NULL,'SS2024054',0,'黄秀英','male','计算机科学与技术学院','计算机科学与技术',NULL,'student54@university.edu','13923551833','黄秀英的个人简介','2024-12-13 15:27:54','active',NULL,NULL,NULL,'2024-12-13 15:27:54'),('S2024055','student55','$2a$10$CZbv5Wo0tvEWVf6XGFgju.MVl0cebBK/JAHNfdzUV5SmX/nIiRjUa','student',NULL,'SS2024055',0,'黄敏','male','软件工程学院','软件工程',NULL,'student55@university.edu','13987555260','黄敏的个人简介','2024-12-13 15:27:54','active',NULL,NULL,NULL,'2024-12-13 15:27:54'),('S2024056','student56','$2a$10$CZbv5Wo0tvEWVf6XGFgju.MVl0cebBK/JAHNfdzUV5SmX/nIiRjUa','student',NULL,'SS2024056',0,'陈明','male','电子信息工程学院','电子信息工程',NULL,'student56@university.edu','13927438152','陈明的个人简介','2024-12-13 15:27:54','active',NULL,NULL,NULL,'2024-12-13 15:27:54'),('S2024057','student57','$2a$10$CZbv5Wo0tvEWVf6XGFgju.MVl0cebBK/JAHNfdzUV5SmX/nIiRjUa','student',NULL,'SS2024057',0,'杨秀英','female','计算机科学与技术学院','计算机科学与技术',NULL,'student57@university.edu','13984118386','杨秀英的个人简介','2024-12-13 15:27:54','active',NULL,NULL,NULL,'2024-12-13 15:27:54'),('S2024058','student58','$2a$10$CZbv5Wo0tvEWVf6XGFgju.MVl0cebBK/JAHNfdzUV5SmX/nIiRjUa','student',NULL,'SS2024058',0,'张静','male','人工智能学院','数据科学',NULL,'student58@university.edu','13966137812','张静的个人简介','2024-12-13 15:27:54','active',NULL,NULL,NULL,'2024-12-13 15:27:54'),('S2024059','student59','$2a$10$CZbv5Wo0tvEWVf6XGFgju.MVl0cebBK/JAHNfdzUV5SmX/nIiRjUa','student',NULL,'SS2024059',0,'黄明','male','电子信息工程学院','电子信息工程',NULL,'student59@university.edu','13976383864','黄明的个人简介','2024-12-13 15:27:54','active',NULL,NULL,NULL,'2024-12-13 15:27:54'),('S2024060','student60','$2a$10$CZbv5Wo0tvEWVf6XGFgju.MVl0cebBK/JAHNfdzUV5SmX/nIiRjUa','student',NULL,'SS2024060',0,'刘华','male','软件工程学院','软件工程',NULL,'student60@university.edu','13927926820','刘华的个人简介','2024-12-13 15:27:55','active',NULL,NULL,NULL,'2024-12-13 15:27:55'),('S2024061','student61','$2a$10$CZbv5Wo0tvEWVf6XGFgju.MVl0cebBK/JAHNfdzUV5SmX/nIiRjUa','student',NULL,'SS2024061',0,'吴强','female','人工智能学院','数据科学',NULL,'student61@university.edu','13936158634','吴强的个人简介','2024-12-13 15:27:55','active',NULL,NULL,NULL,'2024-12-13 15:27:55'),('S2024062','student62','$2a$10$CZbv5Wo0tvEWVf6XGFgju.MVl0cebBK/JAHNfdzUV5SmX/nIiRjUa','student',NULL,'SS2024062',0,'张芳','male','软件工程学院','软件工程',NULL,'student62@university.edu','13974786705','张芳的个人简介','2024-12-13 15:27:55','active',NULL,NULL,NULL,'2024-12-13 15:27:55'),('S2024063','student63','$2a$10$CZbv5Wo0tvEWVf6XGFgju.MVl0cebBK/JAHNfdzUV5SmX/nIiRjUa','student',NULL,'SS2024063',0,'王明','male','人工智能学院','人工智能',NULL,'student63@university.edu','13996447001','王明的个人简介','2024-12-13 15:27:55','active',NULL,NULL,NULL,'2024-12-13 15:27:55'),('S2024064','student64','$2a$10$CZbv5Wo0tvEWVf6XGFgju.MVl0cebBK/JAHNfdzUV5SmX/nIiRjUa','student',NULL,'SS2024064',0,'吴娜','female','计算机科学与技术学院','计算机科学与技术',NULL,'student64@university.edu','13956407252','吴娜的个人简介','2024-12-13 15:27:55','active',NULL,NULL,NULL,'2024-12-13 15:27:55'),('S2024065','student65','$2a$10$CZbv5Wo0tvEWVf6XGFgju.MVl0cebBK/JAHNfdzUV5SmX/nIiRjUa','student',NULL,'SS2024065',0,'杨华','female','软件工程学院','软件工程',NULL,'student65@university.edu','13944725634','杨华的个人简介','2024-12-13 15:27:55','active',NULL,NULL,NULL,'2024-12-13 15:27:55'),('S2024066','student66','$2a$10$CZbv5Wo0tvEWVf6XGFgju.MVl0cebBK/JAHNfdzUV5SmX/nIiRjUa','student',NULL,'SS2024066',0,'李静','male','软件工程学院','软件工程',NULL,'student66@university.edu','13995178489','李静的个人简介','2024-12-13 15:27:55','active',NULL,NULL,NULL,'2024-12-13 15:27:55'),('S2024067','student67','$2a$10$CZbv5Wo0tvEWVf6XGFgju.MVl0cebBK/JAHNfdzUV5SmX/nIiRjUa','student',NULL,'SS2024067',0,'黄静','female','人工智能学院','数据科学',NULL,'student67@university.edu','13961438534','黄静的个人简介','2024-12-13 15:27:55','active',NULL,NULL,NULL,'2024-12-13 15:27:55'),('S2024068','student68','$2a$10$CZbv5Wo0tvEWVf6XGFgju.MVl0cebBK/JAHNfdzUV5SmX/nIiRjUa','student',NULL,'SS2024068',0,'李强','female','人工智能学院','人工智能',NULL,'student68@university.edu','13918160991','李强的个人简介','2024-12-13 15:27:55','active',NULL,NULL,NULL,'2024-12-13 15:27:55'),('S2024069','student69','$2a$10$CZbv5Wo0tvEWVf6XGFgju.MVl0cebBK/JAHNfdzUV5SmX/nIiRjUa','student',NULL,'SS2024069',0,'张华','male','电子信息工程学院','电子信息工程',NULL,'student69@university.edu','13965512035','张华的个人简介','2024-12-13 15:27:55','active',NULL,NULL,NULL,'2024-12-13 15:27:55'),('S2024070','student70','$2a$10$CZbv5Wo0tvEWVf6XGFgju.MVl0cebBK/JAHNfdzUV5SmX/nIiRjUa','student',NULL,'SS2024070',0,'赵秀英','male','人工智能学院','人工智能',NULL,'student70@university.edu','13994843514','赵秀英的个人简介','2024-12-13 15:27:55','active',NULL,NULL,NULL,'2024-12-13 15:27:55'),('S2024071','student71','$2a$10$CZbv5Wo0tvEWVf6XGFgju.MVl0cebBK/JAHNfdzUV5SmX/nIiRjUa','student',NULL,'SS2024071',0,'杨强','male','人工智能学院','人工智能',NULL,'student71@university.edu','13959874353','杨强的个人简介','2024-12-13 15:27:55','active',NULL,NULL,NULL,'2024-12-13 15:27:55'),('S2024072','student72','$2a$10$CZbv5Wo0tvEWVf6XGFgju.MVl0cebBK/JAHNfdzUV5SmX/nIiRjUa','student',NULL,'SS2024072',0,'王磊','female','软件工程学院','软件工程',NULL,'student72@university.edu','13950886128','王磊的个人简介','2024-12-13 15:27:55','active',NULL,NULL,NULL,'2024-12-13 15:27:55'),('S2024073','student73','$2a$10$CZbv5Wo0tvEWVf6XGFgju.MVl0cebBK/JAHNfdzUV5SmX/nIiRjUa','student',NULL,'SS2024073',0,'杨明','male','软件工程学院','软件工程',NULL,'student73@university.edu','13992823846','杨明的个人简介','2024-12-13 15:27:55','active',NULL,NULL,NULL,'2024-12-13 15:27:55'),('S2024074','student74','$2a$10$CZbv5Wo0tvEWVf6XGFgju.MVl0cebBK/JAHNfdzUV5SmX/nIiRjUa','student',NULL,'SS2024074',0,'周娜','male','人工智能学院','人工智能',NULL,'student74@university.edu','13934303213','周娜的个人简介','2024-12-13 15:27:55','active',NULL,NULL,NULL,'2024-12-13 15:27:55'),('S2024075','student75','$2a$10$CZbv5Wo0tvEWVf6XGFgju.MVl0cebBK/JAHNfdzUV5SmX/nIiRjUa','student',NULL,'SS2024075',0,'王华','male','软件工程学院','软件工程',NULL,'student75@university.edu','13938438906','王华的个人简介','2024-12-13 15:27:55','active',NULL,NULL,NULL,'2024-12-13 15:27:55'),('S2024076','student76','$2a$10$CZbv5Wo0tvEWVf6XGFgju.MVl0cebBK/JAHNfdzUV5SmX/nIiRjUa','student',NULL,'SS2024076',0,'陈明','male','人工智能学院','数据科学',NULL,'student76@university.edu','13912607163','陈明的个人简介','2024-12-13 15:27:55','active',NULL,NULL,NULL,'2024-12-13 15:27:55'),('S2024077','student77','$2a$10$CZbv5Wo0tvEWVf6XGFgju.MVl0cebBK/JAHNfdzUV5SmX/nIiRjUa','student',NULL,'SS2024077',0,'杨强','female','电子信息工程学院','电子信息工程',NULL,'student77@university.edu','13916989888','杨强的个人简介','2024-12-13 15:27:55','active',NULL,NULL,NULL,'2024-12-13 15:27:55'),('S2024078','student78','$2a$10$CZbv5Wo0tvEWVf6XGFgju.MVl0cebBK/JAHNfdzUV5SmX/nIiRjUa','student',NULL,'SS2024078',0,'刘秀英','female','软件工程学院','软件工程',NULL,'student78@university.edu','13922775523','刘秀英的个人简介','2024-12-13 15:27:55','active',NULL,NULL,NULL,'2024-12-13 15:27:55'),('S2024079','student79','$2a$10$CZbv5Wo0tvEWVf6XGFgju.MVl0cebBK/JAHNfdzUV5SmX/nIiRjUa','student',NULL,'SS2024079',0,'陈强','female','电子信息工程学院','电子信息工程',NULL,'student79@university.edu','13988163102','陈强的个人简介','2024-12-13 15:27:55','active',NULL,NULL,NULL,'2024-12-13 15:27:55'),('S2024080','student80','$2a$10$CZbv5Wo0tvEWVf6XGFgju.MVl0cebBK/JAHNfdzUV5SmX/nIiRjUa','student',NULL,'SS2024080',0,'刘华','male','电子信息工程学院','电子信息工程',NULL,'student80@university.edu','13979690666','刘华的个人简介','2024-12-13 15:27:55','active',NULL,NULL,NULL,'2024-12-13 15:27:55'),('S2024081','student81','$2a$10$CZbv5Wo0tvEWVf6XGFgju.MVl0cebBK/JAHNfdzUV5SmX/nIiRjUa','student',NULL,'SS2024081',0,'黄娜','female','人工智能学院','人工智能',NULL,'student81@university.edu','13917813741','黄娜的个人简介','2024-12-13 15:27:55','active',NULL,NULL,NULL,'2024-12-13 15:27:55'),('S2024082','student82','$2a$10$CZbv5Wo0tvEWVf6XGFgju.MVl0cebBK/JAHNfdzUV5SmX/nIiRjUa','student',NULL,'SS2024082',0,'黄芳','male','电子信息工程学院','电子信息工程',NULL,'student82@university.edu','13958912451','黄芳的个人简介','2024-12-13 15:27:55','active',NULL,NULL,NULL,'2024-12-13 15:27:55'),('S2024083','student83','$2a$10$CZbv5Wo0tvEWVf6XGFgju.MVl0cebBK/JAHNfdzUV5SmX/nIiRjUa','student',NULL,'SS2024083',0,'赵娜','male','电子信息工程学院','电子信息工程',NULL,'student83@university.edu','13930751590','赵娜的个人简介','2024-12-13 15:27:55','active',NULL,NULL,NULL,'2024-12-13 15:27:55'),('S2024084','student84','$2a$10$CZbv5Wo0tvEWVf6XGFgju.MVl0cebBK/JAHNfdzUV5SmX/nIiRjUa','student',NULL,'SS2024084',6,'王芳','female','计算机科学与技术学院','信息安全',NULL,'student84@university.edu','13962470166','王芳的个人简介','2025-01-01 05:46:44','active','2025-01-01 05:46:44','::1',NULL,'2024-12-13 15:27:55'),('S2024085','student85','$2a$10$CZbv5Wo0tvEWVf6XGFgju.MVl0cebBK/JAHNfdzUV5SmX/nIiRjUa','student',NULL,'SS2024085',0,'陈强','male','电子信息工程学院','电子信息工程',NULL,'student85@university.edu','13977511689','陈强的个人简介','2024-12-13 15:27:55','active',NULL,NULL,NULL,'2024-12-13 15:27:55'),('S2024086','student86','$2a$10$CZbv5Wo0tvEWVf6XGFgju.MVl0cebBK/JAHNfdzUV5SmX/nIiRjUa','student',NULL,'SS2024086',0,'王明','female','计算机科学与技术学院','计算机科学与技术',NULL,'student86@university.edu','13966556193','王明的个人简介','2024-12-13 15:27:55','active',NULL,NULL,NULL,'2024-12-13 15:27:55'),('S2024087','student87','$2a$10$CZbv5Wo0tvEWVf6XGFgju.MVl0cebBK/JAHNfdzUV5SmX/nIiRjUa','student',NULL,'SS2024087',0,'赵明','male','计算机科学与技术学院','计算机科学与技术',NULL,'student87@university.edu','13938192015','赵明的个人简介','2024-12-13 15:27:55','active',NULL,NULL,NULL,'2024-12-13 15:27:55'),('S2024088','student88','$2a$10$CZbv5Wo0tvEWVf6XGFgju.MVl0cebBK/JAHNfdzUV5SmX/nIiRjUa','student',NULL,'SS2024088',0,'吴芳','male','软件工程学院','软件工程',NULL,'student88@university.edu','13928712168','吴芳的个人简介','2024-12-13 15:27:55','active',NULL,NULL,NULL,'2024-12-13 15:27:55'),('S2024089','student89','$2a$10$CZbv5Wo0tvEWVf6XGFgju.MVl0cebBK/JAHNfdzUV5SmX/nIiRjUa','student',NULL,'SS2024089',0,'吴磊','female','电子信息工程学院','电子信息工程',NULL,'student89@university.edu','13925930892','吴磊的个人简介','2024-12-13 15:27:55','active',NULL,NULL,NULL,'2024-12-13 15:27:55'),('S2024090','student90','$2a$10$CZbv5Wo0tvEWVf6XGFgju.MVl0cebBK/JAHNfdzUV5SmX/nIiRjUa','student',NULL,'SS2024090',0,'李伟','male','电子信息工程学院','电子信息工程',NULL,'student90@university.edu','13990644689','李伟的个人简介','2024-12-13 15:27:55','active',NULL,NULL,NULL,'2024-12-13 15:27:55'),('S2024091','student91','$2a$10$CZbv5Wo0tvEWVf6XGFgju.MVl0cebBK/JAHNfdzUV5SmX/nIiRjUa','student',NULL,'SS2024091',0,'王伟','male','计算机科学与技术学院','信息安全',NULL,'student91@university.edu','13965801067','王伟的个人简介','2024-12-13 15:27:55','active',NULL,NULL,NULL,'2024-12-13 15:27:55'),('S2024092','student92','$2a$10$CZbv5Wo0tvEWVf6XGFgju.MVl0cebBK/JAHNfdzUV5SmX/nIiRjUa','student',NULL,'SS2024092',0,'王伟','female','人工智能学院','人工智能',NULL,'student92@university.edu','13969177501','王伟的个人简介','2024-12-13 15:27:55','active',NULL,NULL,NULL,'2024-12-13 15:27:55'),('S2024093','student93','$2a$10$CZbv5Wo0tvEWVf6XGFgju.MVl0cebBK/JAHNfdzUV5SmX/nIiRjUa','student',NULL,'SS2024093',0,'赵明','female','人工智能学院','人工智能',NULL,'student93@university.edu','13924953828','赵明的个人简介','2024-12-13 15:27:55','active',NULL,NULL,NULL,'2024-12-13 15:27:55'),('S2024094','student94','$2a$10$CZbv5Wo0tvEWVf6XGFgju.MVl0cebBK/JAHNfdzUV5SmX/nIiRjUa','student',NULL,'SS2024094',0,'李强','female','计算机科学与技术学院','计算机科学与技术',NULL,'student94@university.edu','13934501882','李强的个人简介','2024-12-13 15:27:55','active',NULL,NULL,NULL,'2024-12-13 15:27:55'),('S2024095','student95','$2a$10$CZbv5Wo0tvEWVf6XGFgju.MVl0cebBK/JAHNfdzUV5SmX/nIiRjUa','student',NULL,'SS2024095',0,'李强','female','软件工程学院','软件工程',NULL,'student95@university.edu','13966822153','李强的个人简介','2024-12-13 15:27:55','active',NULL,NULL,NULL,'2024-12-13 15:27:55'),('S2024096','student96','$2a$10$CZbv5Wo0tvEWVf6XGFgju.MVl0cebBK/JAHNfdzUV5SmX/nIiRjUa','student',NULL,'SS2024096',0,'陈秀英','female','人工智能学院','数据科学',NULL,'student96@university.edu','13997161381','陈秀英的个人简介','2024-12-13 15:27:55','active',NULL,NULL,NULL,'2024-12-13 15:27:55'),('S2024097','student97','$2a$10$CZbv5Wo0tvEWVf6XGFgju.MVl0cebBK/JAHNfdzUV5SmX/nIiRjUa','student',NULL,'SS2024097',0,'刘华','male','人工智能学院','人工智能',NULL,'student97@university.edu','13915790065','刘华的个人简介','2024-12-13 15:27:55','active',NULL,NULL,NULL,'2024-12-13 15:27:55'),('S2024098','student98','$2a$10$CZbv5Wo0tvEWVf6XGFgju.MVl0cebBK/JAHNfdzUV5SmX/nIiRjUa','student',NULL,'SS2024098',0,'周强','male','软件工程学院','软件工程',NULL,'student98@university.edu','13928612292','周强的个人简介','2024-12-13 15:27:55','active',NULL,NULL,NULL,'2024-12-13 15:27:55'),('S2024099','student99','$2a$10$CZbv5Wo0tvEWVf6XGFgju.MVl0cebBK/JAHNfdzUV5SmX/nIiRjUa','student',NULL,'SS2024099',0,'赵静','female','软件工程学院','软件工程',NULL,'student99@university.edu','13928328788','赵静的个人简介','2024-12-13 15:27:55','active',NULL,NULL,NULL,'2024-12-13 15:27:55'),('S2024100','student100','$2a$10$CZbv5Wo0tvEWVf6XGFgju.MVl0cebBK/JAHNfdzUV5SmX/nIiRjUa','student',NULL,'SS2024100',0,'王静','female','软件工程学院','软件工程',NULL,'student100@university.edu','13939653563','王静的个人简介','2024-12-13 15:27:55','active',NULL,NULL,NULL,'2024-12-13 15:27:55'),('S2024101','student101','$2a$10$CZbv5Wo0tvEWVf6XGFgju.MVl0cebBK/JAHNfdzUV5SmX/nIiRjUa','student',NULL,'SS2024101',0,'陈磊','male','人工智能学院','人工智能',NULL,'student101@university.edu','13921428946','陈磊的个人简介','2024-12-13 15:27:55','active',NULL,NULL,NULL,'2024-12-13 15:27:55'),('S2024102','student102','$2a$10$CZbv5Wo0tvEWVf6XGFgju.MVl0cebBK/JAHNfdzUV5SmX/nIiRjUa','student',NULL,'SS2024102',0,'吴静','female','计算机科学与技术学院','信息安全',NULL,'student102@university.edu','13911111671','吴静的个人简介','2024-12-13 15:27:55','active',NULL,NULL,NULL,'2024-12-13 15:27:55'),('S2024103','student103','$2a$10$CZbv5Wo0tvEWVf6XGFgju.MVl0cebBK/JAHNfdzUV5SmX/nIiRjUa','student',NULL,'SS2024103',3,'杨敏','female','电子信息工程学院','电子信息工程',NULL,'student103@university.edu','13941440486','杨敏的个人简介','2024-12-16 03:37:10','active','2024-12-16 03:37:10','::1',NULL,'2024-12-13 15:27:55'),('S2024104','student104','$2a$10$CZbv5Wo0tvEWVf6XGFgju.MVl0cebBK/JAHNfdzUV5SmX/nIiRjUa','student',NULL,'SS2024104',10,'李静','male','计算机科学与技术学院','计算机科学与技术',NULL,'student104@university.edu','13985691575','李静的个人简介','2025-01-02 01:46:22','active','2025-01-02 01:46:22','::1',NULL,'2024-12-13 15:27:55'),('S2024105','student105','$2a$10$CZbv5Wo0tvEWVf6XGFgju.MVl0cebBK/JAHNfdzUV5SmX/nIiRjUa','student',NULL,'SS2024105',57,'陈静','female','计算机科学与技术学院','计算机科学与技术',NULL,'student105@university.edu','13964984992','陈静的个人简介','2025-01-01 06:13:03','active','2025-01-01 06:13:03','::1',NULL,'2024-12-13 15:27:55'),('S2024106','student106','$2a$10$CZbv5Wo0tvEWVf6XGFgju.MVl0cebBK/JAHNfdzUV5SmX/nIiRjUa','student',NULL,'SS2024106',1,'赵伟','male','软件工程学院','软件工程',NULL,'student106@university.edu','13968105147','赵伟的个人简介','2024-12-30 06:23:11','active','2024-12-30 06:23:11','::1',NULL,'2024-12-13 15:27:55'),('S2024107','student107','$2a$10$CZbv5Wo0tvEWVf6XGFgju.MVl0cebBK/JAHNfdzUV5SmX/nIiRjUa','student',NULL,'SS2024107',22,'赵磊','female','计算机科学与技术学院','计算机科学与技术',NULL,'student107@university.edu','13942494295','赵磊的个人简介','2025-01-02 01:45:22','active','2025-01-02 01:45:22','::1',NULL,'2024-12-13 15:27:55'),('S2024108','student108','$2a$10$CZbv5Wo0tvEWVf6XGFgju.MVl0cebBK/JAHNfdzUV5SmX/nIiRjUa','student',NULL,'SS2024108',1,'周芳','male','人工智能学院','人工智能',NULL,'student108@university.edu','13976266388','周芳的个人简介','2024-12-31 05:20:50','active','2024-12-31 05:20:50','::1',NULL,'2024-12-13 15:27:55'),('S2024109','student109','$2a$10$CZbv5Wo0tvEWVf6XGFgju.MVl0cebBK/JAHNfdzUV5SmX/nIiRjUa','student',NULL,'SS2024109',1,'王敏','male','人工智能学院','数据科学',NULL,'student109@university.edu','13952209711','王敏的个人简介','2024-12-31 05:21:00','active','2024-12-31 05:21:00','::1',NULL,'2024-12-13 15:27:55'),('S2024110','student110','$2a$10$CZbv5Wo0tvEWVf6XGFgju.MVl0cebBK/JAHNfdzUV5SmX/nIiRjUa','student',NULL,'SS2024110',0,'李明','female','软件工程学院','软件工程',NULL,'student110@university.edu','13999536391','李明的个人简介','2024-12-13 15:27:55','active',NULL,NULL,NULL,'2024-12-13 15:27:55'),('S2024111','student111','$2a$10$CZbv5Wo0tvEWVf6XGFgju.MVl0cebBK/JAHNfdzUV5SmX/nIiRjUa','student',NULL,'SS2024111',0,'张静','female','软件工程学院','软件工程',NULL,'student111@university.edu','13970547804','张静的个人简介','2024-12-13 15:27:55','active',NULL,NULL,NULL,'2024-12-13 15:27:55'),('S2024112','student112','$2a$10$CZbv5Wo0tvEWVf6XGFgju.MVl0cebBK/JAHNfdzUV5SmX/nIiRjUa','student',NULL,'SS2024112',0,'李静','female','软件工程学院','软件工程',NULL,'student112@university.edu','13910906328','李静的个人简介','2024-12-13 15:27:56','active',NULL,NULL,NULL,'2024-12-13 15:27:56'),('S2024113','student113','$2a$10$CZbv5Wo0tvEWVf6XGFgju.MVl0cebBK/JAHNfdzUV5SmX/nIiRjUa','student',NULL,'SS2024113',0,'王伟','male','电子信息工程学院','电子信息工程',NULL,'student113@university.edu','13917808512','王伟的个人简介','2024-12-13 15:27:56','active',NULL,NULL,NULL,'2024-12-13 15:27:56'),('S2024114','student114','$2a$10$CZbv5Wo0tvEWVf6XGFgju.MVl0cebBK/JAHNfdzUV5SmX/nIiRjUa','student',NULL,'SS2024114',3,'周伟','female','计算机科学与技术学院','计算机科学与技术',NULL,'student114@university.edu','13931305255','周伟的个人简介','2024-12-31 05:50:09','active','2024-12-31 05:50:09','::1',NULL,'2024-12-13 15:27:56'),('S2024115','student115','$2a$10$CZbv5Wo0tvEWVf6XGFgju.MVl0cebBK/JAHNfdzUV5SmX/nIiRjUa','student',NULL,'SS2024115',4,'赵娜','female','电子信息工程学院','电子信息工程',NULL,'student115@university.edu','13925790331','赵娜的个人简介','2024-12-31 05:54:33','active','2024-12-31 05:54:33','::1',NULL,'2024-12-13 15:27:56'),('S2024116','student116','$2a$10$CZbv5Wo0tvEWVf6XGFgju.MVl0cebBK/JAHNfdzUV5SmX/nIiRjUa','student',NULL,'SS2024116',0,'吴明','female','电子信息工程学院','电子信息工程',NULL,'student116@university.edu','13951106070','吴明的个人简介','2024-12-13 15:27:56','active',NULL,NULL,NULL,'2024-12-13 15:27:56'),('S2024117','student117','$2a$10$CZbv5Wo0tvEWVf6XGFgju.MVl0cebBK/JAHNfdzUV5SmX/nIiRjUa','student',NULL,'SS2024117',5,'李伟','male','计算机科学与技术学院','信息安全',NULL,'student117@university.edu','13933490197','李伟的个人简介','2025-01-01 16:29:07','active','2025-01-01 16:29:07','::1',NULL,'2024-12-13 15:27:56'),('S2024118','student118','$2a$10$CZbv5Wo0tvEWVf6XGFgju.MVl0cebBK/JAHNfdzUV5SmX/nIiRjUa','student',NULL,'SS2024118',0,'刘静','female','人工智能学院','数据科学',NULL,'student118@university.edu','13991656444','刘静的个人简介','2024-12-13 15:27:56','active',NULL,NULL,NULL,'2024-12-13 15:27:56'),('S2024119','student119','$2a$10$CZbv5Wo0tvEWVf6XGFgju.MVl0cebBK/JAHNfdzUV5SmX/nIiRjUa','student',NULL,'SS2024119',0,'周敏','female','软件工程学院','软件工程',NULL,'student119@university.edu','13991789165','周敏的个人简介','2024-12-13 15:27:56','active',NULL,NULL,NULL,'2024-12-13 15:27:56'),('S2024120','student120','$2a$10$CZbv5Wo0tvEWVf6XGFgju.MVl0cebBK/JAHNfdzUV5SmX/nIiRjUa','student',NULL,'SS2024120',0,'王强','male','人工智能学院','数据科学',NULL,'student120@university.edu','13962463929','王强的个人简介','2024-12-13 15:27:56','active',NULL,NULL,NULL,'2024-12-13 15:27:56'),('S2024121','student121','$2a$10$CZbv5Wo0tvEWVf6XGFgju.MVl0cebBK/JAHNfdzUV5SmX/nIiRjUa','student',NULL,'SS2024121',0,'黄秀英','male','软件工程学院','软件工程',NULL,'student121@university.edu','13944776738','黄秀英的个人简介','2024-12-13 15:27:56','active',NULL,NULL,NULL,'2024-12-13 15:27:56'),('S2024122','student122','$2a$10$CZbv5Wo0tvEWVf6XGFgju.MVl0cebBK/JAHNfdzUV5SmX/nIiRjUa','student',NULL,'SS2024122',0,'王静','female','人工智能学院','人工智能',NULL,'student122@university.edu','13960234943','王静的个人简介','2024-12-13 15:27:56','active',NULL,NULL,NULL,'2024-12-13 15:27:56'),('S2024123','student123','$2a$10$CZbv5Wo0tvEWVf6XGFgju.MVl0cebBK/JAHNfdzUV5SmX/nIiRjUa','student',NULL,'SS2024123',0,'赵强','female','计算机科学与技术学院','计算机科学与技术',NULL,'student123@university.edu','13910179604','赵强的个人简介','2024-12-13 15:27:56','active',NULL,NULL,NULL,'2024-12-13 15:27:56'),('S2024124','student124','$2a$10$CZbv5Wo0tvEWVf6XGFgju.MVl0cebBK/JAHNfdzUV5SmX/nIiRjUa','student',NULL,'SS2024124',0,'吴强','male','人工智能学院','人工智能',NULL,'student124@university.edu','13913230092','吴强的个人简介','2024-12-13 15:27:56','active',NULL,NULL,NULL,'2024-12-13 15:27:56'),('S2024125','student125','$2a$10$CZbv5Wo0tvEWVf6XGFgju.MVl0cebBK/JAHNfdzUV5SmX/nIiRjUa','student',NULL,'SS2024125',0,'杨强','male','软件工程学院','软件工程',NULL,'student125@university.edu','13918543904','杨强的个人简介','2024-12-13 15:27:56','active',NULL,NULL,NULL,'2024-12-13 15:27:56'),('S2024126','student126','$2a$10$CZbv5Wo0tvEWVf6XGFgju.MVl0cebBK/JAHNfdzUV5SmX/nIiRjUa','student',NULL,'SS2024126',0,'赵明','female','人工智能学院','数据科学',NULL,'student126@university.edu','13991463804','赵明的个人简介','2024-12-13 15:27:56','active',NULL,NULL,NULL,'2024-12-13 15:27:56'),('S2024127','student127','$2a$10$CZbv5Wo0tvEWVf6XGFgju.MVl0cebBK/JAHNfdzUV5SmX/nIiRjUa','student',NULL,'SS2024127',3,'王秀英','female','计算机科学与技术学院','计算机科学与技术',NULL,'student127@university.edu','13945519662','王秀英的个人简介','2025-01-02 01:52:01','active','2025-01-02 01:52:01','::1',NULL,'2024-12-13 15:27:56'),('S2024128','student128','$2a$10$CZbv5Wo0tvEWVf6XGFgju.MVl0cebBK/JAHNfdzUV5SmX/nIiRjUa','student',NULL,'SS2024128',0,'吴强','female','计算机科学与技术学院','计算机科学与技术',NULL,'student128@university.edu','13950187443','吴强的个人简介','2024-12-13 15:27:56','active',NULL,NULL,NULL,'2024-12-13 15:27:56'),('S2024129','student129','$2a$10$CZbv5Wo0tvEWVf6XGFgju.MVl0cebBK/JAHNfdzUV5SmX/nIiRjUa','student',NULL,'SS2024129',0,'周秀英','male','电子信息工程学院','电子信息工程',NULL,'student129@university.edu','13930167133','周秀英的个人简介','2024-12-13 15:27:56','active',NULL,NULL,NULL,'2024-12-13 15:27:56'),('S2024130','student130','$2a$10$CZbv5Wo0tvEWVf6XGFgju.MVl0cebBK/JAHNfdzUV5SmX/nIiRjUa','student',NULL,'SS2024130',0,'周秀英','male','计算机科学与技术学院','计算机科学与技术',NULL,'student130@university.edu','13932907907','周秀英的个人简介','2024-12-13 15:27:56','active',NULL,NULL,NULL,'2024-12-13 15:27:56'),('S2024131','student131','$2a$10$CZbv5Wo0tvEWVf6XGFgju.MVl0cebBK/JAHNfdzUV5SmX/nIiRjUa','student',NULL,'SS2024131',0,'杨秀英','female','计算机科学与技术学院','计算机科学与技术',NULL,'student131@university.edu','13937136384','杨秀英的个人简介','2024-12-13 15:27:56','active',NULL,NULL,NULL,'2024-12-13 15:27:56'),('S2024132','student132','$2a$10$CZbv5Wo0tvEWVf6XGFgju.MVl0cebBK/JAHNfdzUV5SmX/nIiRjUa','student',NULL,'SS2024132',0,'黄明','female','人工智能学院','人工智能',NULL,'student132@university.edu','13927086093','黄明的个人简介','2024-12-13 15:27:56','active',NULL,NULL,NULL,'2024-12-13 15:27:56'),('S2024133','student133','$2a$10$CZbv5Wo0tvEWVf6XGFgju.MVl0cebBK/JAHNfdzUV5SmX/nIiRjUa','student',NULL,'SS2024133',0,'张敏','female','计算机科学与技术学院','信息安全',NULL,'student133@university.edu','13912493636','张敏的个人简介','2024-12-13 15:27:56','active',NULL,NULL,NULL,'2024-12-13 15:27:56'),('S2024134','student134','$2a$10$CZbv5Wo0tvEWVf6XGFgju.MVl0cebBK/JAHNfdzUV5SmX/nIiRjUa','student',NULL,'SS2024134',0,'王敏','female','人工智能学院','数据科学',NULL,'student134@university.edu','13935988538','王敏的个人简介','2024-12-13 15:27:56','active',NULL,NULL,NULL,'2024-12-13 15:27:56'),('S2024135','student135','$2a$10$CZbv5Wo0tvEWVf6XGFgju.MVl0cebBK/JAHNfdzUV5SmX/nIiRjUa','student',NULL,'SS2024135',0,'周芳','female','电子信息工程学院','电子信息工程',NULL,'student135@university.edu','13912994216','周芳的个人简介','2024-12-13 15:27:56','active',NULL,NULL,NULL,'2024-12-13 15:27:56'),('S2024136','student136','$2a$10$CZbv5Wo0tvEWVf6XGFgju.MVl0cebBK/JAHNfdzUV5SmX/nIiRjUa','student',NULL,'SS2024136',0,'陈秀英','female','软件工程学院','软件工程',NULL,'student136@university.edu','13972794138','陈秀英的个人简介','2024-12-13 15:27:56','active',NULL,NULL,NULL,'2024-12-13 15:27:56'),('S2024137','student137','$2a$10$CZbv5Wo0tvEWVf6XGFgju.MVl0cebBK/JAHNfdzUV5SmX/nIiRjUa','student',NULL,'SS2024137',0,'吴明','male','软件工程学院','软件工程',NULL,'student137@university.edu','13916313679','吴明的个人简介','2024-12-13 15:27:56','active',NULL,NULL,NULL,'2024-12-13 15:27:56'),('S2024138','student138','$2a$10$CZbv5Wo0tvEWVf6XGFgju.MVl0cebBK/JAHNfdzUV5SmX/nIiRjUa','student',NULL,'SS2024138',0,'杨静','male','人工智能学院','人工智能',NULL,'student138@university.edu','13948017414','杨静的个人简介','2024-12-13 15:27:56','active',NULL,NULL,NULL,'2024-12-13 15:27:56'),('S2024139','student139','$2a$10$CZbv5Wo0tvEWVf6XGFgju.MVl0cebBK/JAHNfdzUV5SmX/nIiRjUa','student',NULL,'SS2024139',0,'黄芳','female','软件工程学院','软件工程',NULL,'student139@university.edu','13970061340','黄芳的个人简介','2024-12-13 15:27:56','active',NULL,NULL,NULL,'2024-12-13 15:27:56'),('S2024140','student140','$2a$10$CZbv5Wo0tvEWVf6XGFgju.MVl0cebBK/JAHNfdzUV5SmX/nIiRjUa','student',NULL,'SS2024140',0,'张娜','male','电子信息工程学院','电子信息工程',NULL,'student140@university.edu','13951458144','张娜的个人简介','2024-12-13 15:27:56','active',NULL,NULL,NULL,'2024-12-13 15:27:56'),('S2024141','student141','$2a$10$CZbv5Wo0tvEWVf6XGFgju.MVl0cebBK/JAHNfdzUV5SmX/nIiRjUa','student',NULL,'SS2024141',0,'杨秀英','male','软件工程学院','软件工程',NULL,'student141@university.edu','13951587664','杨秀英的个人简介','2024-12-13 15:27:56','active',NULL,NULL,NULL,'2024-12-13 15:27:56'),('S2024142','student142','$2a$10$CZbv5Wo0tvEWVf6XGFgju.MVl0cebBK/JAHNfdzUV5SmX/nIiRjUa','student',NULL,'SS2024142',0,'赵强','male','电子信息工程学院','电子信息工程',NULL,'student142@university.edu','13910516790','赵强的个人简介','2024-12-13 15:27:56','active',NULL,NULL,NULL,'2024-12-13 15:27:56'),('S2024143','student143','$2a$10$CZbv5Wo0tvEWVf6XGFgju.MVl0cebBK/JAHNfdzUV5SmX/nIiRjUa','student',NULL,'SS2024143',0,'周芳','female','计算机科学与技术学院','计算机科学与技术',NULL,'student143@university.edu','13916178684','周芳的个人简介','2024-12-13 15:27:56','active',NULL,NULL,NULL,'2024-12-13 15:27:56'),('S2024144','student144','$2a$10$CZbv5Wo0tvEWVf6XGFgju.MVl0cebBK/JAHNfdzUV5SmX/nIiRjUa','student',NULL,'SS2024144',0,'王华','female','软件工程学院','软件工程',NULL,'student144@university.edu','13936994020','王华的个人简介','2024-12-13 15:27:57','active',NULL,NULL,NULL,'2024-12-13 15:27:57'),('S2024145','student145','$2a$10$CZbv5Wo0tvEWVf6XGFgju.MVl0cebBK/JAHNfdzUV5SmX/nIiRjUa','student',NULL,'SS2024145',0,'吴华','female','电子信息工程学院','电子信息工程',NULL,'student145@university.edu','13926283812','吴华的个人简介','2024-12-13 15:27:57','active',NULL,NULL,NULL,'2024-12-13 15:27:57'),('S2024146','student146','$2a$10$CZbv5Wo0tvEWVf6XGFgju.MVl0cebBK/JAHNfdzUV5SmX/nIiRjUa','student',NULL,'SS2024146',0,'张伟','male','计算机科学与技术学院','计算机科学与技术',NULL,'student146@university.edu','13926522757','张伟的个人简介','2024-12-13 15:27:57','active',NULL,NULL,NULL,'2024-12-13 15:27:57'),('S2024147','student147','$2a$10$CZbv5Wo0tvEWVf6XGFgju.MVl0cebBK/JAHNfdzUV5SmX/nIiRjUa','student',NULL,'SS2024147',0,'张秀英','female','计算机科学与技术学院','信息安全',NULL,'student147@university.edu','13982594984','张秀英的个人简介','2024-12-13 15:27:57','active',NULL,NULL,NULL,'2024-12-13 15:27:57'),('S2024148','student148','$2a$10$CZbv5Wo0tvEWVf6XGFgju.MVl0cebBK/JAHNfdzUV5SmX/nIiRjUa','student',NULL,'SS2024148',0,'赵芳','female','计算机科学与技术学院','计算机科学与技术',NULL,'student148@university.edu','13972928933','赵芳的个人简介','2024-12-13 15:27:57','active',NULL,NULL,NULL,'2024-12-13 15:27:57'),('S2024149','student149','$2a$10$CZbv5Wo0tvEWVf6XGFgju.MVl0cebBK/JAHNfdzUV5SmX/nIiRjUa','student',NULL,'SS2024149',0,'王伟','male','软件工程学院','软件工程',NULL,'student149@university.edu','13989209189','王伟的个人简介','2024-12-13 15:27:57','active',NULL,NULL,NULL,'2024-12-13 15:27:57'),('S2024150','student150','$2a$10$CZbv5Wo0tvEWVf6XGFgju.MVl0cebBK/JAHNfdzUV5SmX/nIiRjUa','student',NULL,'SS2024150',0,'李敏','female','人工智能学院','数据科学',NULL,'student150@university.edu','13992795930','李敏的个人简介','2024-12-13 15:27:57','active',NULL,NULL,NULL,'2024-12-13 15:27:57'),('S2024151','student151','$2a$10$CZbv5Wo0tvEWVf6XGFgju.MVl0cebBK/JAHNfdzUV5SmX/nIiRjUa','student',NULL,'SS2024151',0,'李娜','female','电子信息工程学院','电子信息工程',NULL,'student151@university.edu','13935276048','李娜的个人简介','2024-12-13 15:27:57','active',NULL,NULL,NULL,'2024-12-13 15:27:57'),('S2024152','student152','$2a$10$CZbv5Wo0tvEWVf6XGFgju.MVl0cebBK/JAHNfdzUV5SmX/nIiRjUa','student',NULL,'SS2024152',0,'赵敏','male','计算机科学与技术学院','计算机科学与技术',NULL,'student152@university.edu','13969967723','赵敏的个人简介','2024-12-13 15:27:57','active',NULL,NULL,NULL,'2024-12-13 15:27:57'),('S2024153','student153','$2a$10$CZbv5Wo0tvEWVf6XGFgju.MVl0cebBK/JAHNfdzUV5SmX/nIiRjUa','student',NULL,'SS2024153',0,'张芳','female','电子信息工程学院','电子信息工程',NULL,'student153@university.edu','13942207604','张芳的个人简介','2024-12-13 15:27:57','active',NULL,NULL,NULL,'2024-12-13 15:27:57'),('S2024154','student154','$2a$10$CZbv5Wo0tvEWVf6XGFgju.MVl0cebBK/JAHNfdzUV5SmX/nIiRjUa','student',NULL,'SS2024154',0,'张强','male','人工智能学院','人工智能',NULL,'student154@university.edu','13956206235','张强的个人简介','2024-12-13 15:27:57','active',NULL,NULL,NULL,'2024-12-13 15:27:57'),('S2024155','student155','$2a$10$CZbv5Wo0tvEWVf6XGFgju.MVl0cebBK/JAHNfdzUV5SmX/nIiRjUa','student',NULL,'SS2024155',0,'王秀英','female','电子信息工程学院','电子信息工程',NULL,'student155@university.edu','13928090294','王秀英的个人简介','2024-12-13 15:27:57','active',NULL,NULL,NULL,'2024-12-13 15:27:57'),('S2024156','student156','$2a$10$CZbv5Wo0tvEWVf6XGFgju.MVl0cebBK/JAHNfdzUV5SmX/nIiRjUa','student',NULL,'SS2024156',0,'张华','female','电子信息工程学院','电子信息工程',NULL,'student156@university.edu','13913934972','张华的个人简介','2024-12-13 15:27:57','active',NULL,NULL,NULL,'2024-12-13 15:27:57'),('S2024157','student157','$2a$10$CZbv5Wo0tvEWVf6XGFgju.MVl0cebBK/JAHNfdzUV5SmX/nIiRjUa','student',NULL,'SS2024157',0,'李秀英','female','软件工程学院','软件工程',NULL,'student157@university.edu','13935251334','李秀英的个人简介','2024-12-13 15:27:57','active',NULL,NULL,NULL,'2024-12-13 15:27:57'),('S2024158','student158','$2a$10$CZbv5Wo0tvEWVf6XGFgju.MVl0cebBK/JAHNfdzUV5SmX/nIiRjUa','student',NULL,'SS2024158',0,'周磊','female','计算机科学与技术学院','计算机科学与技术',NULL,'student158@university.edu','13928248484','周磊的个人简介','2024-12-13 15:27:57','active',NULL,NULL,NULL,'2024-12-13 15:27:57'),('S2024159','student159','$2a$10$CZbv5Wo0tvEWVf6XGFgju.MVl0cebBK/JAHNfdzUV5SmX/nIiRjUa','student',NULL,'SS2024159',0,'周华','male','计算机科学与技术学院','信息安全',NULL,'student159@university.edu','13937042137','周华的个人简介','2024-12-13 15:27:57','active',NULL,NULL,NULL,'2024-12-13 15:27:57'),('S2024160','student160','$2a$10$CZbv5Wo0tvEWVf6XGFgju.MVl0cebBK/JAHNfdzUV5SmX/nIiRjUa','student',NULL,'SS2024160',0,'王敏','male','计算机科学与技术学院','计算机科学与技术',NULL,'student160@university.edu','13992362920','王敏的个人简介','2024-12-13 15:27:57','active',NULL,NULL,NULL,'2024-12-13 15:27:57'),('S2024161','student161','$2a$10$CZbv5Wo0tvEWVf6XGFgju.MVl0cebBK/JAHNfdzUV5SmX/nIiRjUa','student',NULL,'SS2024161',0,'王敏','female','电子信息工程学院','电子信息工程',NULL,'student161@university.edu','13956793754','王敏的个人简介','2024-12-13 15:27:57','active',NULL,NULL,NULL,'2024-12-13 15:27:57'),('S2024162','student162','$2a$10$CZbv5Wo0tvEWVf6XGFgju.MVl0cebBK/JAHNfdzUV5SmX/nIiRjUa','student',NULL,'SS2024162',0,'刘磊','male','软件工程学院','软件工程',NULL,'student162@university.edu','13965275460','刘磊的个人简介','2024-12-13 15:27:57','active',NULL,NULL,NULL,'2024-12-13 15:27:57'),('S2024163','student163','$2a$10$CZbv5Wo0tvEWVf6XGFgju.MVl0cebBK/JAHNfdzUV5SmX/nIiRjUa','student',NULL,'SS2024163',0,'杨强','female','软件工程学院','软件工程',NULL,'student163@university.edu','13958217720','杨强的个人简介','2024-12-13 15:27:57','active',NULL,NULL,NULL,'2024-12-13 15:27:57'),('S2024164','student164','$2a$10$CZbv5Wo0tvEWVf6XGFgju.MVl0cebBK/JAHNfdzUV5SmX/nIiRjUa','student',NULL,'SS2024164',0,'李华','male','计算机科学与技术学院','计算机科学与技术',NULL,'student164@university.edu','13937943695','李华的个人简介','2024-12-13 15:27:57','active',NULL,NULL,NULL,'2024-12-13 15:27:57'),('S2024165','student165','$2a$10$CZbv5Wo0tvEWVf6XGFgju.MVl0cebBK/JAHNfdzUV5SmX/nIiRjUa','student',NULL,'SS2024165',0,'杨磊','female','软件工程学院','软件工程',NULL,'student165@university.edu','13936739570','杨磊的个人简介','2024-12-13 15:27:57','active',NULL,NULL,NULL,'2024-12-13 15:27:57'),('S2024166','student166','$2a$10$CZbv5Wo0tvEWVf6XGFgju.MVl0cebBK/JAHNfdzUV5SmX/nIiRjUa','student',NULL,'SS2024166',0,'王秀英','female','电子信息工程学院','电子信息工程',NULL,'student166@university.edu','13962033382','王秀英的个人简介','2024-12-13 15:27:57','active',NULL,NULL,NULL,'2024-12-13 15:27:57'),('S2024167','student167','$2a$10$CZbv5Wo0tvEWVf6XGFgju.MVl0cebBK/JAHNfdzUV5SmX/nIiRjUa','student',NULL,'SS2024167',0,'杨明','male','计算机科学与技术学院','计算机科学与技术',NULL,'student167@university.edu','13942434221','杨明的个人简介','2024-12-13 15:27:57','active',NULL,NULL,NULL,'2024-12-13 15:27:57'),('S2024168','student168','$2a$10$CZbv5Wo0tvEWVf6XGFgju.MVl0cebBK/JAHNfdzUV5SmX/nIiRjUa','student',NULL,'SS2024168',0,'周华','male','计算机科学与技术学院','计算机科学与技术',NULL,'student168@university.edu','13937447856','周华的个人简介','2024-12-13 15:27:57','active',NULL,NULL,NULL,'2024-12-13 15:27:57'),('S2024169','student169','$2a$10$CZbv5Wo0tvEWVf6XGFgju.MVl0cebBK/JAHNfdzUV5SmX/nIiRjUa','student',NULL,'SS2024169',0,'刘磊','female','计算机科学与技术学院','计算机科学与技术',NULL,'student169@university.edu','13913781125','刘磊的个人简介','2024-12-13 15:27:57','active',NULL,NULL,NULL,'2024-12-13 15:27:57'),('S2024170','student170','$2a$10$CZbv5Wo0tvEWVf6XGFgju.MVl0cebBK/JAHNfdzUV5SmX/nIiRjUa','student',NULL,'SS2024170',0,'刘强','female','计算机科学与技术学院','计算机科学与技术',NULL,'student170@university.edu','13979382098','刘强的个人简介','2024-12-13 15:27:57','active',NULL,NULL,NULL,'2024-12-13 15:27:57'),('S2024171','student171','$2a$10$CZbv5Wo0tvEWVf6XGFgju.MVl0cebBK/JAHNfdzUV5SmX/nIiRjUa','student',NULL,'SS2024171',0,'周芳','female','人工智能学院','人工智能',NULL,'student171@university.edu','13983846638','周芳的个人简介','2024-12-13 15:27:57','active',NULL,NULL,NULL,'2024-12-13 15:27:57'),('S2024172','student172','$2a$10$CZbv5Wo0tvEWVf6XGFgju.MVl0cebBK/JAHNfdzUV5SmX/nIiRjUa','student',NULL,'SS2024172',0,'黄明','male','软件工程学院','软件工程',NULL,'student172@university.edu','13934385959','黄明的个人简介','2024-12-13 15:27:57','active',NULL,NULL,NULL,'2024-12-13 15:27:57'),('S2024173','student173','$2a$10$CZbv5Wo0tvEWVf6XGFgju.MVl0cebBK/JAHNfdzUV5SmX/nIiRjUa','student',NULL,'SS2024173',0,'杨娜','female','软件工程学院','软件工程',NULL,'student173@university.edu','13980239974','杨娜的个人简介','2024-12-13 15:27:57','active',NULL,NULL,NULL,'2024-12-13 15:27:57'),('S2024174','student174','$2a$10$CZbv5Wo0tvEWVf6XGFgju.MVl0cebBK/JAHNfdzUV5SmX/nIiRjUa','student',NULL,'SS2024174',0,'李娜','male','软件工程学院','软件工程',NULL,'student174@university.edu','13914275975','李娜的个人简介','2024-12-13 15:27:57','active',NULL,NULL,NULL,'2024-12-13 15:27:57'),('S2024175','student175','$2a$10$CZbv5Wo0tvEWVf6XGFgju.MVl0cebBK/JAHNfdzUV5SmX/nIiRjUa','student',NULL,'SS2024175',0,'周强','female','人工智能学院','数据科学',NULL,'student175@university.edu','13927076158','周强的个人简介','2024-12-13 15:27:57','active',NULL,NULL,NULL,'2024-12-13 15:27:57'),('S2024176','student176','$2a$10$CZbv5Wo0tvEWVf6XGFgju.MVl0cebBK/JAHNfdzUV5SmX/nIiRjUa','student',NULL,'SS2024176',0,'李明','female','电子信息工程学院','电子信息工程',NULL,'student176@university.edu','13922844550','李明的个人简介','2024-12-13 15:27:57','active',NULL,NULL,NULL,'2024-12-13 15:27:57'),('S2024177','student177','$2a$10$CZbv5Wo0tvEWVf6XGFgju.MVl0cebBK/JAHNfdzUV5SmX/nIiRjUa','student',NULL,'SS2024177',0,'陈明','male','电子信息工程学院','电子信息工程',NULL,'student177@university.edu','13917772180','陈明的个人简介','2024-12-13 15:27:57','active',NULL,NULL,NULL,'2024-12-13 15:27:57'),('S2024178','student178','$2a$10$CZbv5Wo0tvEWVf6XGFgju.MVl0cebBK/JAHNfdzUV5SmX/nIiRjUa','student',NULL,'SS2024178',0,'张伟','female','软件工程学院','软件工程',NULL,'student178@university.edu','13987359590','张伟的个人简介','2024-12-13 15:27:57','active',NULL,NULL,NULL,'2024-12-13 15:27:57'),('S2024179','student179','$2a$10$CZbv5Wo0tvEWVf6XGFgju.MVl0cebBK/JAHNfdzUV5SmX/nIiRjUa','student',NULL,'SS2024179',0,'周强','male','人工智能学院','人工智能',NULL,'student179@university.edu','13963185022','周强的个人简介','2024-12-13 15:27:57','active',NULL,NULL,NULL,'2024-12-13 15:27:57'),('S2024180','student180','$2a$10$CZbv5Wo0tvEWVf6XGFgju.MVl0cebBK/JAHNfdzUV5SmX/nIiRjUa','student',NULL,'SS2024180',0,'赵敏','female','电子信息工程学院','电子信息工程',NULL,'student180@university.edu','13994781622','赵敏的个人简介','2024-12-13 15:27:57','active',NULL,NULL,NULL,'2024-12-13 15:27:57'),('S2024181','student181','$2a$10$CZbv5Wo0tvEWVf6XGFgju.MVl0cebBK/JAHNfdzUV5SmX/nIiRjUa','student',NULL,'SS2024181',0,'赵伟','male','计算机科学与技术学院','计算机科学与技术',NULL,'student181@university.edu','13933816784','赵伟的个人简介','2024-12-13 15:27:57','active',NULL,NULL,NULL,'2024-12-13 15:27:57'),('S2024182','student182','$2a$10$CZbv5Wo0tvEWVf6XGFgju.MVl0cebBK/JAHNfdzUV5SmX/nIiRjUa','student',NULL,'SS2024182',0,'赵静','female','计算机科学与技术学院','信息安全',NULL,'student182@university.edu','13945365585','赵静的个人简介','2024-12-13 15:27:57','active',NULL,NULL,NULL,'2024-12-13 15:27:57'),('S2024183','student183','$2a$10$CZbv5Wo0tvEWVf6XGFgju.MVl0cebBK/JAHNfdzUV5SmX/nIiRjUa','student',NULL,'SS2024183',0,'黄娜','male','计算机科学与技术学院','信息安全',NULL,'student183@university.edu','13961208275','黄娜的个人简介','2024-12-13 15:27:57','active',NULL,NULL,NULL,'2024-12-13 15:27:57'),('S2024184','student184','$2a$10$CZbv5Wo0tvEWVf6XGFgju.MVl0cebBK/JAHNfdzUV5SmX/nIiRjUa','student',NULL,'SS2024184',0,'杨强','male','电子信息工程学院','电子信息工程',NULL,'student184@university.edu','13939873478','杨强的个人简介','2024-12-13 15:27:58','active',NULL,NULL,NULL,'2024-12-13 15:27:58'),('S2024185','student185','$2a$10$CZbv5Wo0tvEWVf6XGFgju.MVl0cebBK/JAHNfdzUV5SmX/nIiRjUa','student',NULL,'SS2024185',0,'杨敏','male','电子信息工程学院','电子信息工程',NULL,'student185@university.edu','13924999323','杨敏的个人简介','2024-12-13 15:27:58','active',NULL,NULL,NULL,'2024-12-13 15:27:58'),('S2024186','student186','$2a$10$CZbv5Wo0tvEWVf6XGFgju.MVl0cebBK/JAHNfdzUV5SmX/nIiRjUa','student',NULL,'SS2024186',0,'李娜','male','电子信息工程学院','电子信息工程',NULL,'student186@university.edu','13931521890','李娜的个人简介','2024-12-13 15:27:58','active',NULL,NULL,NULL,'2024-12-13 15:27:58'),('S2024187','student187','$2a$10$CZbv5Wo0tvEWVf6XGFgju.MVl0cebBK/JAHNfdzUV5SmX/nIiRjUa','student',NULL,'SS2024187',0,'黄秀英','male','软件工程学院','软件工程',NULL,'student187@university.edu','13950591395','黄秀英的个人简介','2024-12-13 15:27:58','active',NULL,NULL,NULL,'2024-12-13 15:27:58'),('S2024188','student188','$2a$10$CZbv5Wo0tvEWVf6XGFgju.MVl0cebBK/JAHNfdzUV5SmX/nIiRjUa','student',NULL,'SS2024188',0,'杨娜','male','电子信息工程学院','电子信息工程',NULL,'student188@university.edu','13952420420','杨娜的个人简介','2024-12-13 15:27:58','active',NULL,NULL,NULL,'2024-12-13 15:27:58'),('S2024189','student189','$2a$10$CZbv5Wo0tvEWVf6XGFgju.MVl0cebBK/JAHNfdzUV5SmX/nIiRjUa','student',NULL,'SS2024189',0,'周强','female','电子信息工程学院','电子信息工程',NULL,'student189@university.edu','13973446050','周强的个人简介','2024-12-13 15:27:58','active',NULL,NULL,NULL,'2024-12-13 15:27:58'),('S2024190','student190','$2a$10$CZbv5Wo0tvEWVf6XGFgju.MVl0cebBK/JAHNfdzUV5SmX/nIiRjUa','student',NULL,'SS2024190',0,'杨芳','female','软件工程学院','软件工程',NULL,'student190@university.edu','13922307621','杨芳的个人简介','2024-12-13 15:27:58','active',NULL,NULL,NULL,'2024-12-13 15:27:58'),('S2024191','student191','$2a$10$CZbv5Wo0tvEWVf6XGFgju.MVl0cebBK/JAHNfdzUV5SmX/nIiRjUa','student',NULL,'SS2024191',0,'王娜','female','软件工程学院','软件工程',NULL,'student191@university.edu','13993084510','王娜的个人简介','2024-12-13 15:27:58','active',NULL,NULL,NULL,'2024-12-13 15:27:58'),('S2024192','student192','$2a$10$CZbv5Wo0tvEWVf6XGFgju.MVl0cebBK/JAHNfdzUV5SmX/nIiRjUa','student',NULL,'SS2024192',0,'赵磊','female','人工智能学院','数据科学',NULL,'student192@university.edu','13999546985','赵磊的个人简介','2024-12-13 15:27:58','active',NULL,NULL,NULL,'2024-12-13 15:27:58'),('S2024193','student193','$2a$10$CZbv5Wo0tvEWVf6XGFgju.MVl0cebBK/JAHNfdzUV5SmX/nIiRjUa','student',NULL,'SS2024193',0,'张强','female','人工智能学院','数据科学',NULL,'student193@university.edu','13936140625','张强的个人简介','2024-12-13 15:27:58','active',NULL,NULL,NULL,'2024-12-13 15:27:58'),('S2024194','student194','$2a$10$CZbv5Wo0tvEWVf6XGFgju.MVl0cebBK/JAHNfdzUV5SmX/nIiRjUa','student',NULL,'SS2024194',0,'王伟','male','软件工程学院','软件工程',NULL,'student194@university.edu','13944668320','王伟的个人简介','2024-12-13 15:27:58','active',NULL,NULL,NULL,'2024-12-13 15:27:58'),('S2024195','student195','$2a$10$CZbv5Wo0tvEWVf6XGFgju.MVl0cebBK/JAHNfdzUV5SmX/nIiRjUa','student',NULL,'SS2024195',0,'王娜','male','人工智能学院','数据科学',NULL,'student195@university.edu','13910299847','王娜的个人简介','2024-12-13 15:27:58','active',NULL,NULL,NULL,'2024-12-13 15:27:58'),('S2024196','student196','$2a$10$CZbv5Wo0tvEWVf6XGFgju.MVl0cebBK/JAHNfdzUV5SmX/nIiRjUa','student',NULL,'SS2024196',0,'吴华','male','人工智能学院','数据科学',NULL,'student196@university.edu','13961673270','吴华的个人简介','2024-12-13 15:27:58','active',NULL,NULL,NULL,'2024-12-13 15:27:58'),('S2024197','student197','$2a$10$CZbv5Wo0tvEWVf6XGFgju.MVl0cebBK/JAHNfdzUV5SmX/nIiRjUa','student',NULL,'SS2024197',0,'张磊','male','人工智能学院','数据科学',NULL,'student197@university.edu','13963893457','张磊的个人简介','2024-12-13 15:27:58','active',NULL,NULL,NULL,'2024-12-13 15:27:58'),('S2024198','student198','$2a$10$CZbv5Wo0tvEWVf6XGFgju.MVl0cebBK/JAHNfdzUV5SmX/nIiRjUa','student',NULL,'SS2024198',0,'杨磊','female','软件工程学院','软件工程',NULL,'student198@university.edu','13987697088','杨磊的个人简介','2024-12-13 15:27:58','active',NULL,NULL,NULL,'2024-12-13 15:27:58'),('S2024199','student199','$2a$10$CZbv5Wo0tvEWVf6XGFgju.MVl0cebBK/JAHNfdzUV5SmX/nIiRjUa','student',NULL,'SS2024199',0,'杨秀英','female','电子信息工程学院','电子信息工程',NULL,'student199@university.edu','13930973836','杨秀英的个人简介','2024-12-13 15:27:58','active',NULL,NULL,NULL,'2024-12-13 15:27:58'),('S2024200','student200','$2a$10$CZbv5Wo0tvEWVf6XGFgju.MVl0cebBK/JAHNfdzUV5SmX/nIiRjUa','student',NULL,'SS2024200',6,'周强','female','计算机科学与技术学院','计算机科学与技术',NULL,'student200@university.edu','13942596114','周强的个人简介','2024-12-15 11:02:30','active','2024-12-15 11:02:30','::1',NULL,'2024-12-13 15:27:58'),('S2024201','student201','$2a$10$CZbv5Wo0tvEWVf6XGFgju.MVl0cebBK/JAHNfdzUV5SmX/nIiRjUa','student',NULL,'SS2024201',12,'杨敏','male','计算机科学与技术学院','信息安全',NULL,'student201@university.edu','13937818500','杨敏的个人简介','2024-12-15 16:07:46','active','2024-12-15 16:07:46','::1',NULL,'2024-12-13 15:27:58'),('S2024202','student202','$2a$10$CZbv5Wo0tvEWVf6XGFgju.MVl0cebBK/JAHNfdzUV5SmX/nIiRjUa','student',NULL,'SS2024202',0,'周华','female','电子信息工程学院','电子信息工程',NULL,'student202@university.edu','13990206538','周华的个人简介','2024-12-13 15:27:58','active',NULL,NULL,NULL,'2024-12-13 15:27:58'),('S2024203','student203','$2a$10$CZbv5Wo0tvEWVf6XGFgju.MVl0cebBK/JAHNfdzUV5SmX/nIiRjUa','student',NULL,'SS2024203',0,'黄华','female','软件工程学院','软件工程',NULL,'student203@university.edu','13970020116','黄华的个人简介','2024-12-13 15:27:58','active',NULL,NULL,NULL,'2024-12-13 15:27:58'),('S2024204','student204','$2a$10$CZbv5Wo0tvEWVf6XGFgju.MVl0cebBK/JAHNfdzUV5SmX/nIiRjUa','student',NULL,'SS2024204',0,'黄伟','female','软件工程学院','软件工程',NULL,'student204@university.edu','13954316715','黄伟的个人简介','2024-12-13 15:27:58','active',NULL,NULL,NULL,'2024-12-13 15:27:58'),('S2024205','student205','$2a$10$CZbv5Wo0tvEWVf6XGFgju.MVl0cebBK/JAHNfdzUV5SmX/nIiRjUa','student',NULL,'SS2024205',0,'杨敏','male','计算机科学与技术学院','计算机科学与技术',NULL,'student205@university.edu','13933406119','杨敏的个人简介','2024-12-13 15:27:58','active',NULL,NULL,NULL,'2024-12-13 15:27:58'),('S2024206','student206','$2a$10$CZbv5Wo0tvEWVf6XGFgju.MVl0cebBK/JAHNfdzUV5SmX/nIiRjUa','student',NULL,'SS2024206',0,'周敏','male','软件工程学院','软件工程',NULL,'student206@university.edu','13914796723','周敏的个人简介','2024-12-13 15:27:58','active',NULL,NULL,NULL,'2024-12-13 15:27:58'),('S2024207','student207','$2a$10$CZbv5Wo0tvEWVf6XGFgju.MVl0cebBK/JAHNfdzUV5SmX/nIiRjUa','student',NULL,'SS2024207',0,'赵娜','male','计算机科学与技术学院','信息安全',NULL,'student207@university.edu','13973289018','赵娜的个人简介','2024-12-13 15:27:58','active',NULL,NULL,NULL,'2024-12-13 15:27:58'),('S2024208','student208','$2a$10$CZbv5Wo0tvEWVf6XGFgju.MVl0cebBK/JAHNfdzUV5SmX/nIiRjUa','student',NULL,'SS2024208',0,'张敏','female','电子信息工程学院','电子信息工程',NULL,'student208@university.edu','13919129305','张敏的个人简介','2024-12-13 15:27:58','active',NULL,NULL,NULL,'2024-12-13 15:27:58'),('S2024209','student209','$2a$10$CZbv5Wo0tvEWVf6XGFgju.MVl0cebBK/JAHNfdzUV5SmX/nIiRjUa','student',NULL,'SS2024209',0,'杨娜','male','电子信息工程学院','电子信息工程',NULL,'student209@university.edu','13957483098','杨娜的个人简介','2024-12-13 15:27:58','active',NULL,NULL,NULL,'2024-12-13 15:27:58'),('S2024210','student210','$2a$10$CZbv5Wo0tvEWVf6XGFgju.MVl0cebBK/JAHNfdzUV5SmX/nIiRjUa','student',NULL,'SS2024210',0,'刘秀英','male','人工智能学院','人工智能',NULL,'student210@university.edu','13966607684','刘秀英的个人简介','2024-12-13 15:27:58','active',NULL,NULL,NULL,'2024-12-13 15:27:58'),('S2024211','student211','$2a$10$CZbv5Wo0tvEWVf6XGFgju.MVl0cebBK/JAHNfdzUV5SmX/nIiRjUa','student',NULL,'SS2024211',0,'刘娜','male','软件工程学院','软件工程',NULL,'student211@university.edu','13914970447','刘娜的个人简介','2024-12-13 15:27:58','active',NULL,NULL,NULL,'2024-12-13 15:27:58'),('S2024212','student212','$2a$10$CZbv5Wo0tvEWVf6XGFgju.MVl0cebBK/JAHNfdzUV5SmX/nIiRjUa','student',NULL,'SS2024212',0,'王华','female','计算机科学与技术学院','计算机科学与技术',NULL,'student212@university.edu','13917447709','王华的个人简介','2024-12-13 15:27:58','active',NULL,NULL,NULL,'2024-12-13 15:27:58'),('S2024213','student213','$2a$10$CZbv5Wo0tvEWVf6XGFgju.MVl0cebBK/JAHNfdzUV5SmX/nIiRjUa','student',NULL,'SS2024213',0,'王磊','female','软件工程学院','软件工程',NULL,'student213@university.edu','13972702998','王磊的个人简介','2024-12-13 15:27:58','active',NULL,NULL,NULL,'2024-12-13 15:27:58'),('S2024214','student214','$2a$10$CZbv5Wo0tvEWVf6XGFgju.MVl0cebBK/JAHNfdzUV5SmX/nIiRjUa','student',NULL,'SS2024214',0,'杨娜','male','软件工程学院','软件工程',NULL,'student214@university.edu','13952833839','杨娜的个人简介','2024-12-13 15:27:58','active',NULL,NULL,NULL,'2024-12-13 15:27:58'),('S2024215','student215','$2a$10$CZbv5Wo0tvEWVf6XGFgju.MVl0cebBK/JAHNfdzUV5SmX/nIiRjUa','student',NULL,'SS2024215',0,'赵秀英','male','人工智能学院','人工智能',NULL,'student215@university.edu','13978767615','赵秀英的个人简介','2024-12-13 15:27:58','active',NULL,NULL,NULL,'2024-12-13 15:27:58'),('S2024216','student216','$2a$10$CZbv5Wo0tvEWVf6XGFgju.MVl0cebBK/JAHNfdzUV5SmX/nIiRjUa','student',NULL,'SS2024216',0,'黄秀英','male','软件工程学院','软件工程',NULL,'student216@university.edu','13970349443','黄秀英的个人简介','2024-12-13 15:27:58','active',NULL,NULL,NULL,'2024-12-13 15:27:58'),('S2024217','student217','$2a$10$CZbv5Wo0tvEWVf6XGFgju.MVl0cebBK/JAHNfdzUV5SmX/nIiRjUa','student',NULL,'SS2024217',0,'张强','female','计算机科学与技术学院','信息安全',NULL,'student217@university.edu','13915888624','张强的个人简介','2024-12-13 15:27:59','active',NULL,NULL,NULL,'2024-12-13 15:27:59'),('S2024218','student218','$2a$10$CZbv5Wo0tvEWVf6XGFgju.MVl0cebBK/JAHNfdzUV5SmX/nIiRjUa','student',NULL,'SS2024218',0,'周芳','female','电子信息工程学院','电子信息工程',NULL,'student218@university.edu','13950254626','周芳的个人简介','2024-12-13 15:27:59','active',NULL,NULL,NULL,'2024-12-13 15:27:59'),('S2024219','student219','$2a$10$CZbv5Wo0tvEWVf6XGFgju.MVl0cebBK/JAHNfdzUV5SmX/nIiRjUa','student',NULL,'SS2024219',0,'黄芳','male','计算机科学与技术学院','计算机科学与技术',NULL,'student219@university.edu','13958623153','黄芳的个人简介','2024-12-13 15:27:59','active',NULL,NULL,NULL,'2024-12-13 15:27:59'),('S2024220','student220','$2a$10$CZbv5Wo0tvEWVf6XGFgju.MVl0cebBK/JAHNfdzUV5SmX/nIiRjUa','student',NULL,'SS2024220',0,'黄秀英','female','电子信息工程学院','电子信息工程',NULL,'student220@university.edu','13951027553','黄秀英的个人简介','2024-12-13 15:27:59','active',NULL,NULL,NULL,'2024-12-13 15:27:59'),('S2024221','student221','$2a$10$CZbv5Wo0tvEWVf6XGFgju.MVl0cebBK/JAHNfdzUV5SmX/nIiRjUa','student',NULL,'SS2024221',0,'黄敏','female','软件工程学院','软件工程',NULL,'student221@university.edu','13965915251','黄敏的个人简介','2025-01-02 00:23:00','active',NULL,NULL,NULL,'2024-12-13 15:27:59'),('S2024222','student222','$2a$10$CZbv5Wo0tvEWVf6XGFgju.MVl0cebBK/JAHNfdzUV5SmX/nIiRjUa','student',NULL,'SS2024222',0,'黄华','female','人工智能学院','人工智能',NULL,'student222@university.edu','13963068196','黄华的个人简介','2025-01-02 00:22:48','active',NULL,NULL,NULL,'2024-12-13 15:27:59'),('S2024223','student223','$2a$10$CZbv5Wo0tvEWVf6XGFgju.MVl0cebBK/JAHNfdzUV5SmX/nIiRjUa','student',NULL,'SS2024223',0,'李秀英','male','软件工程学院','软件工程',NULL,'student223@university.edu','13941834138','李秀英的个人简介','2024-12-13 15:27:59','active',NULL,NULL,NULL,'2024-12-13 15:27:59'),('S2024224','student224','$2a$10$CZbv5Wo0tvEWVf6XGFgju.MVl0cebBK/JAHNfdzUV5SmX/nIiRjUa','student',NULL,'SS2024224',0,'吴明','female','人工智能学院','数据科学',NULL,'student224@university.edu','13970583216','吴明的个人简介','2024-12-13 15:27:59','active',NULL,NULL,NULL,'2024-12-13 15:27:59'),('S2024226','student226','$2a$10$CZbv5Wo0tvEWVf6XGFgju.MVl0cebBK/JAHNfdzUV5SmX/nIiRjUa','student',NULL,'SS2024226',0,'杨明','male','软件工程学院','软件工程',NULL,'student226@university.edu','13960888524','杨明的个人简介','2024-12-13 15:27:59','active',NULL,NULL,NULL,'2024-12-13 15:27:59'),('S2024227','student227','$2a$10$CZbv5Wo0tvEWVf6XGFgju.MVl0cebBK/JAHNfdzUV5SmX/nIiRjUa','student',NULL,'SS2024227',0,'张华','male','软件工程学院','软件工程',NULL,'student227@university.edu','13966841030','张华的个人简介','2024-12-13 15:27:59','active',NULL,NULL,NULL,'2024-12-13 15:27:59'),('S2024228','student228','$2a$10$CZbv5Wo0tvEWVf6XGFgju.MVl0cebBK/JAHNfdzUV5SmX/nIiRjUa','student',NULL,'SS2024228',0,'张明','male','软件工程学院','软件工程',NULL,'student228@university.edu','13988827436','张明的个人简介','2024-12-13 15:27:59','active',NULL,NULL,NULL,'2024-12-13 15:27:59'),('S2024229','student229','$2a$10$CZbv5Wo0tvEWVf6XGFgju.MVl0cebBK/JAHNfdzUV5SmX/nIiRjUa','student',NULL,'SS2024229',0,'陈华','female','计算机科学与技术学院','信息安全',NULL,'student229@university.edu','13962760823','陈华的个人简介','2024-12-13 15:27:59','active',NULL,NULL,NULL,'2024-12-13 15:27:59'),('S2024230','student230','$2a$10$CZbv5Wo0tvEWVf6XGFgju.MVl0cebBK/JAHNfdzUV5SmX/nIiRjUa','student',NULL,'SS2024230',0,'李秀英','female','计算机科学与技术学院','信息安全',NULL,'student230@university.edu','13947613605','李秀英的个人简介','2024-12-13 15:27:59','active',NULL,NULL,NULL,'2024-12-13 15:27:59'),('S2024231','student231','$2a$10$CZbv5Wo0tvEWVf6XGFgju.MVl0cebBK/JAHNfdzUV5SmX/nIiRjUa','student',NULL,'SS2024231',0,'刘娜','male','人工智能学院','人工智能',NULL,'student231@university.edu','13999045184','刘娜的个人简介','2024-12-13 15:27:59','active',NULL,NULL,NULL,'2024-12-13 15:27:59'),('S2024232','student232','$2a$10$CZbv5Wo0tvEWVf6XGFgju.MVl0cebBK/JAHNfdzUV5SmX/nIiRjUa','student',NULL,'SS2024232',0,'吴娜','male','电子信息工程学院','电子信息工程',NULL,'student232@university.edu','13955375248','吴娜的个人简介','2024-12-13 15:27:59','active',NULL,NULL,NULL,'2024-12-13 15:27:59'),('S2024233','student233','$2a$10$CZbv5Wo0tvEWVf6XGFgju.MVl0cebBK/JAHNfdzUV5SmX/nIiRjUa','student',NULL,'SS2024233',0,'杨敏','female','电子信息工程学院','电子信息工程',NULL,'student233@university.edu','13953182096','杨敏的个人简介','2024-12-13 15:27:59','active',NULL,NULL,NULL,'2024-12-13 15:27:59'),('S2024234','student234','$2a$10$CZbv5Wo0tvEWVf6XGFgju.MVl0cebBK/JAHNfdzUV5SmX/nIiRjUa','student',NULL,'SS2024234',0,'杨芳','male','电子信息工程学院','电子信息工程',NULL,'student234@university.edu','13951080930','杨芳的个人简介','2024-12-13 15:27:59','active',NULL,NULL,NULL,'2024-12-13 15:27:59'),('S2024235','student235','$2a$10$CZbv5Wo0tvEWVf6XGFgju.MVl0cebBK/JAHNfdzUV5SmX/nIiRjUa','student',NULL,'SS2024235',0,'吴娜','male','计算机科学与技术学院','计算机科学与技术',NULL,'student235@university.edu','13951112953','吴娜的个人简介','2024-12-13 15:27:59','active',NULL,NULL,NULL,'2024-12-13 15:27:59'),('S2024236','student236','$2a$10$CZbv5Wo0tvEWVf6XGFgju.MVl0cebBK/JAHNfdzUV5SmX/nIiRjUa','student',NULL,'SS2024236',0,'陈强','female','计算机科学与技术学院','计算机科学与技术',NULL,'student236@university.edu','13977687560','陈强的个人简介','2024-12-13 15:27:59','active',NULL,NULL,NULL,'2024-12-13 15:27:59'),('S2024237','student237','$2a$10$CZbv5Wo0tvEWVf6XGFgju.MVl0cebBK/JAHNfdzUV5SmX/nIiRjUa','student',NULL,'SS2024237',0,'刘芳','male','计算机科学与技术学院','计算机科学与技术',NULL,'student237@university.edu','13922381153','刘芳的个人简介','2024-12-13 15:27:59','active',NULL,NULL,NULL,'2024-12-13 15:27:59'),('S2024238','student238','$2a$10$CZbv5Wo0tvEWVf6XGFgju.MVl0cebBK/JAHNfdzUV5SmX/nIiRjUa','student',NULL,'SS2024238',0,'黄明','female','电子信息工程学院','电子信息工程',NULL,'student238@university.edu','13972575737','黄明的个人简介','2024-12-13 15:27:59','active',NULL,NULL,NULL,'2024-12-13 15:27:59'),('S2024239','student239','$2a$10$CZbv5Wo0tvEWVf6XGFgju.MVl0cebBK/JAHNfdzUV5SmX/nIiRjUa','student',NULL,'SS2024239',0,'张芳','male','人工智能学院','数据科学',NULL,'student239@university.edu','13939348928','张芳的个人简介','2024-12-13 15:27:59','active',NULL,NULL,NULL,'2024-12-13 15:27:59'),('S2024240','student240','$2a$10$CZbv5Wo0tvEWVf6XGFgju.MVl0cebBK/JAHNfdzUV5SmX/nIiRjUa','student',NULL,'SS2024240',0,'陈芳','female','计算机科学与技术学院','计算机科学与技术',NULL,'student240@university.edu','13942525317','陈芳的个人简介','2024-12-13 15:27:59','active',NULL,NULL,NULL,'2024-12-13 15:27:59'),('S2024241','student241','$2a$10$CZbv5Wo0tvEWVf6XGFgju.MVl0cebBK/JAHNfdzUV5SmX/nIiRjUa','student',NULL,'SS2024241',0,'黄明','female','计算机科学与技术学院','信息安全',NULL,'student241@university.edu','13952617725','黄明的个人简介','2024-12-13 15:27:59','active',NULL,NULL,NULL,'2024-12-13 15:27:59'),('S2024242','student242','$2a$10$CZbv5Wo0tvEWVf6XGFgju.MVl0cebBK/JAHNfdzUV5SmX/nIiRjUa','student',NULL,'SS2024242',0,'吴静','male','人工智能学院','数据科学',NULL,'student242@university.edu','13999549357','吴静的个人简介','2024-12-13 15:27:59','active',NULL,NULL,NULL,'2024-12-13 15:27:59'),('S2024243','student243','$2a$10$CZbv5Wo0tvEWVf6XGFgju.MVl0cebBK/JAHNfdzUV5SmX/nIiRjUa','student',NULL,'SS2024243',0,'吴强','female','人工智能学院','数据科学',NULL,'student243@university.edu','13993004133','吴强的个人简介','2024-12-13 15:27:59','active',NULL,NULL,NULL,'2024-12-13 15:27:59'),('S2024244','student244','$2a$10$CZbv5Wo0tvEWVf6XGFgju.MVl0cebBK/JAHNfdzUV5SmX/nIiRjUa','student',NULL,'SS2024244',0,'黄明','female','计算机科学与技术学院','信息安全',NULL,'student244@university.edu','13956637950','黄明的个人简介','2024-12-13 15:27:59','active',NULL,NULL,NULL,'2024-12-13 15:27:59'),('S2024245','student245','$2a$10$CZbv5Wo0tvEWVf6XGFgju.MVl0cebBK/JAHNfdzUV5SmX/nIiRjUa','student',NULL,'SS2024245',0,'张华','male','人工智能学院','人工智能',NULL,'student245@university.edu','13976548547','张华的个人简介','2024-12-13 15:27:59','active',NULL,NULL,NULL,'2024-12-13 15:27:59'),('S2024246','student246','$2a$10$CZbv5Wo0tvEWVf6XGFgju.MVl0cebBK/JAHNfdzUV5SmX/nIiRjUa','student',NULL,'SS2024246',0,'黄磊','female','人工智能学院','人工智能',NULL,'student246@university.edu','13989470247','黄磊的个人简介','2024-12-13 15:27:59','active',NULL,NULL,NULL,'2024-12-13 15:27:59'),('S2024247','student247','$2a$10$CZbv5Wo0tvEWVf6XGFgju.MVl0cebBK/JAHNfdzUV5SmX/nIiRjUa','student',NULL,'SS2024247',0,'李明','male','计算机科学与技术学院','计算机科学与技术',NULL,'student247@university.edu','13929059341','李明的个人简介','2024-12-13 15:27:59','active',NULL,NULL,NULL,'2024-12-13 15:27:59'),('S2024248','student248','$2a$10$CZbv5Wo0tvEWVf6XGFgju.MVl0cebBK/JAHNfdzUV5SmX/nIiRjUa','student',NULL,'SS2024248',0,'陈芳','female','电子信息工程学院','电子信息工程',NULL,'student248@university.edu','13930708005','陈芳的个人简介','2024-12-13 15:27:59','active',NULL,NULL,NULL,'2024-12-13 15:27:59'),('S2024249','student249','$2a$10$CZbv5Wo0tvEWVf6XGFgju.MVl0cebBK/JAHNfdzUV5SmX/nIiRjUa','student',NULL,'SS2024249',0,'赵静','male','软件工程学院','软件工程',NULL,'student249@university.edu','13970977313','赵静的个人简介','2024-12-13 15:27:59','active',NULL,NULL,NULL,'2024-12-13 15:27:59'),('S2024250','student250','$2a$10$CZbv5Wo0tvEWVf6XGFgju.MVl0cebBK/JAHNfdzUV5SmX/nIiRjUa','student',NULL,'SS2024250',0,'黄华','male','电子信息工程学院','电子信息工程',NULL,'student250@university.edu','13978789332','黄华的个人简介','2024-12-13 15:27:59','active',NULL,NULL,NULL,'2024-12-13 15:27:59'),('SA2024001','刘超管','$2a$10$jxlBlkhXxhUB4kdT4X8QKuzl/Tcxwm2P258aLl8S0jKvc./pK258W','superadmin',NULL,'SSA2024001',70,'刘超刘','male','',NULL,'','2915399378@qq.com','15376959676','刘超刘的个人简介','2025-01-02 01:56:38','active','2025-01-02 01:56:38','::1',NULL,'2024-12-10 13:37:45'),('SA2024002','admin2','$2a$10$CZbv5Wo0tvEWVf6XGFgju.MVl0cebBK/JAHNfdzUV5SmX/nIiRjUa','superadmin',NULL,'SSA2024002',0,'管理员2','female','系统部',NULL,'高级管理员','admin2@test.com','13933587790','管理员2的个人简介','2024-12-13 14:51:39','active',NULL,NULL,NULL,'2024-12-10 13:54:16'),('T2024001','teacher1','$2a$10$udP7JcUSRnL0/Hyy6L4SK.s9XKaP.RRGAbWfVoN.FbIK6Y24fD1rW','teacher','TT2024001',NULL,75,'刘勇','male','计算机科学与技术学院',NULL,'教授','teacher1@university.edu','13911239778','刘勇的个人简介','2025-01-02 01:54:14','active','2025-01-02 01:54:14','::1',NULL,'2024-12-10 13:37:45'),('T2024002','teacher2','$2a$10$CZbv5Wo0tvEWVf6XGFgju.MVl0cebBK/JAHNfdzUV5SmX/nIiRjUa','teacher','TT2024002',NULL,4,'王娜','female','计算机科学与技术学院',NULL,'讲师','teacher2@test.com','13945578883','王娜的个人简介','2024-12-30 11:40:33','active','2024-12-30 11:40:33','::1',NULL,'2024-12-10 13:54:16'),('T2024003','teacher3','$2a$10$CZbv5Wo0tvEWVf6XGFgju.MVl0cebBK/JAHNfdzUV5SmX/nIiRjUa','teacher','TT2024003',NULL,9,'刘秀英','male','人工智能学院',NULL,'助教','teacher3@test.com','13960497361','刘秀英的个人简介','2025-01-02 01:55:13','active','2025-01-02 01:55:13','::1',NULL,'2024-12-10 13:54:16'),('T2024004','teacher4','$2a$10$CZbv5Wo0tvEWVf6XGFgju.MVl0cebBK/JAHNfdzUV5SmX/nIiRjUa','teacher','TT2024004',NULL,0,'陈敏','male','人工智能学院',NULL,'教授','teacher4@test.com','13906698383','陈敏的个人简介','2024-12-13 14:51:39','active',NULL,NULL,NULL,'2024-12-10 13:54:16'),('T2024005','teacher5','$2a$10$CZbv5Wo0tvEWVf6XGFgju.MVl0cebBK/JAHNfdzUV5SmX/nIiRjUa','teacher','TT2024005',NULL,2,'杨静','male','计算机科学与技术学院',NULL,'副教授','teacher5@test.com','13950317645','杨静的个人简介','2024-12-13 16:02:50','active','2024-12-13 16:02:50','::1',NULL,'2024-12-10 13:54:16'),('T2024006','teacher6','$2a$10$CZbv5Wo0tvEWVf6XGFgju.MVl0cebBK/JAHNfdzUV5SmX/nIiRjUa','teacher','TT2024006',NULL,50,'赵丽','female','软件工程学院',NULL,'讲师','teacher6@test.com','13909991133','赵丽的个人简介','2025-01-02 01:23:26','active','2025-01-02 01:23:26','::1',NULL,'2024-12-10 13:54:16'),('T2024007','teacher7','$2a$10$CZbv5Wo0tvEWVf6XGFgju.MVl0cebBK/JAHNfdzUV5SmX/nIiRjUa','teacher','TT2024007',NULL,3,'黄强','female','计算机科学与技术学院',NULL,'助教','teacher7@test.com','13954034024','黄强的个人简介','2024-12-16 08:29:42','active','2024-12-16 08:29:42','::1',NULL,'2024-12-10 13:54:16'),('T2024008','teacher8','$2a$10$CZbv5Wo0tvEWVf6XGFgju.MVl0cebBK/JAHNfdzUV5SmX/nIiRjUa','teacher','TT2024008',NULL,17,'周磊','female','人工智能学院',NULL,'教授','teacher8@test.com','13968727938','周磊的个人简介','2025-01-02 01:50:16','active','2025-01-02 01:50:16','::1',NULL,'2024-12-10 13:54:16'),('T2024009','teacher9','$2a$10$CZbv5Wo0tvEWVf6XGFgju.MVl0cebBK/JAHNfdzUV5SmX/nIiRjUa','teacher','TT2024009',NULL,7,'吴洋','female','人工智能学院',NULL,'副教授','teacher9@test.com','13959359102','吴洋的个人简介','2025-01-02 01:25:43','active','2025-01-02 01:25:43','::1',NULL,'2024-12-10 13:54:16'),('T2024010','teacher10','$2a$10$CZbv5Wo0tvEWVf6XGFgju.MVl0cebBK/JAHNfdzUV5SmX/nIiRjUa','teacher','TT2024010',NULL,1,'张伟','female','计算机科学与技术学院',NULL,'讲师','teacher10@test.com','13919314521','张伟的个人简介','2024-12-13 16:41:02','active','2024-12-13 16:41:02','::1',NULL,'2024-12-10 13:54:16'),('T2024011','teacher11','$2a$10$CZbv5Wo0tvEWVf6XGFgju.MVl0cebBK/JAHNfdzUV5SmX/nIiRjUa','teacher','TT2024011',NULL,1,'李芳','male','软件工程学院',NULL,'助教','teacher11@test.com','13950372733','李芳的个人简介','2024-12-14 06:28:38','active','2024-12-14 06:28:38','::1',NULL,'2024-12-10 13:54:16'),('T2024012','teacher12','$2a$10$CZbv5Wo0tvEWVf6XGFgju.MVl0cebBK/JAHNfdzUV5SmX/nIiRjUa','teacher','TT2024012',NULL,0,'王娜','male','计算机科学与技术学院',NULL,'教授','teacher12@test.com','13960763334','王娜的个人简介','2024-12-13 14:51:39','active',NULL,NULL,NULL,'2024-12-10 13:54:16'),('T2024013','teacher13','$2a$10$CZbv5Wo0tvEWVf6XGFgju.MVl0cebBK/JAHNfdzUV5SmX/nIiRjUa','teacher','TT2024013',NULL,9,'刘秀英','female','人工智能学院',NULL,'副教授','teacher13@test.com','13904979334','刘秀英的个人简介','2025-01-02 01:51:27','active','2025-01-02 01:51:27','::1',NULL,'2024-12-10 13:54:16'),('T2024014','teacher14','$2a$10$CZbv5Wo0tvEWVf6XGFgju.MVl0cebBK/JAHNfdzUV5SmX/nIiRjUa','teacher','TT2024014',NULL,0,'陈敏','male','人工智能学院',NULL,'讲师','teacher14@test.com','13979276730','陈敏的个人简介','2024-12-13 14:51:39','active',NULL,NULL,NULL,'2024-12-10 13:54:16'),('T2024015','teacher15','$2a$10$CZbv5Wo0tvEWVf6XGFgju.MVl0cebBK/JAHNfdzUV5SmX/nIiRjUa','teacher','TT2024015',NULL,1,'杨静','female','计算机科学与技术学院',NULL,'助教','teacher15@test.com','13947575303','杨静的个人简介','2024-12-14 06:29:31','active','2024-12-14 06:29:31','::1',NULL,'2024-12-10 13:54:16'),('T2024016','teacher16','$2a$10$CZbv5Wo0tvEWVf6XGFgju.MVl0cebBK/JAHNfdzUV5SmX/nIiRjUa','teacher','TT2024016',NULL,0,'赵丽','female','软件工程学院',NULL,'教授','teacher16@test.com','13961704321','赵丽的个人简介','2024-12-13 14:51:39','active',NULL,NULL,NULL,'2024-12-10 13:54:16'),('T2024017','teacher17','$2a$10$CZbv5Wo0tvEWVf6XGFgju.MVl0cebBK/JAHNfdzUV5SmX/nIiRjUa','teacher','TT2024017',NULL,59,'黄强','female','计算机科学与技术学院',NULL,'副教授','teacher17@test.com','13945520745','黄强的个人简介','2024-12-31 07:57:47','active','2024-12-31 07:57:47','::1',NULL,'2024-12-10 13:54:16'),('T2024018','teacher18','$2a$10$CZbv5Wo0tvEWVf6XGFgju.MVl0cebBK/JAHNfdzUV5SmX/nIiRjUa','teacher','TT2024018',NULL,0,'周磊','female','人工智能学院',NULL,'讲师','teacher18@test.com','13907324923','周磊的个人简介','2024-12-13 14:51:39','active',NULL,NULL,NULL,'2024-12-10 13:54:16'),('T2024019','teacher19','$2a$10$CZbv5Wo0tvEWVf6XGFgju.MVl0cebBK/JAHNfdzUV5SmX/nIiRjUa','teacher','TT2024019',NULL,6,'吴洋','male','人工智能学院',NULL,'助教','teacher19@test.com','13900845702','吴洋的个人简介','2025-01-02 01:51:45','active','2025-01-02 01:51:45','::1',NULL,'2024-12-10 13:54:16'),('T2024020','teacher20','$2a$10$CZbv5Wo0tvEWVf6XGFgju.MVl0cebBK/JAHNfdzUV5SmX/nIiRjUa','teacher','TT2024020',NULL,6,'张伟','female','计算机科学与技术学院',NULL,'教授','teacher20@test.com','13926071573','张伟的个人简介','2025-01-02 01:13:40','active','2025-01-02 01:13:40','::1',NULL,'2024-12-10 13:54:16'),('T2024021','teacher21','$2a$10$CZbv5Wo0tvEWVf6XGFgju.MVl0cebBK/JAHNfdzUV5SmX/nIiRjUa','teacher','TT2024021',NULL,3,'李芳','female','软件工程学院',NULL,'副教授','teacher21@test.com','13942579785','李芳的个人简介','2024-12-14 09:05:33','active','2024-12-14 09:05:33','::1',NULL,'2024-12-10 13:54:16'),('T2024022','teacher22','$2a$10$CZbv5Wo0tvEWVf6XGFgju.MVl0cebBK/JAHNfdzUV5SmX/nIiRjUa','teacher','TT2024022',NULL,2,'王娜','female','计算机科学与技术学院',NULL,'讲师','teacher22@test.com','13920071118','王娜的个人简介','2024-12-14 09:05:40','active','2024-12-14 09:05:40','::1',NULL,'2024-12-10 13:54:16'),('T2024023','teacher23','$2a$10$CZbv5Wo0tvEWVf6XGFgju.MVl0cebBK/JAHNfdzUV5SmX/nIiRjUa','teacher','TT2024023',NULL,1,'刘秀英','male','人工智能学院',NULL,'助教','teacher23@test.com','13975419871','刘秀英的个人简介','2024-12-14 09:05:46','active','2024-12-14 09:05:46','::1',NULL,'2024-12-10 13:54:16'),('T2024024','teacher24','$2a$10$CZbv5Wo0tvEWVf6XGFgju.MVl0cebBK/JAHNfdzUV5SmX/nIiRjUa','teacher','TT2024024',NULL,0,'陈敏','male','人工智能学院',NULL,'教授','teacher24@test.com','13931002450','陈敏的个人简介','2024-12-13 14:51:39','active',NULL,NULL,NULL,'2024-12-10 13:54:16'),('T2024025','teacher25','$2a$10$CZbv5Wo0tvEWVf6XGFgju.MVl0cebBK/JAHNfdzUV5SmX/nIiRjUa','teacher','TT2024025',NULL,0,'杨静','female','计算机科学与技术学院',NULL,'副教授','teacher25@test.com','13939213777','杨静的个人简介','2024-12-13 14:51:39','active',NULL,NULL,NULL,'2024-12-10 13:54:16'),('T2024026','teacher26','$2a$10$CZbv5Wo0tvEWVf6XGFgju.MVl0cebBK/JAHNfdzUV5SmX/nIiRjUa','teacher','TT2024026',NULL,1,'赵丽','male','软件工程学院',NULL,'讲师','teacher26@test.com','13931380423','赵丽的个人简介','2024-12-30 11:43:36','active','2024-12-30 11:43:36','::1',NULL,'2024-12-10 13:54:16'),('T2024027','teacher27','$2a$10$CZbv5Wo0tvEWVf6XGFgju.MVl0cebBK/JAHNfdzUV5SmX/nIiRjUa','teacher','TT2024027',NULL,0,'黄强','female','计算机科学与技术学院',NULL,'助教','teacher27@test.com','13979349941','黄强的个人简介','2024-12-13 14:51:39','active',NULL,NULL,NULL,'2024-12-10 13:54:16'),('T2024028','teacher28','$2a$10$CZbv5Wo0tvEWVf6XGFgju.MVl0cebBK/JAHNfdzUV5SmX/nIiRjUa','teacher','TT2024028',NULL,0,'周磊','female','人工智能学院',NULL,'教授','teacher28@test.com','13987596967','周磊的个人简介','2024-12-13 14:51:39','active',NULL,NULL,NULL,'2024-12-10 13:54:16'),('T2024029','teacher29','$2a$10$CZbv5Wo0tvEWVf6XGFgju.MVl0cebBK/JAHNfdzUV5SmX/nIiRjUa','teacher','TT2024029',NULL,0,'吴洋','male','人工智能学院',NULL,'副教授','teacher29@test.com','13990699070','吴洋的个人简介','2024-12-13 14:51:39','active',NULL,NULL,NULL,'2024-12-10 13:54:16'),('T2024030','teacher30','$2a$10$CZbv5Wo0tvEWVf6XGFgju.MVl0cebBK/JAHNfdzUV5SmX/nIiRjUa','teacher','TT2024030',NULL,0,'张伟','male','计算机科学与技术学院',NULL,'讲师','teacher30@test.com','13959424910','张伟的个人简介','2024-12-13 14:51:39','active',NULL,NULL,NULL,'2024-12-10 13:54:16'),('U1734018715169729','sgd','$2a$10$wXu30YONzJoc7E6FMvlvXeg8vKvI1AYrhR0eSL2gXX7cvg6c5VhuK','guest',NULL,NULL,0,'fg4s3','male','sddgd65',NULL,'fgb\'d','afss@qq.com','15376959676','fg4s3的个人简介','2024-12-13 14:51:39','active',NULL,NULL,NULL,'2024-12-12 15:51:55'),('U17357773284066','asukfyh','$2a$10$AMOimGE16ebj0Wg5CN67iudxbznrz7I56vLq.NRQarC9JOIwnHXpa','guest',NULL,NULL,0,'safkrhgilae','male','计算机科学与技术学院',NULL,'无','liaguahgr@qq.com','15376959676','fasliuglialgar','2025-01-02 00:22:08','active',NULL,NULL,NULL,'2025-01-02 00:22:08');
/*!40000 ALTER TABLE `users` ENABLE KEYS */;
UNLOCK TABLES;
/*!50003 DROP PROCEDURE IF EXISTS `process_next_stages` */;
/*!50003 SET @saved_cs_client      = @@character_set_client */ ;
/*!50003 SET @saved_cs_results     = @@character_set_results */ ;
/*!50003 SET @saved_col_connection = @@collation_connection */ ;
/*!50003 SET character_set_client  = utf8mb4 */ ;
/*!50003 SET character_set_results = utf8mb4 */ ;
/*!50003 SET collation_connection  = utf8mb4_0900_ai_ci */ ;
/*!50003 SET @saved_sql_mode       = @@sql_mode */ ;
/*!50003 SET sql_mode              = 'ONLY_FULL_GROUP_BY,STRICT_TRANS_TABLES,NO_ZERO_IN_DATE,NO_ZERO_DATE,ERROR_FOR_DIVISION_BY_ZERO,NO_ENGINE_SUBSTITUTION' */ ;
DELIMITER ;;
CREATE DEFINER=`root`@`localhost` PROCEDURE `process_next_stages`()
BEGIN
    DECLARE done INT DEFAULT FALSE;
    DECLARE v_id INT;
    DECLARE v_student_id VARCHAR(50);
    DECLARE v_next_stage_type VARCHAR(50);

    -- 声明游标
    DECLARE cur CURSOR FOR
        SELECT id, student_id, next_stage_type
        FROM next_stage_queue
        WHERE processed = FALSE;
    DECLARE CONTINUE HANDLER FOR NOT FOUND SET done = TRUE;

    -- 开启事务
    START TRANSACTION;

    OPEN cur;

    read_loop: LOOP
        FETCH cur INTO v_id, v_student_id, v_next_stage_type;
        IF done THEN
            LEAVE read_loop;
        END IF;

        -- 插入下一阶段记录
        INSERT INTO progress_records (student_id, stage_type, status)
        VALUES (v_student_id, v_next_stage_type, 'in_progress');

        -- 标记为已处理
        UPDATE next_stage_queue SET processed = TRUE WHERE id = v_id;
    END LOOP;

    CLOSE cur;

    -- 提交事务
    COMMIT;

    -- 清理已处理的旧记录（可选）
    DELETE FROM next_stage_queue
    WHERE processed = TRUE
    AND created_at < DATE_SUB(NOW(), INTERVAL 1 DAY);
END ;;
DELIMITER ;
/*!50003 SET sql_mode              = @saved_sql_mode */ ;
/*!50003 SET character_set_client  = @saved_cs_client */ ;
/*!50003 SET character_set_results = @saved_cs_results */ ;
/*!50003 SET collation_connection  = @saved_col_connection */ ;
/*!50003 DROP PROCEDURE IF EXISTS `process_progress_queue` */;
/*!50003 SET @saved_cs_client      = @@character_set_client */ ;
/*!50003 SET @saved_cs_results     = @@character_set_results */ ;
/*!50003 SET @saved_col_connection = @@collation_connection */ ;
/*!50003 SET character_set_client  = utf8mb4 */ ;
/*!50003 SET character_set_results = utf8mb4 */ ;
/*!50003 SET collation_connection  = utf8mb4_0900_ai_ci */ ;
/*!50003 SET @saved_sql_mode       = @@sql_mode */ ;
/*!50003 SET sql_mode              = 'ONLY_FULL_GROUP_BY,STRICT_TRANS_TABLES,NO_ZERO_IN_DATE,NO_ZERO_DATE,ERROR_FOR_DIVISION_BY_ZERO,NO_ENGINE_SUBSTITUTION' */ ;
DELIMITER ;;
CREATE DEFINER=`root`@`localhost` PROCEDURE `process_progress_queue`()
BEGIN
    DECLARE done INT DEFAULT FALSE;
    DECLARE v_student_id VARCHAR(50);
    DECLARE v_next_stage_type VARCHAR(50);
    DECLARE cur CURSOR FOR
        SELECT student_id, next_stage_type
        FROM progress_stage_queue
        ORDER BY created_at;
    DECLARE CONTINUE HANDLER FOR NOT FOUND SET done = TRUE;

    OPEN cur;
    read_loop: LOOP
        FETCH cur INTO v_student_id, v_next_stage_type;
        IF done THEN
            LEAVE read_loop;
        END IF;

        INSERT INTO progress_records (student_id, stage_type, status, created_at)
        VALUES (v_student_id, v_next_stage_type, 'in_progress', NOW())
        ON DUPLICATE KEY UPDATE
            status = 'in_progress',
            updated_at = NOW();

        DELETE FROM progress_stage_queue
        WHERE student_id = v_student_id
        AND next_stage_type = v_next_stage_type;
    END LOOP;
    CLOSE cur;
END ;;
DELIMITER ;
/*!50003 SET sql_mode              = @saved_sql_mode */ ;
/*!50003 SET character_set_client  = @saved_cs_client */ ;
/*!50003 SET character_set_results = @saved_cs_results */ ;
/*!50003 SET collation_connection  = @saved_col_connection */ ;
/*!50003 DROP PROCEDURE IF EXISTS `sync_thesis_submission` */;
/*!50003 SET @saved_cs_client      = @@character_set_client */ ;
/*!50003 SET @saved_cs_results     = @@character_set_results */ ;
/*!50003 SET @saved_col_connection = @@collation_connection */ ;
/*!50003 SET character_set_client  = utf8mb4 */ ;
/*!50003 SET character_set_results = utf8mb4 */ ;
/*!50003 SET collation_connection  = utf8mb4_0900_ai_ci */ ;
/*!50003 SET @saved_sql_mode       = @@sql_mode */ ;
/*!50003 SET sql_mode              = 'ONLY_FULL_GROUP_BY,STRICT_TRANS_TABLES,NO_ZERO_IN_DATE,NO_ZERO_DATE,ERROR_FOR_DIVISION_BY_ZERO,NO_ENGINE_SUBSTITUTION' */ ;
DELIMITER ;;
CREATE DEFINER=`root`@`localhost` PROCEDURE `sync_thesis_submission`(
    IN p_student_id VARCHAR(50),
    IN p_stage_type VARCHAR(20),
    IN p_status VARCHAR(20),
    IN p_file_url VARCHAR(255),
    IN p_submit_time DATETIME,
    IN p_review_time DATETIME,
    IN p_teacher_comment TEXT,
    IN p_is_update BOOLEAN,
    IN p_old_status VARCHAR(20),
    IN p_old_file_url VARCHAR(255)
)
BEGIN
    DECLARE v_advisor_id VARCHAR(20);

    -- 只处理论文提交阶段的记录
    IF p_stage_type = 'thesis_submit' THEN
        -- 获取指导教师ID
        SELECT t.teacher_id INTO v_advisor_id
        FROM topic_selections ts
        JOIN topics t ON ts.topic_id = t.topic_id
        WHERE ts.student_id = p_student_id
        AND ts.final_status = 'approved'
        LIMIT 1;

        -- 检查是否已存在该学生的论文提交记录
        IF EXISTS (SELECT 1 FROM thesis_submissions WHERE student_id = p_student_id) THEN
            -- 如果存在则更新
            UPDATE thesis_submissions
            SET
                file_url = CASE
                    WHEN p_file_url IS NOT NULL AND (
                        p_is_update = FALSE OR
                        (p_is_update = TRUE AND p_file_url != p_old_file_url)
                    ) THEN p_file_url
                    ELSE file_url
                END,
                version = CASE
                    WHEN p_is_update = FALSE OR
                         (p_file_url != p_old_file_url OR p_status != p_old_status)
                    THEN version + 1
                    ELSE version
                END,
                status = CASE
                    WHEN p_is_update = FALSE OR p_status != p_old_status THEN
                        CASE p_status
                            WHEN 'reviewing' THEN 'advisor_reviewing'
                            WHEN 'revision_needed' THEN 'advisor_rejected'
                            WHEN 'completed' THEN 'advisor_approved'
                            WHEN 'in_progress' THEN 'submitted'
                            ELSE 'submitted'
                        END
                    ELSE status
                END,
                advisor_review_status = CASE
                    WHEN p_is_update = FALSE OR p_status != p_old_status THEN
                        CASE p_status
                            WHEN 'completed' THEN 'approved'
                            WHEN 'reviewing' THEN 'reviewing'
                            WHEN 'revision_needed' THEN 'rejected'
                            ELSE advisor_review_status
                        END
                    ELSE advisor_review_status
                END,
                advisor_review_time = CASE
                    WHEN p_is_update = FALSE OR p_review_time != advisor_review_time
                    THEN p_review_time
                    ELSE advisor_review_time
                END,
                advisor_review_comments = CASE
                    WHEN p_is_update = FALSE OR p_teacher_comment != advisor_review_comments
                    THEN p_teacher_comment
                    ELSE advisor_review_comments
                END,
                submit_time = CASE
                    WHEN p_is_update = FALSE OR p_submit_time != submit_time
                    THEN p_submit_time
                    ELSE submit_time
                END,
                advisor_id = COALESCE(advisor_id, v_advisor_id),
                updated_at = CURRENT_TIMESTAMP
            WHERE student_id = p_student_id;
        ELSE
            -- 插入新记录
            INSERT INTO thesis_submissions (
                student_id,
                advisor_id,
                version,
                file_url,
                title,
                status,
                advisor_review_status,
                advisor_review_time,
                advisor_review_comments,
                submit_time,
                created_at,
                updated_at
            ) VALUES (
                p_student_id,
                v_advisor_id,
                1,
                p_file_url,
                '论文题目待更新',
                CASE p_status
                    WHEN 'reviewing' THEN 'advisor_reviewing'
                    WHEN 'revision_needed' THEN 'advisor_rejected'
                    WHEN 'completed' THEN 'advisor_approved'
                    WHEN 'in_progress' THEN 'submitted'
                    ELSE 'submitted'
                END,
                CASE p_status
                    WHEN 'completed' THEN 'approved'
                    WHEN 'reviewing' THEN 'reviewing'
                    WHEN 'revision_needed' THEN 'rejected'
                    ELSE 'pending'
                END,
                p_review_time,
                p_teacher_comment,
                COALESCE(p_submit_time, CURRENT_TIMESTAMP),
                CURRENT_TIMESTAMP,
                CURRENT_TIMESTAMP
            );
        END IF;
    END IF;
END ;;
DELIMITER ;
/*!50003 SET sql_mode              = @saved_sql_mode */ ;
/*!50003 SET character_set_client  = @saved_cs_client */ ;
/*!50003 SET character_set_results = @saved_cs_results */ ;
/*!50003 SET collation_connection  = @saved_col_connection */ ;
/*!40103 SET TIME_ZONE=@OLD_TIME_ZONE */;

/*!40101 SET SQL_MODE=@OLD_SQL_MODE */;
/*!40014 SET FOREIGN_KEY_CHECKS=@OLD_FOREIGN_KEY_CHECKS */;
/*!40014 SET UNIQUE_CHECKS=@OLD_UNIQUE_CHECKS */;
/*!40101 SET CHARACTER_SET_CLIENT=@OLD_CHARACTER_SET_CLIENT */;
/*!40101 SET CHARACTER_SET_RESULTS=@OLD_CHARACTER_SET_RESULTS */;
/*!40101 SET COLLATION_CONNECTION=@OLD_COLLATION_CONNECTION */;
/*!40111 SET SQL_NOTES=@OLD_SQL_NOTES */;

